start	end	protResidue	A	C	D	E	F	G	H	I	K	L	M	N	P	Q	R	S	T	V	W	Y
22588	22591	342	-0.03	-0.09	0.03	0	-0.1	-0.04	-0.02	-0.07	-0.01	-0.05	-0.02	0	-0.03	0.01	-0.02	-0.03	0.06	-0.04	-0.16	-0.06
22591	22594	343	0	-0.09	-0.02	0.08	-0.22	-0.08	0.04	0	-0.05	0	0	0	0.06	-0.02	0	-0.04	-0.03	0	-0.03	-0.03
22594	22597	344	-0.01	-0.14	-0.01	-0.15	-0.15	-0.07	-0.07	-0.06	-0.01	-0.01	-0.02	-0.06	0.03	0.02	0	-0.08	0	-0.05	-0.21	-0.07
22597	22600	345	-0.03	-0.11	0.07	0.01	-0.22	-0.03	-0.02	-0.2	-0.03	-0.2	-0.05	0	-0.18	0.01	0	-0.06	-0.04	-0.07	-0.24	-0.09
22600	22603	346	0.04	-0.11	0	0.06	-0.03	-0.08	-0.03	-0.02	-0.03	0	0.01	0.03	0.06	-0.02	-0.01	0.01	0.02	-0.08	-0.05	-0.02
22603	22606	347	-0.69	0	-0.48	-0.61	-0.57	-0.65	-0.71	-0.75	-0.93	-0.81	-0.75	-0.51	-0.93	-0.68	-0.99	-0.65	-0.58	-0.62	-0.81	-0.7
22606	22609	348	-0.09	-0.18	0.06	-0.01	-0.45	-0.15	-0.09	-0.54	-0.05	-0.27	-0.19	-0.03	0	-0.21	-0.14	-0.1	-0.13	-0.4	-0.4	-0.26
22609	22612	349	-0.97	-0.95	-1.11	-1.04	0	-1.08	-0.97	-0.15	-1.49	-0.03	-0.15	-1.13	-0.93	-1.04	-1.66	-1.03	-0.93	-0.55	0.04	-0.05
22612	22615	350	0	-0.37	0.06	-0.03	-0.11	0	0.01	-0.21	-0.11	-0.22	-0.15	0.02	-0.14	-0.05	-0.1	0.02	-0.05	-0.18	-0.09	-0.03
22615	22618	351	-0.09	-0.44	0.01	0	-0.64	-0.27	-0.27	-0.39	-0.11	-0.21	-0.18	-0.23	-0.21	-0.05	-0.28	-0.1	-0.18	-0.26	-0.63	-0.55
22618	22621	352	-0.86	-0.88	-0.94	-0.97	-0.51	-1.06	-0.99	0.02	-1.67	-0.15	-0.52	-1.02	-0.93	-0.97	-1.37	-0.87	-0.59	0	-0.47	-0.65
22621	22624	353	-0.99	-1.01	-1.55	-1.51	0	-1.41	-1.54	-0.15	-1.07	-0.28	-0.3	-1.6	-1.79	-1.35	-1.22	-1.34	-0.78	-0.38	-0.73	-0.89
22624	22627	354	-0.38	-0.76	-0.37	-0.25	-0.45	-0.2	-0.31	-0.96	-0.31	-0.58	-0.49	0	-1.47	-0.29	-0.42	-0.32	-0.35	-0.82	-0.5	-0.46
22627	22630	355	0	-0.4	-0.41	-0.26	-0.83	-0.32	-0.46	-0.41	-0.1	-0.62	-0.43	-0.14	-0.74	-0.1	-0.17	-0.14	-0.37	-0.46	-0.92	-0.81
22630	22633	356	-0.12	-0.64	-0.12	-0.09	-0.58	-0.35	-0.26	-0.42	-0.07	-0.25	-0.37	-0.21	-0.06	-0.15	-0.13	-0.02	0	-0.28	-0.62	-0.48
22633	22636	357	-0.02	-0.12	0.01	0	-0.02	-0.11	0.08	-0.01	-0.01	-0.04	-0.02	0.03	-0.38	-0.01	0	0.04	0.06	0.06	-0.06	0.07
22636	22639	358	-0.87	-1	-3.13	-1.47	0	-0.98	-0.72	-0.79	-1.6	-0.87	-0.43	-2.15	-0.75	-1.04	-1.17	-0.89	-1.08	-0.72	0	-0.32
22639	22642	359	0	-0.26	-0.07	-0.13	-0.29	-0.1	0	-0.99	-0.23	-0.63	-0.3	0	-0.06	-0.12	-0.24	0.01	-0.18	-0.49	-0.46	-0.1
22642	22645	360	-0.34	-0.12	-0.5	-1.15	-2.03	-0.59	-0.72	-4.25	-0.87	-1.91	-0.87	-0.26	-0.11	-0.83	-0.96	0	-0.76	-1.92	-1.9	-1.8
22645	22648	361	-0.4	-1.48	-4.8	-4.59	-4.84	-1.9	-4.8	-0.23	-4.8	-1.69	-3.54	-2.44	-0.22	-4.1	-4.8	-0.94	-0.8	0	-4.71	-4.14
22648	22651	362	-0.87	-0.6	-2.72	-1.5	-0.08	-1.65	-0.27	-0.79	-2.5	-0.92	-0.58	-0.77	-0.81	-1.01	-2.97	-0.71	-0.82	-0.29	-0.19	0
22651	22654	363	0	-0.11	-0.03	-0.03	-0.29	-0.19	-0.06	-0.49	-0.08	-0.31	-0.02	-0.04	-3.21	-0.03	-0.05	-0.06	-0.27	-0.52	-0.44	-0.14
22654	22657	364	-1.34	-1.22	-2.39	-1.83	-0.08	-2.17	-0.95	-2.65	-2.46	-2.15	-1.68	-2.68	-0.62	-1.36	-1.62	-0.98	-2.75	-1.26	0	-0.28
22657	22660	365	-0.04	-0.29	-0.04	0	-0.57	-0.06	-0.07	-0.39	0.03	-0.56	-0.23	0	-0.9	0	0.05	0.04	0.02	-0.16	-1.05	-0.38
22660	22663	366	-1.54	-1.88	-3.89	-1.27	-3.01	-2.15	-0.38	-3.34	-1.08	-4.33	-2.1	-1.38	-3.41	-0.85	0	-0.68	-0.64	-2.38	-1.98	-3
22663	22666	367	-0.14	-0.2	-0.39	-0.21	-0.15	-0.9	-0.14	-0.04	0	-0.07	-0.02	-0.28	-4.2	-0.12	0.03	-0.15	0.04	0.01	-0.42	-0.12
22666	22669	368	-0.01	-0.04	-0.06	0.01	-0.14	-0.42	-0.08	-0.04	0.05	-0.06	-0.07	-0.03	-0.19	-0.05	0	-0.06	-0.07	0.01	-0.15	-0.06
22669	22672	369	-0.7	-0.41	-1.81	-1.08	0.1	-0.74	-0.64	0	-1.25	0	-0.01	-0.91	-2.18	-0.93	-1.3	-0.78	-0.83	-0.14	0.07	-0.01
22672	22675	370	-0.02	-0.05	-0.01	-0.13	-0.08	-0.08	-0.01	-0.15	-0.06	-0.29	-0.16	0.04	-0.16	0.08	-0.03	0	-0.02	-0.07	-0.1	-0.08
22675	22678	371	-0.23	-0.27	-0.03	-0.13	-0.28	-0.01	-0.04	-0.71	-0.12	-0.59	-0.38	0	-0.04	-0.18	-0.19	-0.16	-0.35	-0.75	-0.25	-0.33
22678	22681	372	-0.59	0	-0.86	-0.58	-0.59	-0.72	-0.69	-0.66	-0.62	-0.7	-0.67	-0.59	-0.38	-0.57	-0.66	-0.61	-0.61	-0.58	-0.7	-0.64
22681	22684	373	-0.09	-0.09	-0.18	-0.05	-0.01	-0.21	-0.05	0.04	-0.02	-0.03	0.03	-0.1	-0.51	-0.03	0	-0.1	0.08	0	0	0
22684	22687	374	0	-0.09	-0.66	-0.47	-0.12	-0.13	-0.21	-0.25	-0.54	-0.06	-0.14	-0.43	-0.15	-0.02	-0.56	-0.19	-0.18	-0.13	0.06	-0.17
22687	22690	375	-0.62	-0.46	0	-0.3	-0.77	-0.62	-0.5	-0.69	-0.45	-0.91	-0.82	-0.22	-0.57	-0.46	-0.58	-0.39	-0.57	-0.64	-0.62	-0.55
22690	22693	376	-0.29	-0.45	-0.68	-0.61	0	-0.37	-0.55	-0.05	-0.6	0	0.03	-0.55	-0.38	-0.6	-0.61	-0.42	-0.33	-0.11	-0.01	0
22693	22696	377	-0.03	-0.38	0.05	0.02	-0.23	0	0.03	-0.09	0	-0.08	-0.02	0.08	-0.43	0.01	-0.01	0	-0.01	-0.05	-0.12	-0.23
22696	22699	378	0.11	-0.09	-0.05	0.02	0.07	-0.04	0.02	-0.03	0.05	0.02	0.04	0.02	-0.02	0.02	-0.04	0.02	-0.01	0	0.14	-0.02
22699	22702	379	-0.83	-0.97	-0.93	-0.99	-0.05	-1.03	-0.96	-0.04	-1.02	0	-0.16	-0.99	-0.96	-0.9	-1.01	-0.99	-0.9	-0.24	-0.4	-0.48
22702	22705	380	-0.01	-0.1	-0.17	-0.11	-0.08	-0.09	-0.07	0.04	-0.04	0.05	0.06	-0.09	-0.17	0.01	-0.03	-0.03	0.02	0	-0.05	0
22705	22708	381	-0.1	-0.48	-0.04	0	-0.23	-0.04	-0.03	-0.58	-0.04	-0.17	-0.12	0	-0.12	0.02	-0.05	-0.02	-0.02	-0.45	-0.27	-0.14
22708	22711	382	-0.09	-0.26	0.01	-0.05	-0.19	-0.1	-0.12	-0.17	-0.13	-0.14	-0.14	-0.05	-0.16	-0.1	-0.11	0	-0.03	-0.18	-0.11	-0.12
22711	22714	383	0	-0.18	-0.1	0.01	-0.09	0	-0.13	-0.13	-0.05	-0.17	-0.04	-0.2	-0.14	-0.08	0.03	-0.19	-0.16	-0.12	-0.1	-0.18
22714	22717	384	-0.03	-0.07	-0.04	-0.01	-0.02	-0.01	-0.01	-0.02	-0.04	-0.02	0.01	-1.06	-0.08	0.05	-0.01	0	0	-0.07	-0.04	-0.01
22717	22720	385	-0.29	-0.61	-0.24	-0.32	0	-0.24	-0.24	-0.15	-0.28	-0.25	-0.22	-0.92	-0.33	-0.32	-0.36	-0.35	-0.32	-0.32	-0.02	-0.06
22720	22723	386	-0.13	-0.5	-0.04	-0.11	-0.55	-0.2	-0.13	-0.69	-0.23	-0.6	-0.44	-0.13	-0.4	-0.03	-0.37	0	-0.06	-0.55	-0.53	-0.29
22723	22726	387	-0.26	-0.25	-0.98	-0.13	-0.12	-0.61	-0.02	-0.07	-0.08	-0.04	-0.06	-0.19	-1.01	-0.01	-0.12	-0.07	0	-0.06	-0.09	-0.09
22726	22729	388	-0.59	-0.4	-4.01	-2.12	0	-1.87	-0.62	-0.16	-0.71	-0.2	-0.7	-0.84	-0.81	-1.37	-0.64	-0.83	-0.44	-0.15	-0.07	-0.24
22729	22732	389	-0.1	-0.14	-0.03	-0.04	-0.5	-0.89	-0.17	-0.11	0	-0.06	-0.13	-0.02	-4.02	-0.01	0.08	-0.11	-0.16	-0.09	-0.6	-0.42
22732	22735	390	-1.44	0	-4.79	-4.06	-0.65	-4.51	-2.5	-1.24	-4.7	-0.97	-0.97	-3.32	-3.66	-2.98	-4.12	-1.61	-0.9	-0.84	-0.46	-1.05
22735	22738	391	-1.9	-1.37	-3.05	-1.8	-0.04	-4.12	-0.53	-0.73	-1.53	-1.53	-1.07	-1.49	-4.8	-1.42	-1.34	-1.17	-0.77	-0.95	-0.08	0
22738	22741	392	-0.52	-0.7	-0.55	-0.54	-0.81	0	-0.15	-0.86	-0.07	-0.65	-0.58	-0.02	-0.97	-0.12	-0.03	-0.27	-0.53	-0.7	-0.87	-0.79
22741	22744	393	-0.26	-0.06	-0.62	-0.52	-0.01	-0.68	-0.32	0	-0.52	-0.05	-0.14	-0.56	-0.42	-0.56	-0.86	-0.55	-0.11	0	-0.35	-0.14
22744	22747	394	-0.01	-0.14	0.02	0.09	-0.14	-0.13	-0.08	0.05	0.01	-0.07	-0.04	0	-0.08	-0.05	-0.06	0	0.06	-0.01	-0.2	-0.07
22747	22750	395	0.01	-0.16	-0.14	-0.02	0.02	-0.17	-0.03	0.02	0.04	0.01	-0.02	-0.18	0	0.03	0.03	-0.09	-0.05	0.03	0.03	-0.06
22750	22753	396	0	-0.26	-0.01	0.06	-0.01	-0.02	0.01	-0.04	-0.04	-0.01	0.01	0.01	-0.04	0.03	0.19	-0.01	0	-0.04	-0.03	0
22753	22756	397	-0.03	-0.18	-0.06	0.02	-0.22	-0.06	0.01	-0.08	0	-0.07	-0.05	0.04	-0.54	0.01	-0.06	0.04	-0.01	-0.08	-0.42	-0.13
22756	22759	398	-0.51	-0.64	-0.54	-0.52	-0.31	-0.56	-0.66	-0.17	-0.66	0	-0.13	-0.58	-0.64	-0.53	-0.7	-0.59	-0.56	-0.43	-0.26	-0.57
22759	22762	399	-0.07	-0.33	0.03	-0.09	-0.38	-0.06	-0.09	-0.29	-0.14	-0.27	-0.07	0	-0.04	-0.05	-0.07	-0.08	-0.14	-0.16	-0.34	-0.32
22762	22765	400	-0.1	-0.16	0	0.03	-0.12	-0.05	-0.03	-0.4	-0.07	-0.2	-0.15	-0.05	-0.46	-0.02	-0.08	0.04	-0.02	-0.29	-0.25	-0.04
22765	22768	401	-0.05	-0.07	-0.27	-0.04	-0.04	-0.09	-0.06	-0.06	-0.06	0	0.02	-0.09	-0.43	-0.07	-0.08	-0.12	-0.12	-0.1	-0.16	0.01
22768	22771	402	-0.08	0	-0.12	-0.07	-0.16	-0.15	-0.05	-0.13	-0.06	-0.12	-0.12	-0.07	-0.07	-0.02	-0.07	-0.09	-0.08	-0.09	-0.17	-0.13
22771	22774	403	-0.02	-0.04	-0.32	-0.36	0	-0.27	-0.11	-0.05	-0.34	-0.08	-0.08	-0.21	-0.03	-0.23	-0.4	-0.11	-0.01	0	0.02	0.02
22774	22777	404	0.03	-0.14	-0.06	-0.02	-0.21	-0.11	-0.07	-0.09	-0.03	-0.13	-0.14	-0.03	-0.16	-0.05	-0.05	0	0	-0.08	-0.37	-0.09
22777	22780	405	0.01	-0.1	-0.08	-0.02	-0.07	-0.08	0	-0.13	-0.1	-0.12	-0.05	0	-0.08	-0.06	-0.08	0.01	-0.04	-0.06	-0.08	-0.02
22780	22783	406	-0.16	-0.03	-3.52	-1.02	-0.19	-0.18	-0.59	0	-0.9	-0.03	0.04	-1.02	-2.03	-0.51	-0.55	-0.51	-0.36	0	-0.57	-0.53
22783	22786	407	-0.38	-0.23	-0.3	-0.52	-0.02	-1.08	-0.29	-0.05	-0.51	-0.12	-0.1	-0.07	-4.8	-0.24	-0.59	-0.38	-0.02	-0.06	-0.03	0
22786	22789	408	0	-0.13	-4.36	NA	-0.47	-1.07	-1.52	-0.29	NA	-0.06	NA	-4.48	-3.95	NA	-2.52	-0.7	-0.47	-0.15	NA	-0.67
22789	22792	409	-4.34	-4.53	0	-1.59	-1.72	-4.76	-0.85	-3.38	-4.8	-4.79	-1.39	-3.46	-4.54	-4.47	-4.8	-2.08	-1.23	-2.08	-2.88	-1.09
22792	22795	410	-0.37	-0.83	-1.33	-1.49	-0.45	-0.92	-2	-1.5	-0.97	-0.87	-0.35	-0.39	-3.93	-0.49	-0.62	0	-0.1	-1.26	-0.52	-0.3
22795	22798	411	-3.59	-4.61	-4.8	-4.34	0	-4.8	-3.84	-4.8	-4.72	-1.61	-0.66	-4.8	-4.78	-4.38	-4.8	-4.8	-4.8	-4.5	-4.77	-0.9
22798	22801	412	-0.66	-0.77	-4.37	-4.13	-3.38	-4.32	-4.63	-0.26	-4.76	-0.33	-0.64	-4.03	-4.8	-3.35	-4.8	-1.75	-0.37	0	-4.69	-4.8
22801	22804	413	-0.96	-0.18	-4.67	-3.37	-4.8	-4.8	-4.42	0	-4.71	-0.05	-0.91	-4.69	-4.65	-4.36	-3.42	-2.26	-0.55	0.01	-2.35	-4.53
22804	22807	414	-1.06	-1.51	-2.21	-2.11	-3.49	-1.7	-2.19	-1.73	-0.06	-1.4	-0.55	-1.47	-1.25	-0.72	0	-0.84	-0.69	-2.03	-2.82	-2.34
22807	22810	415	-0.93	-1.17	-2.46	-1.28	-1.97	0	-0.93	-2.78	-1.02	-2.29	-1.36	-1.47	-4.8	-1.02	-1.29	-1.02	-2.47	-2.56	-3.07	-1.39
22810	22813	416	-0.07	-0.28	0	-0.25	-0.02	-0.33	-0.15	-0.93	-0.2	-0.42	-0.08	-0.1	-1.45	-0.03	-0.11	0.01	-0.36	-0.6	-0.49	-0.28
22813	22816	417	-0.38	-0.83	-0.07	0	-0.9	-0.59	0	-2.12	-0.96	-1.4	-0.44	-0.56	-4.42	0.07	-2.01	-0.53	-0.68	-0.6	-0.57	-0.78
22816	22819	418	-0.86	-0.67	-4.8	-1.66	-1.09	-2.63	-3.09	-0.1	-1.15	-0.03	-0.33	-4.44	-4.3	-0.67	-0.76	-1.54	-0.56	0	-1.78	-1.48
22819	22822	419	-0.06	-0.09	-0.1	-0.16	-0.11	-0.08	-0.06	-0.09	0	-0.21	-0.1	-0.06	-0.06	-0.07	0	-0.06	-0.11	-0.14	-0.1	-0.14
22822	22825	420	-0.92	-0.43	-0.33	-0.15	-0.72	-1	-0.67	-1.86	-0.65	-0.75	-0.54	-0.65	-4.63	0	-0.78	-0.57	-0.67	-1.06	-0.9	-0.45
22825	22828	421	-4.62	-1.14	-3.39	-4.8	-3.27	-4.57	-4.55	0	-4.74	-0.36	-0.72	-3.6	-3.49	-4.21	-4.8	-4.8	-4.48	-0.11	-4.79	-4.18
22828	22831	422	0	-0.4	-0.69	-0.09	-0.81	-0.1	-0.55	-0.72	-0.33	-0.73	-0.29	-0.57	-4.5	-0.08	-0.18	-0.14	-0.52	-0.4	-0.3	-0.93
22831	22834	423	-1.07	-2.35	-3.12	-2.2	-3.87	-1.6	-2.32	-0.92	-0.95	-1.15	-1.32	-3.32	0	-1.57	-1.5	-1.5	-1.05	-0.66	-4.37	-4.47
22834	22837	424	-0.16	-0.06	-0.3	-0.2	-0.03	0	-0.06	-0.6	-0.13	-0.12	-0.07	-0.15	-4.65	-0.12	-0.08	-0.11	-0.47	-0.59	-0.41	-0.07
22837	22840	425	0.16	-0.16	-0.88	-0.06	-0.53	-0.01	-0.18	-0.1	-0.04	-0.26	0.04	-0.36	-1.01	0	-0.04	0	0.01	0.01	-0.8	-0.41
22840	22843	426	-0.04	-0.3	-0.21	-0.13	-0.12	-0.02	0.05	-0.1	0	-0.27	-0.09	-0.02	-0.29	-0.06	0.05	0.01	0	-0.09	-0.25	-0.09
22843	22846	427	-1.31	-2.36	-1.47	-2.01	-4.05	0	-1.56	-4.79	-2.22	-3.2	-2.03	-1.27	-4.4	-1.93	-2.89	-1.11	-2.02	-4.6	-3.21	-2.74
22846	22849	428	-0.35	-0.42	-1.04	-0.75	-0.13	-0.51	-0.17	-0.34	0	-0.31	-0.39	-0.45	-0.35	-0.62	-0.17	-0.46	-0.26	-0.32	-0.31	-0.08
22849	22852	429	-1.46	-1.05	-4.8	-4.8	-2.66	-4.55	-4.76	0	-4.64	-0.73	-0.76	-4.79	-4.73	-1.82	-4.76	-3.48	-0.85	-0.17	-4.44	-4.57
22852	22855	430	0	-0.27	-3.23	-3.75	-1.07	-0.8	-0.77	-0.73	-2.04	-2.28	-1.11	-0.91	-0.22	-1.15	-1.14	-0.1	-0.23	-0.49	-2.69	-0.86
22855	22858	431	-0.11	-0.27	0	-0.13	-0.32	-0.56	-0.29	-0.66	-0.05	-0.18	-0.14	-0.02	-4.55	-0.01	-0.05	-0.11	-0.26	-0.67	-0.3	-0.3
22858	22861	432	-0.68	-0.43	-1.72	-2.08	-0.02	-0.72	-0.6	-0.47	-0.52	-0.14	-0.39	-0.18	-4.76	-0.76	-0.63	-0.76	-1.18	-0.63	-0.61	0
22861	22864	433	-1.36	-2.45	-2.64	-4.8	-4.8	-2.48	-4.8	-4.77	-4.73	-4.8	-4.34	0	-4.59	-3.9	-4.77	-0.75	-4.53	-4.8	-4.8	-4.62
22864	22867	434	-4.8	-4.57	-4.7	-4.53	-0.58	-4.72	-4.26	-2.16	-4.7	-3.11	-2.77	-4.77	-4.78	-4.44	-4.79	-4.79	-4.75	-4.43	-4.52	0
22867	22870	435	-0.21	-0.52	-1.75	-2.56	-0.9	-0.75	-0.08	-2.03	0	-1.11	-0.68	-0.3	-1.77	-0.56	-0.07	-0.77	-4.8	-0.89	-4.31	-0.82
22870	22873	436	-3.04	-0.74	-4.8	-4.8	-1.38	-4.75	-4.8	-0.04	-4.8	0	-0.18	-4.14	-3.46	-4.79	-4.6	-4.52	-0.83	-0.04	-4.8	-4.63
22873	22876	437	-0.18	-0.7	-0.48	-0.79	-1.6	-0.29	-0.68	-1.75	-0.58	-1.38	-0.93	-0.37	0	-0.78	-0.63	-0.22	-0.57	-1.1	-1.77	-1.58
22876	22879	438	0.04	-0.27	0	0.02	-0.13	-0.05	0	-0.06	-0.04	0	-0.04	0	-0.03	-0.35	-0.02	-0.06	-0.08	-0.03	-0.13	-0.09
22879	22882	439	-0.13	-0.38	0	-0.06	-0.31	-0.12	-0.07	-0.26	-0.04	-0.28	-0.21	0.01	-0.09	-0.12	-0.12	-0.08	-0.07	-0.21	-0.24	-0.18
22882	22885	440	-3.83	-3.17	-4.77	-4.73	0	-4.8	-0.86	-0.9	-4.64	-0.69	-0.73	-4.74	-4.47	-4.41	-4.49	-4.79	-3.32	-0.93	-0.11	-0.54
22885	22888	441	-0.17	0	-0.56	-0.42	0.03	-0.68	-0.02	0.03	0.03	0.01	0.03	-0.12	-2.11	-0.07	0	-0.15	0	-0.06	-0.18	0
22888	22891	442	-4.8	-2.77	-4.72	-4.8	-4.7	0	-4.8	-4.8	-4.8	-4.56	-4.61	-4.69	-4.8	-4.67	-4.79	-4.46	-4.6	-4.71	-4.8	-4.56
22891	22894	443	-1.88	0	-4.71	-3.87	-0.89	-4.8	-4.55	-0.47	-3.88	-0.73	-0.77	-4.29	-4.63	-4.8	-4.8	-4.5	-4.45	-0.72	-1.51	-2.42
22894	22897	444	-1.58	-1.77	-4.77	-4.52	-4.62	-4.78	-4.77	-0.12	-4.79	-1.56	-1.33	-4.57	-4.8	-4.8	-4.48	-4.36	-0.71	0	-4.74	-4.48
22897	22900	445	-0.3	-0.22	-3.68	-4.66	0.03	-0.93	-0.6	0	-2.18	-0.05	-0.08	-2.93	-4.45	-1.13	-4.23	-0.69	-0.36	-0.07	-0.04	-0.01
22900	22903	446	0	-0.63	-3.23	-3.36	-0.89	-0.36	-0.94	-0.75	-1.97	-1.53	-0.67	-1.13	-4.18	-1.23	-2.76	-0.07	-0.17	-0.61	-0.52	-0.5
22903	22906	447	-0.75	-1	-2.86	-1.37	-0.39	-1.29	-0.89	-0.76	-0.67	-0.78	-0.56	-1.49	-4.59	-0.66	-0.62	-0.66	-0.72	-0.85	0	-0.49
22906	22909	448	-0.55	-0.42	-1.48	-0.96	-4.24	-0.56	-1.89	-2.21	-0.78	-2.15	-1.62	0	-0.36	-0.75	-0.75	-0.51	-1.23	-1.46	-2.96	-3.62
22909	22912	449	-0.01	-0.38	-2.26	-2.21	-2.79	-0.65	-2.44	-2.39	-2.39	-3.43	-1.42	-1.41	-4.61	-1.39	-1.27	0	-0.1	-0.76	-2.99	-2.56
22912	22915	450	-0.17	-0.12	-1.15	-2.66	-1.14	-0.5	-0.75	-0.25	0.04	-0.06	-0.25	0	-2.39	-0.45	-0.03	-1.22	-1.08	-0.04	-0.58	-1.2
22915	22918	451	0.01	-0.15	-0.02	-0.04	-0.03	-0.01	0.02	-0.09	0.07	-0.07	0	0	-0.05	-0.08	-0.03	0.04	-0.02	-0.02	-0.11	-0.07
22918	22921	452	-0.11	-0.18	-0.03	-0.03	-0.07	-0.32	-0.12	0.02	-0.01	0	-0.03	-0.33	-0.48	-0.03	-0.13	-0.63	-0.88	0.03	-0.05	-0.14
22921	22924	453	-2.8	-2.61	0	-1.23	-2.7	-3.7	-2.59	-0.65	-4.22	-1.48	-2.41	-2.8	-4.67	-4.14	-4.11	-2.64	-2.42	-1.42	-4.8	-2.48
22924	22927	454	-0.27	-1.36	-2.06	-2.52	-2.29	-0.57	-1.97	-2.37	-2.12	-2.37	-2.16	-2.18	-2.46	-2.14	-2.18	0	-1.14	-1.97	-2.39	-2.17
22927	22930	455	-0.01	-0.14	-0.18	-0.07	-0.13	-0.76	-0.05	-0.1	0	-0.1	-0.04	-0.12	-1.14	0.01	-0.06	-0.09	-0.03	-0.1	-0.05	-0.08
22930	22933	456	-0.04	-0.8	-0.16	-0.18	-0.1	-0.29	-0.02	-0.01	0.02	-0.03	-0.14	-0.06	0.03	-0.04	-0.01	-0.1	-0.02	0	-0.03	-0.14
22933	22936	457	-0.26	-0.97	-0.2	-0.12	-0.31	0	-0.28	-0.26	-0.09	-0.28	-0.23	-0.11	-0.26	-0.17	-0.16	-0.2	-0.19	-0.27	-0.2	-0.34
22936	22939	458	-1.18	-1.78	-1.76	-1.63	-1.68	0	-1.87	-1.55	-1.54	-1.54	-1.53	-1.47	-1.81	-1.59	-1.57	-1.24	-1.4	-1.52	-1.74	-1.59
22939	22942	459	-0.56	-0.91	-0.67	-0.39	-1.15	-0.91	-0.88	-1.42	-1.18	-1.29	-0.77	0	-1.65	-0.42	-1.05	-0.89	-0.77	-0.87	-1.31	-0.68
22942	22945	460	-1.3	-1.73	-1.55	-1.57	-1.08	-1.28	-1.22	-1.44	-0.98	-1.51	-1.37	-1.22	-1.41	-1.22	-0.69	-1.25	-1.16	-1.36	-1.43	0
22945	22948	461	0	-0.33	-0.02	-0.11	-0.26	-0.05	-0.08	-0.18	0.04	-0.14	-0.02	0	-1.56	0.02	-0.06	-0.07	-1.11	-0.18	-0.16	-0.13
22948	22951	462	-0.84	-0.64	-2.54	-1.46	-0.09	-2.37	-0.11	-0.44	-0.7	-0.29	-0.34	-0.58	-1.25	-0.13	-1.23	-0.83	-1.24	-0.79	-0.85	0
22951	22954	463	0.05	-0.06	-0.16	0.02	-0.01	0.02	0	0	0.09	0	0.06	0.01	-1.43	0.07	0.02	0.03	0.03	0.02	-0.06	-0.07
22954	22957	464	-0.27	-0.26	-3.49	-1.18	0.25	-0.92	-0.07	-0.53	0.08	-0.17	-0.05	-0.82	-4.8	-0.37	-0.3	-0.21	-0.55	-0.11	-0.16	0
22957	22960	465	-3.04	-4.8	-4.6	-4.39	-4.7	-4.72	-4.74	-4.39	-1.12	-4.73	-4.56	-4.14	-4.8	-4.8	0	-4.32	-4.41	-4.77	-3.9	-4.06
22960	22963	466	-0.47	-0.71	-2.25	-2.05	-0.19	-0.54	-0.76	-0.01	-1.99	0	0.05	-0.8	-0.95	-0.63	-1.6	-0.78	-0.78	-0.73	-0.27	-1.5
22963	22966	467	-2.17	-1.2	-4.55	-2.45	0	-2.22	-0.69	-1.21	-1.38	-0.11	-0.22	-2.38	-2.69	-2.07	-2.08	-2.42	-1.65	-0.61	-1.01	-1.5
22966	22969	468	-0.45	-2.15	-2.15	-2.78	-3.05	-0.65	-0.66	-2.82	-0.32	-1.65	-1.02	-0.91	-3.97	-1.32	0	-0.56	-1.86	-3.49	-4.11	-3.37
22969	22972	469	-0.01	-0.16	0.09	0.06	-0.11	-0.07	0	-0.16	0	-0.12	-0.04	-0.12	0.03	0	-0.01	-0.04	0	-0.06	-0.24	-0.09
22972	22975	470	-0.03	-0.14	0.01	0.01	-0.1	0.05	-0.02	-0.09	-0.02	-0.21	-0.1	0.03	-0.22	-0.03	-0.01	0	0.01	0	-0.21	-0.09
22975	22978	471	0.03	-0.07	-0.06	-0.03	-0.09	-0.09	0.02	0.02	0.09	-0.05	-0.04	0	-0.01	0.02	0.06	-0.08	-0.16	0.05	-0.29	-0.04
22978	22981	472	-1	-0.63	-4.8	-4.12	-0.88	-3.34	-2.22	-0.01	-3.78	0	-0.22	-0.98	-3.7	-2.11	-4.8	-1.31	-0.75	-0.04	-4.56	-1.14
22981	22984	473	-0.07	-0.11	-0.08	-0.01	-0.09	-0.06	-0.24	-0.13	0	-0.07	-0.04	-0.08	-0.34	-0.02	-0.05	-0.09	-0.05	-0.08	-0.21	-0.08
22984	22987	474	-0.07	-0.57	-0.47	-0.32	-0.53	-0.2	-0.53	-0.74	-0.63	-0.84	-0.71	-0.53	0	-0.44	-0.75	-0.2	-0.59	-0.6	-0.57	-0.56
22987	22990	475	-0.16	-0.29	-0.39	-0.29	0	-0.02	-0.07	-0.66	-0.51	-0.12	-0.06	-0.11	-2.14	-0.12	-0.23	-0.18	-0.35	-0.57	-0.1	-0.04
22990	22993	476	-0.18	-0.44	-0.12	0	-0.64	-0.11	-0.23	-0.66	-0.51	-0.68	-0.29	-0.39	-4.41	-0.02	-0.6	-0.29	-0.13	-0.45	-0.69	-0.65
22993	22996	477	-0.6	-0.38	-1.21	-0.74	-0.74	-0.97	-0.2	-0.35	-0.03	-0.36	-0.25	-0.63	-1.26	-0.08	0	-0.46	-0.52	-0.41	-0.58	-0.58
22996	22999	478	-1.29	-0.84	0	-0.8	-1.36	-1.55	-1.2	-1.59	-4.03	-2.71	-2.27	-1.14	-3.73	-1.6	-3.95	-0.92	-1.63	-1.09	-2.67	-1.54
22999	23002	479	-0.11	-0.09	-0.08	-0.11	-0.19	-0.21	-0.18	0	-0.06	-0.04	0.07	-0.03	-0.22	0	-0.12	-0.07	-0.14	-0.03	-0.3	-0.21
23002	23005	480	-0.06	-0.22	-0.03	-0.09	-0.65	-0.05	-0.37	-0.65	-0.15	-0.48	-0.29	-0.08	-2.57	-0.08	-0.15	0	0.03	-0.51	-0.81	-0.56
23005	23008	481	-0.04	-0.07	-0.07	0.01	-0.12	-0.12	-0.06	-0.09	-0.02	-0.09	-0.07	-0.02	-0.25	0.03	-0.03	-0.02	0	-0.09	-0.2	-0.07
23008	23011	482	-0.1	-0.41	0.01	0	-0.07	-0.08	-0.07	-0.15	-0.15	-0.18	-0.11	-0.03	-0.16	-0.06	-0.12	-0.04	-0.06	-0.06	-0.28	-0.14
23011	23014	483	-0.69	-0.95	-2.09	-1.34	-0.23	-2.17	-0.37	0	-0.99	-0.1	0.02	-1.11	-0.49	-0.59	-1.42	-1.04	-0.18	-0.38	-0.71	-0.23
23014	23017	484	-2.18	-2.1	-2.72	-1.86	-0.16	-2.74	-0.16	-1.23	-2.59	-0.65	-0.66	-2.23	-4.8	-1.95	-2.59	-2.13	-1.85	-1.2	-0.81	0
23017	23020	485	-0.06	-1.18	-0.14	-0.08	-0.93	-0.13	-0.18	-0.51	-0.12	-0.74	-0.18	-0.04	-0.16	0	-0.12	-0.13	-0.16	-0.28	-0.54	-0.65
23020	23023	486	0	-0.66	-2.01	-0.48	-1.38	-0.13	-1.98	-0.48	-1.06	-1.27	-0.38	-1.67	-1.62	-0.8	-0.86	-0.1	-0.36	-0.14	-2.26	-1.69
23023	23026	487	-0.26	-1.89	-0.54	-1.35	-1.22	0	-0.38	-2.31	-1.68	-2.51	-1.67	-0.84	-2.56	-1.12	-1.18	-0.02	-0.89	-1.96	-0.57	-0.98
23026	23029	488	-0.07	-0.44	0.09	-0.04	-0.05	-0.06	-0.02	-0.06	0.03	-0.02	-0.07	0.06	0.06	-0.01	-0.03	0	-0.01	-0.05	0.02	-0.02
23029	23032	489	-0.03	-0.25	-0.06	-0.07	-0.08	-0.12	-0.02	-0.04	0.02	-0.08	-0.02	-0.06	-0.31	0.01	-0.04	-0.01	0	-0.06	-0.11	-0.04
23032	23035	490	-0.02	-0.17	-0.03	0.02	-0.11	-0.04	-0.07	-0.13	-0.03	-0.06	-0.05	-0.05	0	-0.03	-0.06	-0.03	-0.1	-0.07	-0.29	-0.08
23035	23038	491	-3.45	0	-3.29	-3.59	-3.84	-3.44	-3.65	-3.81	-3.72	-3.86	-3.94	-3.47	-3.52	-3.8	-3.56	-3.38	-3.49	-3.35	-3.62	-3.55
23038	23041	492	-0.06	-0.17	-0.07	-0.08	-0.08	-0.08	-0.02	-0.19	0.01	-0.05	-0.02	0	-0.29	-0.04	0.02	-0.04	-0.11	-0.12	-0.09	-0.08
23041	23044	493	-0.08	-0.3	-0.02	-0.03	-0.23	0	-0.06	-0.57	-0.06	-0.19	-0.25	-0.02	-0.53	0.04	-0.1	-0.08	-0.21	-0.45	-0.36	-0.2
23044	23047	494	-0.03	-0.05	-0.02	-0.03	-0.01	-0.04	0	-0.03	0.05	0.06	-0.01	0.03	-0.7	0.05	0.05	-0.08	-0.17	0	-0.17	-0.05
23047	23050	495	-0.07	-0.52	-0.38	0	-1.43	-0.06	-0.55	-0.64	0.06	-0.71	-0.26	-0.08	-0.28	0.03	0.15	-0.02	0.05	-0.65	-0.78	-1.51
23050	23053	496	-0.19	-0.59	-0.58	-0.43	-0.8	0	-0.45	-0.66	-0.02	-0.64	-0.28	-0.43	-1.53	-0.11	-0.18	-0.2	-0.22	-0.67	-0.57	-0.7
23053	23056	497	-0.34	-1.2	-1.69	-1.63	0	-0.77	-0.42	-0.38	-0.62	-0.47	-0.53	-0.82	-0.18	-0.72	-0.38	-0.63	-0.71	-0.43	-0.23	-0.34
23056	23059	498	-1.74	-2.41	-1.08	-2.06	-2.29	-1.59	-1.87	-2.77	-2.3	-2.2	-2.12	0	-2.64	-2.09	-2.3	-1.51	-1.93	-2.47	-2.39	-2.3
23059	23062	499	-2.97	0	-4.54	-3.57	-4.75	-4.3	-3.61	-4.79	-2.93	-4.34	-3.61	-3.09	-4.78	-2.84	-2.84	-2.84	-3.34	-4.55	-4.61	-4.69
23062	23065	500	-2.46	-3.24	-3.37	-3.98	-0.95	-4.32	-0.66	-2.22	-4.33	-2.2	-1.98	-2.57	-2.26	-2.2	-3.79	-4.8	-4.61	-2.15	-0.68	0
23065	23068	501	0.03	-0.11	-0.08	-0.12	0	-0.08	-0.05	-0.16	0.09	-0.11	-0.03	0.02	-0.09	-0.02	0.01	0	-0.04	-0.08	-0.05	0.06
23068	23071	502	-0.45	-1.45	-2.34	-0.71	-4.75	-0.93	-3.76	-3.99	-4.39	-4.65	-2.02	-2.05	0	-1.34	-4.8	-0.57	-1.58	-1.77	-4.49	-4.8
23071	23074	503	-4.06	-0.77	-4.15	-3.08	-0.52	-4.17	-1.25	0.03	-1.52	0	-0.27	-1.21	-4.78	-1.19	-1.21	-3.32	-0.78	-0.17	-1.9	-1.16
23074	23077	504	0.13	-0.03	-1.57	-0.56	0.06	0.01	-0.01	-0.08	0.05	0.05	0.18	-0.21	-0.72	0	-0.09	-0.18	-0.08	0.05	-0.14	0.12
23077	23080	505	0.03	-0.11	-1.1	-0.07	-0.19	-0.34	0.06	-0.64	0.05	-0.35	-0.03	-0.02	0	-0.01	0.05	0	-0.01	-0.21	-0.25	-0.1
23080	23083	506	-2.35	-2.33	-2.61	-2.6	-0.5	-3.93	-1.1	-1.54	-2.14	-1.65	-0.87	-1.43	-2.67	-1.98	-1.59	-2.43	-2.14	-1.91	-0.82	0
23083	23086	507	-0.53	-1.42	-2.21	-2.33	-2.12	0	-1.52	-1.51	-1.65	-1.7	-1.62	-0.35	-2.1	-1.58	-1.63	-0.63	-1.46	-1.05	-1.63	-2
23086	23089	508	-4.8	-4.78	-4.63	-4.8	0	-3.84	-3.07	-4.8	-4.8	-2.05	-2.35	-4.42	-4.8	-4.75	-4.8	-4.8	-4.8	-4.73	-1.81	-0.59
23089	23092	509	-0.05	-1.41	-1.27	-0.98	0.15	-0.61	0.3	-1.48	-2.26	-1.58	-0.51	-0.5	-3.14	0	-0.06	-0.17	-0.67	-1.24	0.07	0.16
23092	23095	510	-0.47	-1.07	-0.92	-1.1	-0.41	-1.02	-0.47	-0.46	-0.12	-0.36	-0.46	-0.37	0	-0.59	-0.14	-0.23	-0.15	-0.37	-0.99	-0.36
23095	23098	511	-0.56	-1.6	-1.99	-1.14	-0.98	-0.93	-0.88	-2.3	-0.8	-1.52	-0.75	-1.2	-1.12	-0.44	-1.12	-0.32	0	-1.89	-0.43	-0.97
23098	23101	512	-0.06	-0.58	-2.42	-0.79	0.29	-0.94	0	-0.08	-2.79	-1.15	0	0	-1.95	-0.06	-2.08	-0.13	0.1	0.15	0.11	0.24
23101	23104	513	-2.8	-3.11	-4.16	-4.67	-4.8	0	-4.47	-4.66	-4.16	-4.8	-4.8	-4.38	-4.55	-4.68	-4.8	-2.7	-4.8	-4.8	-4.8	-4.8
23104	23107	514	-0.06	-0.06	-0.07	-0.2	-0.01	-0.16	-0.07	0.05	0.1	0.03	0.1	-0.08	-0.88	-0.01	0.01	-0.64	-1.08	0	-0.09	-0.01
23107	23110	515	-0.18	-0.9	-0.27	-0.64	-0.51	0	-0.49	-1.67	-0.42	-0.51	-0.36	-0.13	-0.3	-0.42	-0.38	-0.2	-0.45	-1.41	-0.47	-0.5
23110	23113	516	-2.43	-2.36	-3.07	-3.17	-0.15	-4.65	-0.71	-3.19	-2.71	-2.51	-2.32	-2	-4.09	-2.29	-2.47	-2.37	-3.46	-2.46	0.13	0
23113	23116	517	-1.45	-2.07	-2.64	-2.2	-2.78	-2.37	-0.84	-2.53	-1.46	-1.46	-0.57	-0.28	-4.8	0	-1.62	-1.57	-2.29	-2.32	-2.29	-2.86
23116	23119	518	-0.75	-2.31	-4.13	-4.8	-4.8	-3.07	-4.41	-4.68	-4.8	-4.8	-4.43	-4.8	0	-4.61	-4.8	-1.29	-4.45	-4.31	-4.61	-4.8
23119	23122	519	-0.4	-0.33	-3.08	-1.14	0.02	-4.7	0.07	-0.57	-1.23	-0.52	-0.18	-0.19	-4.68	-0.38	-0.77	-0.4	-0.27	-0.25	-0.17	0
23122	23125	520	-4.15	-3.7	-4.8	-4.8	-4.65	-4.8	-1	-3.76	-1.11	-4.74	-4.74	-4.7	-4.72	-3.21	0	-3.5	-2.06	-2.49	-4.8	-4.8
23125	23128	521	-0.83	-0.14	-4.8	-3.61	-1.77	-4.8	-3.88	-0.16	-4.56	-0.6	-0.53	-4.5	-4.53	-4.6	-4.39	-4.42	-0.47	0	-4.35	-4.6
23128	23131	522	-0.78	-0.65	-4.46	-4.04	-1.8	-4.8	-3.32	-0.4	-4.8	-0.83	-0.85	-3.81	-4.19	-2.99	-4.8	-3.42	-0.89	0	-3.2	-2.27
23131	23134	523	-0.72	-0.66	-1.6	-4.06	-4.79	-4.67	-4.24	-0.22	-4.33	-3.97	-4.34	-4.38	-3.68	-4.14	-4.8	-1.23	-0.71	0	-4.31	-4.15
23134	23137	524	-3.14	-1.94	-3.15	-2.52	-0.34	-4.8	-3.61	-0.13	-2.51	0	-0.17	-4.54	-4.76	-4.8	-4.6	-4.12	-1.9	-0.45	-1.95	-1.78
23137	23140	525	-0.09	-0.12	-0.47	-0.38	-0.23	-0.06	-0.01	-0.01	-0.11	-0.22	-0.17	-0.06	-2.52	-0.1	-0.23	0	0.01	-0.03	-0.02	-0.12
23140	23143	526	-0.65	-0.86	-2.93	-1.09	0	-0.39	-0.7	-0.38	-1.46	-0.17	-0.05	-1.89	-0.9	-0.32	-1.34	-1.09	-0.74	-0.42	-0.29	-0.22
23143	23146	527	-0.25	-0.36	-0.02	0	-0.46	-0.15	-0.08	-0.36	-0.15	-0.54	-0.32	-0.06	-0.24	-0.05	-0.11	-0.13	-0.13	-0.28	-0.08	-0.3
23146	23149	528	-0.08	-0.03	-0.02	-0.07	-0.02	-0.01	-0.05	-0.07	0.04	0	0.13	-0.04	-0.14	-0.01	0.06	0	0	-0.02	-0.11	-0.01
23149	23152	529	0.04	0	0.04	0	-0.06	0	-0.03	0	0	0	0	0.03	-0.09	0	-0.11	0.09	0	0.01	-0.06	-0.02
23152	23155	530	0.02	-0.13	0	0.02	-0.06	0	0	-0.13	-0.01	-0.06	-0.6	0.05	0.02	0	-0.06	0.05	0.02	0.01	-0.07	-0.05
23155	23158	531	0	-0.2	-0.02	0.03	-0.06	0.05	0.01	-0.16	-0.02	-0.03	-0.05	-0.05	0.02	-0.02	-0.03	-0.04	0	-0.08	-0.21	-0.02
23158	23161	532	-0.04	-0.11	0	0	-0.15	0.02	0	-0.2	-0.08	-0.2	-0.08	-0.06	0	0	-0.01	0.04	-0.03	-0.06	-0.57	-0.12
23161	23164	533	0	-0.07	-0.04	-0.01	0	0	0.03	-0.01	0.01	-0.05	0.01	0	0.04	-0.04	-0.02	-0.03	0.02	-0.03	-0.02	0
23164	23167	534	-0.03	NA	-0.23	NA	0.01	-0.01	0	-0.09	-0.02	-0.1	NA	-0.02	-0.01	0	0	-0.02	0	0	NA	-0.01
23167	23170	535	-0.07	NA	-0.53	-0.1	NA	-0.02	NA	-0.06	NA	-0.01	NA	NA	-1.31	NA	-0.34	NA	-0.69	0	-1.08	-0.18
23170	23173	536	-0.07	0	-0.05	-0.02	-0.02	-0.25	-0.49	-0.05	-0.07	-0.07	-0.03	-0.02	-0.84	-0.35	-0.08	-0.04	-0.08	-0.06	-0.11	-0.02
23173	23176	537	-0.06	-0.11	-0.08	-0.01	-0.06	0	0	-0.12	0	-0.13	0.02	-0.1	-0.01	-0.07	-0.08	-0.02	0.01	-0.04	-0.08	-0.02
23176	23179	538	0.02	0	0.01	0.02	0.02	0.02	-0.01	0.01	0.05	0.04	0.11	0.01	0	0.07	0.03	0.03	0.02	0.04	-0.2	0.03
23179	23182	539	-0.02	-0.01	0	-0.02	0.11	0	-0.01	-0.06	0	0	0.01	0.02	-0.16	0	-0.01	-0.01	-0.02	0.01	-0.02	-0.06
23182	23185	540	0	0.01	0.03	-0.06	0.03	0.03	-0.02	0.01	0	-0.01	0.03	-0.08	0.01	0.02	-0.1	0.01	-0.04	0.07	0	0
23185	23188	541	0	-0.01	-0.01	0.05	0.04	-0.06	0	0.02	-0.02	0.02	0.05	0.08	0.02	-0.04	-0.05	0	-0.01	0.01	-0.01	0.02
23188	23191	542	0	-0.03	-0.01	0.01	-0.06	0.01	0.02	-0.01	-0.01	0.01	-0.01	-0.01	0.01	-0.01	-0.01	0.01	0	0.01	-0.02	-0.01
