13476	C	A	1;1.13;1;
13476	C	T	0.9;0.84;0.9;
13476	C	G	0.800000000000001;0.93;0.800000000000001;
13477	G	A	4.7;4.83;4.7;
13477	G	C	4.6;4.69;4.6;
13477	G	T	4.9;5.02;4.9;
13478	G	A	6.7;6.59;6.7;
13478	G	C	6.6;6.28;8.5;
13478	G	T	6.7;6.52;6.7;
13479	T	A	5.2;5.2;5.2;
13479	T	C	3.9;3.9;3.9;
13479	T	G	4.8;4.63;4.8;
13480	G	A	6.2;6.16;6.2;
13480	G	C	6.2;6.16;6.2;
13480	G	T	6.2;6.16;6.2;
13481	T	A	4.7;4.64;4.7;
13481	T	C	4.7;4.6;4.7;
13481	T	G	4.1;3.9;4.1;
13482	A	C	4.1;4.01;4.1;
13482	A	T	3.9;3.74;3.9;
13482	A	G	-0.0999999999999996;-0.0899999999999999;-0.0999999999999996;
13483	A	C	4.7;4.38;5.7;
13483	A	T	4.4;4.27;4.4;
13483	A	G	0.300000000000001;0.300000000000001;0.300000000000001;
13484	G	A	3.2;3.01;3.2;
13484	G	C	3.5;3.45;3.5;
13484	G	T	3.5;3.48;3.5;
13485	T	A	-2;-1.81;-2;
13485	T	C	-1;-0.869999999999999;-1;
13485	T	G	-1.1;-1.23;-1.1;
13486	G	A	-0.6;-0.390000000000001;-0.6;
13486	G	C	0.9;1.16;0.9;
13486	G	T	0.9;1.16;0.9;
13487	C	A	0.0999999999999996;0.19;0.0999999999999996;
13487	C	T	0.6;0.540000000000001;0.6;
13487	C	G	-2;-1.79;-2;
13488	A	C	0.4;0.25;0.4;
13488	A	T	0.0999999999999996;0.0700000000000003;0.0999999999999996;
13488	A	G	-1.2;-1.08;-1.2;
13489	G	A	0;0.00999999999999979;0;
13489	G	C	0;0;0;
13489	G	T	0;0;0;
13490	C	A	0;0;0;
13490	C	T	0;0;0;
13490	C	G	0;0;0;
13491	C	A	0;-0.0899999999999999;0;
13491	C	T	0;0.0299999999999994;0;
13491	C	G	-2.1;-1.9;-2.1;
13492	C	A	0;0.0899999999999999;0;
13492	C	T	-0.4;-0.470000000000001;-0.4;
13492	C	G	0.0999999999999996;0.17;0.0999999999999996;
13493	G	A	0.5;0.49;0.5;
13493	G	C	0.9;1.15;0.9;
13493	G	T	0.9;1.17;0.9;
13494	T	A	-2.2;-1.93;-2.2;
13494	T	C	-2.7;-2.43;-2.7;
13494	T	G	-2.1;-1.83;-2.1;
13495	C	A	1.5;1.02;1.5;
13495	C	T	2.5;2.25;2.5;
13495	C	G	2.4;2.12;2.4;
13496	T	A	4.7;4.3;6.6;
13496	T	C	3.6;3.35;3.6;
13496	T	G	4.7;4.53;4.7;
13497	T	A	4.1;4.05;4.1;
13497	T	C	4.1;4.03;4.1;
13497	T	G	4.1;3.87;4.1;
13498	A	C	4.7;4.6;4.7;
13498	A	T	4.7;4.4;4.7;
13498	A	G	0;0;0;
13499	C	A	6.2;6.06;6.2;
13499	C	T	1.9;1.9;1.9;
13499	C	G	3.6;3.6;3.6;
13500	A	C	4.9;4.83;4.9;
13500	A	T	4.2;4.2;4.2;
13500	A	G	0.4;0.4;0.4;
13501	C	A	6.7;6.32;6.7;
13501	C	T	2.6;2.6;2.6;
13501	C	G	4.1;4.1;4.1;
13502	C	A	4.3;4.43;4.3;
13502	C	T	2.2;2.23;2.2;
13502	C	G	4.1;4.15;4.1;
13503	G	A	0.9;1.03;0.9;
13503	G	C	1.3;1.43;1.3;
13503	G	T	1;1.13;1;
13488	A	C	0.199999999999999;0.390000000000001;0.199999999999999;
13488	A	T	0.400000000000002;0.59;0.399999999999999;
13488	A	G	0;0;0;
13489	G	A	3.9;3.67;7.4;
13489	G	C	3;3.17;3;
13489	G	T	3.9;3.88;4.8;
13490	C	A	3.9;4.1;3.9;
13490	C	T	2.7;2.64;2.7;
13490	C	G	3.7;3.25;4.6;
13491	C	A	3.9;4.07;3.9;
13491	C	T	3;2.9;3;
13491	C	G	3.9;4.04;3.9;
13492	C	A	3;2.87;3.6;
13492	C	T	1.3;0.810000000000002;1.5;
13492	C	G	1.7;1.73;1.7;
13493	G	A	1.6;1.77;1.6;
13493	G	C	1.6;1.68;1.6;
13493	G	T	0;0.0899999999999999;0;
13494	T	A	0.600000000000001;0.760000000000002;0.600000000000001;
13494	T	C	0.600000000000001;0.600000000000001;0.600000000000001;
13494	T	G	-0.5;-0.399999999999999;-0.5;
13495	C	A	0;-0.5;0.100000000000001;
13495	C	T	0;0;0;
13495	C	G	-2.1;-1.96;-2.1;
13496	T	A	0;-0.00999999999999801;0;
13496	T	C	0;-0.0499999999999972;0;
13496	T	G	0;-0.41;0.600000000000001;
13497	T	A	0;0;0;
13497	T	C	0;0.0100000000000016;0;
13497	T	G	0;-0.0499999999999972;0;
13498	A	C	0;0.0200000000000031;0;
13498	A	T	0;0.0200000000000031;0;
13498	A	G	0;-0.0999999999999979;0;
13499	C	A	0;0.0100000000000016;0;
13499	C	T	0;0.0100000000000016;0;
13499	C	G	-0.300000000000001;-0.469999999999999;-0.300000000000001;
13500	A	C	0;0;0;
13500	A	T	0;0.0100000000000016;0;
13500	A	G	0;-0.0499999999999972;-1.3;
13501	C	A	0;-0.0399999999999991;0;
13501	C	T	0;0;0;
13501	C	G	0;-0.0699999999999967;0;
13502	C	A	0;-0.0299999999999976;0;
13502	C	T	-0.599999999999998;-0.709999999999997;-0.600000000000001;
13502	C	G	-0.199999999999999;-0.34;-0.199999999999999;
13503	G	A	0.300000000000001;0.280000000000001;0.300000000000001;
13503	G	C	2.1;1.83;2.1;
13503	G	T	1.5;1.53;1.5;
13504	T	A	3.3;2.93;3.3;
13504	T	C	3.3;2.93;3.3;
13504	T	G	2.5;2.22;2.5;
13505	G	A	0;0;0;
13505	G	C	4.7;3.85;3.9;
13505	G	T	4.6;3.67;3.9;
13506	C	A	4.2;3.37;3;
13506	C	T	4.8;4.27;8.5;
13506	C	G	3.5;3.25;2.8;
13507	G	A	4;4.13;2.7;
13507	G	C	2.5;1.89;4;
13507	G	T	5.1;4.01;10.03;
13508	G	A	-0.599999999999998;-0.599999999999998;-0.600000000000001;
13508	G	C	4.5;4.17;5.9;
13508	G	T	3.4;3.33;3.4;
13509	C	A	4.7;4.65;3.4;
13509	C	T	0;0.330000000000002;-1.3;
13509	C	G	4.7;4.24;7.1;
13510	A	C	2.8;2.78;2.8;
13510	A	T	-0.199999999999999;-0.199999999999999;-0.199999999999999;
13510	A	G	0.400000000000002;0.400000000000002;0.399999999999999;
13511	C	A	2.4;2.5;1.1;
13511	C	T	1.8;1.16;0.600000000000001;
13511	C	G	1.2;1.58;-0.100000000000001;
13512	A	C	0.800000000000001;1.24;-0.5;
13512	A	T	2.7;2.68;1.4;
13512	A	G	0.699999999999999;0.670000000000002;0.699999999999999;
13513	G	A	2.5;2.73;1.2;
13513	G	C	3.2;2.48;4.7;
13513	G	T	1.5;1.91;0.199999999999999;
13514	G	A	-0.599999999999998;-0.149999999999999;-1.9;
13514	G	C	1.4;1.84;0.100000000000001;
13514	G	T	-0.0999999999999979;0.32;-1.4;
13515	C	A	0;0.460000000000001;-1.3;
13515	C	T	-0.199999999999999;-0.18;-1.5;
13515	C	G	0;0.32;-1.3;
13516	A	C	0;0.210000000000001;-1.3;
13516	A	T	0;0.210000000000001;-1.3;
13516	A	G	-0.800000000000001;-0.539999999999999;-2.1;
13517	C	A	0;0;0;
13517	C	T	0;0;0;
13517	C	G	0;-0.00999999999999801;0;
13518	T	A	0;0;0;
13518	T	C	0;0;0;
13518	T	G	0;-0.0199999999999996;0;
13519	A	C	0;0;0;
13519	A	T	0;0;0;
13519	A	G	0;0.0400000000000027;-1.3;
13520	G	A	0;0.460000000000001;-1.3;
13520	G	C	0;0.460000000000001;-1.3;
13520	G	T	0;0.460000000000001;-1.3;
13521	T	A	0;0.460000000000001;-1.3;
13521	T	C	-2.7;-2.23;-4;
13521	T	G	0;0.430000000000003;-1.3;
13522	A	C	-1.7;-2.35;-4;
13522	A	T	0;-0.149999999999999;-1.3;
13522	A	G	-2.2;-2.3;-2.4;
13523	C	A	2.4;2.72;1.1;
13523	C	T	2.4;2.3;1.2;
13523	C	G	2.4;2.34;4.3;
13524	T	A	4.4;4.35;5.7;
13524	T	C	0.600000000000001;1.02;-0.699999999999999;
13524	T	G	1.7;1.17;0.600000000000001;
13525	G	A	3.2;3.33;1.9;
13525	G	C	3.5;3.44;4.3;
13525	G	T	2.3;2.59;1;
13526	A	C	0;-0.00999999999999801;0;
13526	A	T	0;-0.419999999999998;2.8;
13526	A	G	0;-0.699999999999999;-1.3;
13527	T	A	3;2.98;3;
13527	T	C	2.8;2.53;1.5;
13527	T	G	1.6;1.43;0.300000000000001;
13528	G	A	6;5.36;7.5;
13528	G	C	6;5.29;11.73;
13528	G	T	6;5.44;7.5;
13529	T	A	3.7;3.77;2.4;
13529	T	C	-2.7;-2.7;-2.7;
13529	T	G	-0.5;-0.129999999999999;-1.8;
13530	C	A	4.3;3.59;7.5;
13530	C	T	2;1.81;0.699999999999999;
13530	C	G	2.5;2.4;1.2;
13531	G	A	5.4;5.16;4.7;
13531	G	C	5.7;5.24;7.5;
13531	G	T	5.9;5.44;6.4;
13532	T	A	4.4;3.85;4.4;
13532	T	C	-2;-2;-2;
13532	T	G	2.1;2;0.800000000000001;
13533	A	C	3.3;3.07;3.3;
13533	A	T	2.7;2.62;2.7;
13533	A	G	1.4;0.940000000000001;1.8;
13534	T	A	1.3;1.34;1.3;
13534	T	C	-1.3;-1.38;-1.3;
13534	T	G	-2.1;-2.05;-2.1;
13535	A	C	0.600000000000001;0.73;0.600000000000001;
13535	A	T	0.600000000000001;0.73;0.600000000000001;
13535	A	G	-1.7;-1.59;-1.7;
13536	C	A	0.600000000000001;0.620000000000001;0.600000000000001;
13536	C	T	0.600000000000001;0.560000000000002;0.600000000000001;
13536	C	G	-2.3;-2.1;-2.3;
13537	A	C	-1;-1.05;-1;
13537	A	T	0;-0.0499999999999972;0;
13537	A	G	-0.199999999999999;-0.849999999999998;0;
13538	G	A	3.6;3.61;3.6;
13538	G	C	4.1;3.4;8.5;
13538	G	T	4.2;4.09;4.2;
13539	G	A	6.4;6.21;6.4;
13539	G	C	6.4;6.4;6.4;
13539	G	T	4.3;4.41;3;
13540	G	A	3.3;3.55;3.3;
13540	G	C	3;3.4;3;
13540	G	T	4.7;4.58;6.4;
13541	C	A	3.7;3.8;3.7;
13541	C	T	2.3;2.09;2.3;
13541	C	G	3.4;3.05;3.4;
13542	T	A	0.100000000000001;0.300000000000001;0.100000000000001;
13542	T	C	0.600000000000001;0.790000000000003;0.600000000000001;
13542	T	G	0.199999999999999;0.380000000000003;0.199999999999999;
29609	T	A	0.2;0.489999999999999;0.2;
29609	T	C	0;0.17;1.6;
29609	T	G	0.2;0.39;0.2;
29610	T	A	1.1;1.21;1.2;
29610	T	C	1.1;1.5;1.1;
29610	T	G	1.2;1.34;1.3;
29611	G	A	1.5;1.85;1.6;
29611	G	C	2.8;3.41;2.5;
29611	G	T	2.2;2.82;1.6;
29612	T	A	3.8;4.05;7.4;
29612	T	C	-0.3;0.33;-0.899999999999999;
29612	T	G	3.7;3.84;4.7;
29613	G	A	3;3.2;4;
29613	G	C	4.4;4.58;3.8;
29613	G	T	4.1;4.03;4.4;
29614	C	A	1.9;2.37;1.4;
29614	C	T	-2.8;-2.1;-3.4;
29614	C	G	0.5;0.449999999999999;1.7;
29615	A	C	-0.2;0.239999999999999;-0.8;
29615	A	T	-1.8;-1.6;0.4;
29615	A	G	-0.2;-0.300000000000001;-0.8;
29616	G	A	0.3;0.649999999999999;0;
29616	G	C	0.3;0.64;0;
29616	G	T	0.3;0.33;0;
29617	A	C	0;0.22;0.4;
29617	A	T	-2.7;-2.5;-0.6;
29617	A	G	-1.1;-0.66;-1.7;
29618	A	C	0.6;0.84;0;
29618	A	T	0;0.34;-0.6;
29618	A	G	-0.7;-0.82;0;
29619	T	A	0.2;0.38;0.100000000000001;
29619	T	C	-1.8;-1.27;-2.4;
29619	T	G	-0.7;-0.25;-1.3;
29620	G	A	0.4;0.539999999999999;0.100000000000001;
29620	G	C	0.4;0.55;0.100000000000001;
29620	G	T	0.4;0.539999999999999;0.100000000000001;
29621	A	C	0.3;0.119999999999999;0;
29621	A	T	-2.8;-2.14;-3.4;
29621	A	G	-1.1;-0.590000000000001;-1.7;
29622	A	C	0.2;-0.0100000000000007;0;
29622	A	T	-0.7;-0.380000000000001;-1.3;
29622	A	G	-3.6;-2.95;-4.2;
29623	T	A	0;0.149999999999999;3.2;
29623	T	C	0;0.0899999999999999;0;
29623	T	G	-3.4;-2.68;-4;
29624	T	A	0;0.19;1.6;
29624	T	C	0;0.21;0.4;
29624	T	G	0;0.19;1.6;
29625	C	A	0.2;0.27;0;
29625	C	T	0;0.0599999999999996;0;
29625	C	G	0.2;0.0999999999999996;0;
29626	T	A	0.3;0.68;1.7;
29626	T	C	0.3;0.659999999999999;0;
29626	T	G	0.3;0.659999999999999;4.7;
29627	C	A	0.3;0.239999999999999;0;
29627	C	T	0.3;0.0699999999999994;0.100000000000001;
29627	C	G	0.3;0.0999999999999996;0.100000000000001;
29628	G	A	-0.4;-0.2;0;
29628	G	C	0.3;0.399999999999999;0;
29628	G	T	0.3;0.27;0;
29629	T	A	0.3;0.369999999999999;0;
29629	T	C	-0.4;-0.180000000000001;0.8;
29629	T	G	-0.0999999999999996;-0.0700000000000003;0;
29630	A	C	0;-0.0800000000000001;0;
29630	A	T	-2.5;-1.87;-3.1;
29630	A	G	-1.7;-1.26;-2.3;
29631	A	C	0;-0.0800000000000001;0;
29631	A	T	-2.5;-1.85;-3.1;
29631	A	G	0;-0.100000000000001;0;
29632	C	A	-1.1;-0.61;-1.7;
29632	C	T	-1.3;-0.800000000000001;-1.9;
29632	C	G	-1.1;-0.720000000000001;-1.7;
29633	T	A	0.3;0.19;0;
29633	T	C	0.3;0.18;0;
29633	T	G	-0.4;-0.290000000000001;-0.3;
29634	A	C	-0.0999999999999996;-0.2;0;
29634	A	T	-2.6;-2.07;-3.2;
29634	A	G	-4.8;-4.1;-5.4;
29635	C	A	0;0.18;3.2;
29635	C	T	0;0.14;0;
29635	C	G	0;0.119999999999999;0;
29636	A	C	0;-0.2;3.2;
29636	A	T	0;-0.0500000000000007;1.6;
29636	A	G	-0.2;-0.37;2.3;
29637	T	A	0;0.13;0;
29637	T	C	0;-0.140000000000001;-0.6;
29637	T	G	0;-0.0600000000000005;0;
29638	A	C	-0.8;-0.61;-0.199999999999999;
29638	A	T	-1.4;-1.44;-1.2;
29638	A	G	0;-0.2;0.100000000000001;
29639	G	A	1.6;2.19;1.4;
29639	G	C	2.3;2.69;6.8;
29639	G	T	2.2;2.68;3.8;
29640	C	A	1.6;2.21;1.4;
29640	C	T	1.8;1.69;5.2;
29640	C	G	1.6;2.2;1.4;
29641	A	C	1.9;2.34;1.4;
29641	A	T	1.9;2.32;1.4;
29641	A	G	0.4;0.39;0.4;
29642	C	A	1.9;2.31;1.4;
29642	C	T	1.9;1.67;5.1;
29642	C	G	1.9;2.25;1.4;
29643	A	C	1.8;1.85;2.2;
29643	A	T	1.4;1.62;4.6;
29643	A	G	0.4;0.409999999999999;0.7;
29644	A	C	0.3;0.56;0.300000000000001;
29644	A	T	0.2;0.489999999999999;0.2;
29644	A	G	0;0.109999999999999;0;
29629	T	A	0.300000000000001;0.470000000000001;0.300000000000001;
29629	T	C	0.5;0.640000000000001;0.5;
29629	T	G	0.199999999999999;0.390000000000001;0.199999999999999;
29630	A	C	1.6;1.78;1.6;
29630	A	T	1.7;1.86;1.7;
29630	A	G	-0.0999999999999996;-0.199999999999999;-0.0999999999999996;
29631	A	C	2.9;3.05;2.9;
29631	A	T	3.2;2.84;3.2;
29631	A	G	0;-0.0199999999999996;0;
29632	C	A	5.7;5.36;5.7;
29632	C	T	2.3;2.3;2.3;
29632	C	G	3.6;3.57;3.6;
29633	T	A	4.6;4.55;4.6;
29633	T	C	4.6;4.55;4.6;
29633	T	G	4.6;4.47;4.6;
29634	A	C	4.7;4.64;4.7;
29634	A	T	4.7;4.58;4.7;
29634	A	G	0;0;0;
29635	C	A	6.2;5.57;6.4;
29635	C	T	1.9;1.9;1.9;
29635	C	G	3.6;3.57;3.6;
29636	A	C	3.3;2.9;3.3;
29636	A	T	2.9;2.5;2.9;
29636	A	G	0.4;0.4;0.4;
29637	T	A	2.5;2.34;2.5;
29637	T	C	2.5;2.36;2.5;
29637	T	G	1.4;1.32;1.4;
29638	A	C	-2.6;-2.98;-2.6;
29638	A	T	-0.699999999999999;-1.29;-0.699999999999999;
29638	A	G	0;-0.109999999999999;0;
29639	G	A	0.300000000000001;0.280000000000001;0.300000000000001;
29639	G	C	1.9;1.24;2.1;
29639	G	T	1.9;1.62;1.9;
29640	C	A	1.9;1.88;1.9;
29640	C	T	1.9;1.65;1.9;
29640	C	G	1.9;1.88;1.9;
29641	A	C	0.5;0.460000000000001;0.5;
29641	A	T	0.5;0.43;0.5;
29641	A	G	-0.800000000000001;-0.779999999999999;-0.800000000000001;
29642	C	A	0;0;0;
29642	C	T	0;0;0;
29642	C	G	0;0;0;
29643	A	C	0;0;0;
29643	A	T	0;0;0;
29643	A	G	0;0;0;
29644	A	C	0;0;0;
29644	A	T	0;0;0;
29644	A	G	0.0999999999999996;0.0899999999999999;0.0999999999999996;
29645	G	A	1.9;1.88;1.9;
29645	G	C	1.9;1.24;2.1;
29645	G	T	1.9;1.87;1.9;
29646	T	A	1.9;1.9;1.9;
29646	T	C	-1.6;-1.57;-1.6;
29646	T	G	1.9;1.9;1.9;
29647	A	C	0;0;0;
29647	A	T	-0.699999999999999;-1.19;-0.699999999999999;
29647	A	G	0;-0.17;0;
29648	G	A	1.1;0.92;1.1;
29648	G	C	1.1;0.95;1.1;
29648	G	T	-0.699999999999999;-0.99;-0.699999999999999;
29649	A	C	1.3;0.77;2.4;
29649	A	T	2.2;1.47;2.2;
29649	A	G	-0.300000000000001;-0.299999999999999;-0.300000000000001;
29650	T	A	4;3.72;4;
29650	T	C	4;3.72;4;
29650	T	G	3.2;3.14;3.2;
29651	G	A	6.2;5.83;6.2;
29651	G	C	6.2;5.86;6.2;
29651	G	T	6.2;5.85;6.2;
29652	T	A	4.7;4.66;4.7;
29652	T	C	4.7;4.62;4.7;
29652	T	G	4.7;4.34;4.7;
29653	A	C	4.6;4.54;4.6;
29653	A	T	4.6;4.44;4.6;
29653	A	G	0.300000000000001;0.300000000000001;0.300000000000001;
29654	G	A	5.5;5.39;5.5;
29654	G	C	5.8;5.38;5.8;
29654	G	T	5.7;5.47;5.7;
29655	T	A	2.8;2.98;2.8;
29655	T	C	2.8;2.93;2.8;
29655	T	G	2.3;2.49;2.3;
29656	T	A	1.2;1.41;1.2;
29656	T	C	1.5;1.7;1.5;
29656	T	G	1.1;1.32;1.1;
29657	A	C	0.8;0.880000000000001;0.8;
29657	A	T	0.8;0.880000000000001;0.8;
29657	A	G	0.300000000000001;0.18;0.300000000000001;
29728	T	A	0;0.37;-2.33;
29728	T	C	0;0.19;0.57;
29728	T	G	-1.1;-0.14;-2.43;
29729	T	A	-2.1;-0.859999999999999;-7.73;
29729	T	C	0;0.66;-2.73;
29729	T	G	-2.1;-0.93;-7.73;
29730	C	A	0;1.08;-5.63;
29730	C	T	0;0.99;-5.63;
29730	C	G	0;1.06;-5.63;
29731	A	C	-1.2;-0.26;-6.83;
29731	A	T	-1.8;-0.859999999999999;-7.43;
29731	A	G	-1;-0.58;-6.63;
29732	C	A	0.899999999999999;1.27;-2.73;
29732	C	T	1.4;1.23;0.47;
29732	C	G	-1.3;-0.48;-6.93;
29733	C	A	0;0.0600000000000005;0.27;
29733	C	T	-4.2;-4.43;-9.63;
29733	C	G	-0.5;-0.719999999999999;-5.93;
29734	G	A	0.5;0.2;0.67;
29734	G	C	0.5;0.12;0.27;
29734	G	T	0.399999999999999;0.0300000000000002;0.27;
29735	A	C	-6.9;-5.91;-12.53;
29735	A	T	-5;-4.07;-10.63;
29735	A	G	-0.9;-0.42;1.97;
29736	G	A	0;0.180000000000001;-2.53;
29736	G	C	-1.4;-1.07;0;
29736	G	T	-0.7;-0.42;0;
29737	G	A	0;0.130000000000001;0;
29737	G	C	0;0.0200000000000005;-2.53;
29737	G	T	-1.9;-1.56;-7.33;
29738	C	A	-2;-1.54;-7.43;
29738	C	T	-0.2;-0.459999999999999;-2.93;
29738	C	G	-2.3;-1.83;-7.73;
29739	C	A	0;0.180000000000001;-0.93;
29739	C	T	-0.9;-0.389999999999999;0;
29739	C	G	-1.1;-0.22;0.47;
29740	A	C	0;0.48;-3.03;
29740	A	T	-3.8;-2.78;-9.43;
29740	A	G	-1.5;-0.619999999999999;-7.13;
29741	C	A	0;0.590000000000001;-4.33;
29741	C	T	0;0.54;-2.83;
29741	C	G	-0.5;-0.00999999999999979;-2.73;
29742	G	A	0.199999999999999;0.46;-2.53;
29742	G	C	-1.6;-0.76;-7.23;
29742	G	T	-5.6;-4.76;-10.93;
29743	C	A	0.5;0.57;-2.53;
29743	C	T	0.5;0.36;-2.53;
29743	C	G	-1.4;-0.779999999999999;-6.03;
29744	G	A	0.5;0.67;-2.13;
29744	G	C	-1.7;-1.46;-2.33;
29744	G	T	-0.800000000000001;-0.279999999999999;0.47;
29745	G	A	-0.9;-0.43;-6.33;
29745	G	C	-0.2;0.48;-5.83;
29745	G	T	0.199999999999999;0.57;0;
29746	A	C	-3.2;-2.42;-8.83;
29746	A	T	-2.9;-2.45;-8.33;
29746	A	G	-0.7;-0.539999999999999;-3.33;
29747	G	A	0.5;0.52;-4.73;
29747	G	C	0.5;0.5;-4.93;
29747	G	T	0.5;0.350000000000001;-4.73;
29748	T	A	0.5;0.350000000000001;-4.73;
29748	T	C	-0.9;-0.389999999999999;0.77;
29748	T	G	0.0999999999999996;0.28;-4.93;
29749	A	C	0.5;0.2;0.67;
29749	A	T	0.5;0.31;-4.93;
29749	A	G	-2.4;-1.36;-8.03;
29750	C	A	0.5;0.350000000000001;-4.73;
29750	C	T	0.5;0.340000000000001;-4.73;
29750	C	G	-1.7;-0.449999999999999;-7.33;
29751	G	A	-0.7;-0.26;-3.53;
29751	G	C	-0.600000000000001;-0.0599999999999996;0;
29751	G	T	-0.300000000000001;0;0;
29752	A	C	-3;-2.37;-2.73;
29752	A	T	-2.4;-1.89;-7.83;
29752	A	G	-0.800000000000001;-0.629999999999999;0;
29753	T	A	-0.300000000000001;-0.0699999999999994;-2.93;
29753	T	C	-2.6;-2.06;-8.03;
29753	T	G	-0.300000000000001;-0.26;0;
29754	C	A	0;0.510000000000001;0.27;
29754	C	T	-0.600000000000001;0.0600000000000005;0;
29754	C	G	-0.9;-0.13;-6.53;
29755	G	A	0;0.390000000000001;-2.53;
29755	G	C	-2.1;-1.71;-7.73;
29755	G	T	-0.100000000000001;-0.0399999999999991;-1.33;
29756	A	C	-5.2;-5.12;-10.43;
29756	A	T	-3.6;-3.41;-8.53;
29756	A	G	-2.5;-2.09;-7.93;
29757	G	A	0.3;0.760000000000001;0.57;
29757	G	C	-0.2;0.390000000000001;0.07;
29757	G	T	-0.9;-0.3;-0.63;
29758	T	A	-0.5;0.33;-0.23;
29758	T	C	-2;-1.23;-1.73;
29758	T	G	-2;-1.26;-7.63;
29759	G	A	1;1.58;-1.83;
29759	G	C	-1.4;-0.58;-7.03;
29759	G	T	1.1;1.68;-4.53;
29760	T	A	-1.9;-0.83;-7.53;
29760	T	C	-0.9;-1.01;-1.63;
29760	T	G	-3.8;-3.32;-9.23;
29761	A	C	-3.7;-3.26;-9.13;
29761	A	T	-2.4;-2.4;-7.83;
29761	A	G	-2.3;-2.26;-7.53;
29762	C	A	0.5;0.32;-4.93;
29762	C	T	0.5;0.31;-4.93;
29762	C	G	0.5;0.32;-4.73;
29763	A	C	-2.3;-1.62;-4.33;
29763	A	T	-2.2;-2.01;-7.63;
29763	A	G	-5.7;-5.93;-11.13;
29764	G	A	0;0.850000000000001;-5.63;
29764	G	C	0;0.58;-3.03;
29764	G	T	0;0.77;-5.33;
29765	T	A	0;0.890000000000001;-5.63;
29765	T	C	-0.5;0.16;-3.03;
29765	T	G	0;-0.0899999999999999;-5.13;
29766	G	A	0;0.94;-5.33;
29766	G	C	0;0.77;-2.73;
29766	G	T	0;0.94;-5.33;
29767	A	C	-1.2;-0.17;-6.83;
29767	A	T	0;0.510000000000001;-3.03;
29767	A	G	-0.4;0.0100000000000007;-2.73;
29768	A	C	0;0.41;-1.13;
29768	A	T	0;0.36;-1.13;
29768	A	G	0;0.0899999999999999;0;
