8	G	A	0.01
10	T	G	0.01
10	T	A	0.05
11	TA	GT	0.02
11	T	C	0.01
12	A	T	0.03
13	T	A	0.05
13	T	C	0.09
17	T	C	0.01
18	TC	GG	0.03
18	TCCC	GGGA	0.01
18	T	G	0.02
19	C	T	0.11
21	C	T	0.03
23	G	A	0.01
25	T	C	0.01
26	A	.	0.01
28	C	T	0.04
28	C	A	0.01
30	.	C	0.01
30	AACC	CTTT	0.02
31	A	T	0.35
34	AAC	TTT	0.42
34	A	T	0.04
34	AACC	TTTA	0.17
34	AA	TT	0.01
34	AACC	CTTT	0.01
35	ACC	TTT	0.01
35	ACC	TTA	0.01
35	AC	TT	0.20
35	A	T	0.10
36	C	T	1.30
37	C	T	0.01
37	C	A	0.01
39	A	T	0.01
40	C	T	0.01
44	C	G	0.01
46	A	G	0.01
48	C	T	0.01
54	.	C	0.01
55	A	C	0.02
61	G	T	0.01
64	C	T	0.02
66	C	T	0.08
70	A	T	0.01
74	A	C	0.01
75	C	A	0.01
76	TT	AC	0.01
77	T	A	0.01
78	T	G	0.01
79	A	G	0.01
82	.	C	0.01
84	C	A	0.01
84	C	G	0.01
84	C	T	0.03
84	CT	TC	0.01
85	T	.	0.01
89	.	T	0.01
90	GG	.C	0.02
91	G	C	0.01
94	.	A	0.02
96	C	G	0.02
97	A	G	0.04
98	C	.	0.02
100	C	T	0.01
101	G	A	0.04
104	T	A	0.01
105	G	T	0.99
106	C	G	0.01
106	C	T	0.13
111	TT	CG	0.01
111	T	A	0.01
114	G	A	0.01
115	T	C	0.01
116	G	C	0.01
119	CT	GC	0.01
120	T	C	0.01
124	G	A	0.01
125	C	T	0.01
127	G	T	0.03
137	T	C	0.01
140	C	T	0.04
141	T	C	0.01
147	C	T	0.02
148	T	A	0.05
149	G	T	0.01
150	T	C	0.05
153	T	G	0.06
160	G	A	0.06
163	AC	CG	0.01
167	GT	CA	0.01
167	G	A	0.01
168	T	C	0.03
169	A	T	0.01
174	G	T	0.01
174	G	A	0.03
180	C	T	0.01
181	T	C	0.01
183	C	T	0.01
185	G	T	0.01
186	C	A	0.01
186	C	T	0.03
187	A	G	0.15
194	T	A	0.01
197	CGG	...	0.01
198	G	A	0.01
198	GG	AA	0.01
199	G	T	0.01
202	T	G	0.01
202	.	G	0.01
203	C	T	0.02
204	G	A	0.01
204	GT	AG	0.01
204	G	T	0.08
206	C	T	0.01
208	.	T	0.01
210	G	A	0.01
210	G	T	0.01
212	T	A	0.01
218	C	T	0.01
219	G	T	0.03
221	T	C	0.01
222	C	.	0.01
222	C	T	0.09
224	T	C	0.01
225	C	T	0.01
228	C	T	0.05
229	A	C	0.01
231	A	G	0.01
232	TC	GA	0.01
232	TCT	CAC	0.01
233	C	T	0.01
235	AGG	...	0.01
237	G	T	0.01
241	CG	TT	0.01
241	C	T	64.84
246	G	T	0.01
247	G	T	0.01
252	G	T	0.01
253	A	G	0.01
254	C	T	0.02
257	A	T	0.01
261	G	T	0.01
263	A	G	0.03
270	A	G	0.01
271	G	A	0.01
274	C	A	0.02
283	T	C	0.02
285	G	C	0.01
285	G	A	0.01
287	T	G	0.01
300	C	T	0.01
301	A	G	0.02
305	G	A	0.01
313	C	T	0.69
315	G	T	0.01
319	G	A	0.02
327	T	C	0.01
330	A	C	0.01
332	G	T	0.01
334	T	C	0.05
335	C	T	0.05
337	C	T	0.04
346	C	T	0.03
349	A	C	0.01
353	G	A	0.01
354	G	A	0.17
361	A	G	0.05
362	G	A	0.01
364	C	T	0.04
368	G	T	0.01
368	G	A	0.01
370	G	T	0.01
373	G	A	0.01
374	G	A	0.08
376	G	A	0.01
379	C	A	1.95
383	T	C	0.01
388	G	T	0.01
393	G	T	0.01
398	C	T	0.02
400	T	C	0.01
401	C	T	0.01
410	G	T	0.02
414	C	T	0.01
425	G	A	0.01
425	GTA	...	0.03
431	G	A	0.02
442	C	T	0.01
443	G	A	0.01
446	T	C	0.01
460	A	G	0.01
469	T	C	0.01
478	C	T	0.01
482	C	T	0.01
490	T	A	2.66
491	G	A	0.02
504	C	A	0.01
506	C	T	0.02
509	GGTCAT	......	0.02
509	GGTCATGTTATGGTT	...............	0.06
510	GTCATGTTA	.........	0.05
514	T	C	0.09
515	GTTATGGTT	.........	0.02
516	TTA	...	0.01
517	TATGGT	......	0.25
518	ATG	...	0.06
519	TGGTTG	......	0.01
521	G	T	0.01
526	G	T	0.01
527	C	T	0.03
529	G	A	0.01
532	A	G	0.01
539	C	T	0.05
541	C	T	0.09
544	A	G	0.02
545	G	T	0.02
558	G	T	0.01
564	G	T	0.01
565	T	C	0.01
570	A	G	0.01
575	C	T	0.02
577	T	A	0.01
578	G	A	0.01
583	C	T	0.01
586	T	A	0.01
598	G	A	0.01
598	G	T	0.05
599	G	A	0.01
601	C	T	0.11
602	G	A	0.01
606	T	C	0.01
609	C	T	0.01
613	G	A	0.04
614	G	A	0.02
618	A	G	0.01
619	C	T	0.22
621	G	A	0.01
622	C	T	0.01
625	G	T	0.01
626	G	A	0.01
629	C	T	0.02
634	T	C	0.01
635	C	T	0.01
652	A	G	0.01
652	A	T	0.10
653	G	A	0.01
654	G	A	0.01
657	C	T	0.01
658	T	C	0.03
669	G	A	0.01
669	GTT	...	0.05
673	C	T	0.01
675	G	T	0.01
676	C	T	0.01
679	C	T	0.01
680	G	A	0.06
683	C	T	0.04
684	TAAAGTCAT	.........	0.01
686	AAGTCATTT	.........	0.42
696	A	C	0.13
703	C	T	0.02
713	G	T	0.01
714	G	C	0.01
718	T	A	0.01
720	A	C	0.01
721	T	C	0.01
740	G	A	0.01
751	C	T	0.03
761	A	G	0.02
771	T	C	0.04
775	C	T	0.01
778	T	C	0.01
784	C	T	0.01
787	G	T	0.01
788	C	T	0.01
799	C	T	0.04
805	G	A	0.03
809	T	C	0.01
809	T	A	0.06
810	A	G	0.01
813	C	A	0.01
815	C	T	0.02
816	G	A	0.01
817	C	T	0.01
823	C	T	0.09
826	T	C	0.01
829	C	T	0.09
832	C	T	0.05
833	T	C	2.19
835	C	T	0.05
838	T	C	0.01
840	G	A	0.01
843	C	T	0.01
844	T	G	0.01
847	T	C	0.01
860	G	A	0.01
862	G	T	0.03
872	G	T	0.01
873	A	G	0.01
875	C	T	0.02
884	C	T	0.12
888	C	T	0.01
889	T	C	0.01
895	A	G	0.10
897	C	T	0.01
900	C	T	0.02
910	G	T	0.01
912	C	T	0.01
913	C	T	0.02
918	A	T	0.01
920	C	T	0.17
922	G	A	0.19
932	G	A	0.01
936	C	T	0.05
939	A	G	0.01
940	G	A	0.01
942	G	A	0.02
943	G	A	0.01
947	G	A	0.01
949	A	G	0.01
956	T	A	0.01
957	G	A	0.06
958	C	T	0.01
959	C	A	0.01
960	G	A	0.05
963	A	G	0.03
979	T	C	0.01
988	C	T	0.02
994	A	G	0.05
997	T	C	0.01
1001	G	A	0.01
1015	A	G	0.02
1042	G	A	0.05
1043	G	A	0.01
1059	C	T	43.22
1063	C	T	0.03
1066	T	C	0.01
1076	C	T	0.29
1077	C	A	0.01
1077	C	T	0.01
1079	A	C	0.09
1087	A	G	0.01
1096	A	G	0.08
1098	A	G	0.02
1102	C	T	0.06
1116	T	C	0.01
1117	T	C	0.03
1123	A	G	0.01
1124	A	C	0.01
1135	G	T	0.03
1145	G	A	0.01
1148	G	T	0.03
1148	G	A	0.01
1149	G	A	0.02
1150	C	T	0.02
1163	A	T	0.04
1170	C	T	0.05
1174	C	T	0.01
1178	C	T	0.01
1179	C	T	0.01
1191	C	T	0.10
1191	C	A	0.01
1204	C	T	0.09
1211	T	A	0.01
1211	T	G	0.14
1213	C	T	0.03
1218	C	T	0.03
1221	C	T	0.01
1222	T	C	0.01
1225	C	T	0.01
1230	A	G	0.01
1231	G	T	0.01
1238	C	T	0.12
1262	A	G	0.01
1263	C	T	0.04
1264	G	T	0.01
1267	C	T	0.02
1268	G	A	0.01
1274	G	T	0.03
1288	C	T	0.06
1314	C	T	0.19
1317	A	G	0.01
1319	G	A	0.02
1323	G	T	0.02
1326	C	T	0.02
1329	C	T	0.01
1333	TT	AA	0.01
1342	C	T	0.02
1347	C	T	0.01
1348	C	T	0.02
1368	T	C	0.04
1370	T	A	0.01
1372	T	C	0.01
1380	C	T	0.11
1385	C	T	0.02
1386	A	G	0.01
1387	C	T	0.08
1392	C	T	0.02
1393	A	G	0.01
1397	G	A	0.69
1399	A	G	0.01
1401	G	A	0.60
1403	C	T	0.04
1404	C	T	0.02
1413	G	T	0.02
1419	C	T	0.02
1420	C	T	0.02
1426	C	T	0.02
1427	C	T	0.05
1430	A	G	0.01
1431	ATG	...	0.01
1437	C	T	0.03
1438	T	C	0.01
1440	G	A	0.28
1441	C	T	0.02
1450	C	T	0.01
1457	C	T	0.28
1463	G	A	0.08
1467	G	A	0.01
1469	C	T	0.03
1471	C	T	0.03
1473	C	T	0.02
1478	G	A	0.02
1489	C	T	0.01
1495	G	T	0.01
1498	C	T	0.01
1514	C	T	0.02
1515	A	G	0.15
1519	C	T	0.01
1545	C	T	0.02
1547	A	G	0.05
1548	G	A	0.01
1549	C	T	0.01
1568	C	T	0.01
1570	T	C	0.01
1579	T	A	0.01
1580	G	T	0.01
1589	G	A	0.01
1590	G	A	0.01
1592	T	C	0.01
1593	C	T	0.02
1594	C	T	0.05
1595	G	A	0.05
1598	G	A	0.02
1598	GGTCTT	......	0.01
1603	TAATGACAACCTTCT	...............	0.01
1605	ATG	...	0.16
1616	C	T	0.01
1622	A	G	0.02
1623	T	C	0.01
1625	C	T	0.06
1632	A	T	0.01
1636	G	A	0.01
1642	C	T	0.01
1646	A	G	0.02
1652	A	G	0.01
1658	G	A	0.02
1658	G	T	0.01
1663	C	T	0.05
1666	T	C	0.02
1667	A	G	0.01
1670	C	T	0.01
1675	T	C	0.01
1681	G	T	0.01
1681	G	A	0.01
1684	C	T	0.05
1685	G	A	0.02
1691	A	G	0.01
1697	G	A	0.01
1719	G	A	0.01
1722	C	T	0.02
1731	A	C	0.01
1734	C	T	0.02
1736	G	A	0.01
1738	G	T	0.01
1747	G	A	0.10
1757	G	A	0.01
1758	C	T	0.01
1762	C	T	0.01
1812	C	T	0.09
1815	A	G	0.04
1817	A	G	0.01
1819	A	G	0.01
1820	G	A	0.11
1835	G	A	0.02
1853	C	T	0.01
1855	G	T	0.01
1868	G	A	0.02
1873	T	G	0.01
1878	C	T	0.02
1884	C	T	0.02
1887	C	T	0.60
1890	G	T	0.01
1895	G	T	0.01
1900	A	G	0.01
1901	T	C	0.01
1909	C	T	0.01
1911	C	T	0.06
1912	C	T	0.13
1913	C	T	0.01
1917	C	T	0.96
1918	T	C	0.17
1926	C	T	0.01
1928	G	A	0.01
1929	C	T	0.08
1930	T	C	0.01
1930	T	G	0.01
1931	C	A	0.01
1935	A	G	0.01
1944	G	A	0.01
1946	G	T	0.01
1947	T	G	0.01
1957	G	A	0.01
1962	C	T	0.01
1968	C	T	0.01
1973	C	T	0.01
1978	T	A	0.01
1997	C	T	0.02
2003	C	T	0.08
2018	A	G	0.35
2028	C	T	0.01
2037	C	T	0.03
2040	C	T	0.01
2041	T	C	0.02
2048	C	T	0.01
2058	T	C	0.01
2061	C	T	0.05
2062	C	T	0.08
2070	C	T	0.13
2075	G	A	0.01
2091	C	T	0.02
2094	C	T	0.01
2101	G	T	0.01
2102	C	T	0.01
2104	A	G	0.02
2106	C	T	0.08
2109	A	G	0.02
2110	C	T	0.05
2113	C	T	0.04
2116	T	A	0.20
2138	A	G	0.01
2142	C	T	0.01
2143	C	T	0.01
2144	G	T	0.01
2146	C	T	0.01
2147	C	T	0.01
2149	T	A	0.01
2149	T	C	0.02
2153	T	A	0.01
2156	C	T	0.03
2158	T	C	0.01
2160	A	G	0.01
2161	A	G	0.39
2164	G	T	0.02
2165	A	G	0.06
2167	G	T	0.01
2182	A	G	0.01
2189	C	T	0.01
2198	G	A	0.04
2203	G	T	0.01
2205	A	C	0.01
2221	C	T	0.01
2229	G	A	0.01
2232	C	T	0.01
2235	G	A	0.01
2240	A	G	0.02
2244	T	C	0.63
2246	G	T	0.01
2249	G	A	0.01
2258	G	A	0.01
2263	C	A	0.01
2266	T	C	0.04
2268	C	T	0.01
2269	A	T	0.01
2272	G	T	0.01
2274	A	C	0.01
2277	T	C	0.01
2288	G	A	0.03
2293	G	T	0.01
2301	T	C	0.02
2305	G	T	0.02
2309	G	T	0.01
2318	T	C	0.01
2329	G	A	0.01
2340	C	T	0.01
2380	A	G	0.02
2388	C	T	0.01
2389	A	G	0.01
2395	C	T	0.01
2397	C	T	0.01
2399	C	T	0.02
2416	C	T	5.08
2420	A	C	0.01
2422	G	A	0.02
2430	A	C	0.01
2434	C	T	0.02
2439	A	G	0.01
2441	G	A	0.03
2442	A	C	0.01
2445	C	T	0.02
2446	T	C	0.02
2447	G	T	0.01
2447	G	A	0.03
2448	G	T	0.01
2448	G	A	0.01
2450	C	T	0.01
2453	C	T	0.01
2455	C	T	0.02
2469	C	T	0.01
2480	A	G	0.90
2485	C	T	0.02
2489	T	C	0.01
2497	A	G	0.01
2501	A	G	0.01
2507	C	T	0.03
2508	C	T	0.03
2518	G	T	0.01
2523	C	T	0.10
2526	A	C	0.01
2527	G	A	0.01
2528	G	A	0.03
2534	G	A	0.01
2536	C	T	0.11
2547	GT	AG	0.01
2550	A	G	0.01
2551	T	C	0.01
2558	C	T	0.98
2561	T	C	0.01
2574	C	T	0.02
2590	A	G	0.01
2591	G	A	0.01
2592	C	T	0.01
2592	C	A	0.01
2594	C	T	0.03
2594	C	A	0.02
2600	G	A	0.02
2602	T	C	0.02
2623	C	A	0.01
2626	G	A	0.03
2632	G	T	0.03
2636	C	A	0.01
2638	C	T	0.01
2644	C	T	0.02
2647	A	G	0.06
2651	A	G	0.01
2652	C	T	0.01
2667	C	T	0.01
2675	C	T	0.04
2676	C	T	0.06
2687	G	A	0.01
2695	C	T	0.01
2698	T	C	0.01
2700	C	T	0.01
2701	C	A	0.01
2705	A	G	0.01
2706	C	T	0.02
2710	C	T	0.01
2712	A	G	0.01
2716	C	T	0.01
2717	G	A	0.01
2723	C	T	0.01
2737	T	A	0.01
2745	A	C	0.01
2764	G	T	0.11
2782	G	T	0.01
2788	C	T	0.01
2800	T	C	0.01
2808	G	A	0.06
2809	G	T	0.05
2828	G	C	0.01
2836	C	T	0.17
2840	G	A	0.13
2842	C	T	0.01
2845	T	C	0.01
2851	T	C	0.01
2862	C	T	0.03
2863	A	G	0.01
2875	G	A	0.01
2878	C	T	0.03
2881	C	T	0.02
2884	T	C	0.01
2891	G	A	0.28
2900	G	T	0.01
2900	G	A	0.01
2902	C	T	0.01
2910	C	T	0.01
2914	G	A	0.02
2937	C	T	0.03
2939	C	T	0.10
2940	C	T	0.01
2942	C	T	0.13
2945	G	A	0.02
2948	A	G	0.01
2951	G	T	0.01
2952	A	G	0.02
2956	AG	TT	0.01
2969	A	G	0.02
2971	G	T	0.01
2973	C	T	0.03
2976	C	T	0.01
2980	C	T	0.02
2992	T	C	0.01
2997	C	T	0.01
3003	A	T	0.01
3004	G	T	0.01
3010	A	G	0.01
3011	T	C	0.05
3014	G	A	0.01
3037	C	T	71.43
3040	C	T	0.03
3041	C	T	0.01
3042	C	T	0.03
3044	C	T	0.01
3046	A	G	0.06
3068	G	A	0.01
3081	A	C	0.01
3084	A	G	0.02
3090	A	G	0.05
3091	G	A	0.01
3094	A	G	0.01
3096	C	T	0.22
3099	C	T	0.03
3113	G	C	0.02
3117	C	T	0.01
3122	G	T	0.01
3123	A	C	0.01
3130	C	T	0.01
3138	A	G	0.01
3140	C	T	0.06
3141	C	A	0.01
3142	T	C	0.01
3144	T	C	0.01
3145	G	T	0.01
3146	G	A	0.01
3157	C	T	0.03
3159	C	T	0.01
3160	T	C	0.01
3165	C	T	0.01
3165	C	G	0.01
3168	C	T	0.01
3172	T	C	0.01
3176	C	T	0.01
3177	C	T	2.73
3177	C	A	0.02
3178	T	G	0.01
3190	A	G	0.03
3192	A	G	0.01
3219	A	G	0.01
3224	A	G	0.01
3229	T	C	0.01
3231	G	T	0.06
3239	G	T	0.01
3241	C	T	0.02
3242	G	A	0.02
3246	G	T	0.01
3248	G	A	0.01
3253	C	T	0.06
3259	G	T	0.03
3259	G	A	0.02
3261	C	T	0.02
3264	C	T	0.02
3267	C	T	0.01
3282	T	C	0.03
3283	T	A	0.01
3285	A	G	0.01
3286	G	T	0.01
3293	C	T	0.01
3294	C	T	0.01
3299	T	C	0.01
3304	G	T	0.06
3306	T	C	0.01
3307	G	A	0.01
3311	C	T	0.02
3311	C	A	0.27
3312	T	C	0.02
3317	C	T	0.02
3328	G	A	0.01
3330	C	T	0.01
3331	T	A	0.01
3332	ATTGAAGTGAAT	............	0.01
3333	TTG	...	0.01
3337	A	G	0.01
3340	G	T	0.01
3365	C	T	0.03
3369	C	T	0.01
3371	G	A	0.02
3373	C	A	0.20
3373	C	T	0.02
3380	T	C	0.01
3393	C	T	0.01
3398	A	C	0.01
3398	A	G	0.01
3406	A	C	0.01
3409	A	G	0.02
3410	G	A	0.01
3411	C	T	0.02
3419	G	A	0.01
3421	A	G	0.06
3428	A	C	0.01
3429	C	T	0.02
3455	T	C	0.01
3460	T	C	0.01
3463	A	G	0.01
3464	C	A	0.01
3476	G	A	0.03
3478	T	C	0.01
3478	T	A	0.02
3482	G	A	0.02
3483	G	T	0.01
3484	A	G	0.01
3487	C	T	0.01
3492	A	C	0.02
3499	T	C	0.01
3503	A	G	0.01
3505	C	T	0.01
3509	G	A	0.01
3517	A	G	0.01
3518	G	T	0.02
3526	T	C	0.01
3532	T	G	0.01
3536	A	G	0.01
3553	A	G	0.01
3558	A	G	0.01
3559	A	G	0.01
3564	G	T	0.17
3569	A	G	0.01
3587	C	T	0.06
3589	C	T	0.08
3593	C	T	0.04
3599	A	G	0.01
3602	C	T	0.02
3607	T	C	0.01
3608	C	T	0.02
3619	C	T	0.02
3625	A	C	0.02
3625	A	T	0.01
3628	T	C	0.02
3632	A	G	0.01
3634	C	T	0.05
3635	A	G	0.02
3638	G	T	0.01
3653	C	T	0.06
3655	T	C	0.04
3661	G	T	0.03
3688	C	T	0.01
3692	G	T	0.08
3698	C	A	0.01
3717	C	T	0.01
3722	A	G	0.08
3727	T	C	0.01
3736	C	T	0.02
3737	C	T	0.03
3738	C	T	0.08
3759	G	T	0.01
3766	T	C	0.02
3768	C	T	0.02
3775	C	T	0.01
3778	A	G	0.01
3784	C	T	0.05
3787	C	T	0.03
3790	A	G	0.01
3796	C	T	0.01
3811	C	T	0.03
3815	G	A	0.01
3817	C	T	0.02
3828	C	T	0.01
3831	G	C	0.01
3832	C	T	0.02
3841	A	T	0.05
3843	T	G	0.01
3843	T	C	0.01
3852	A	C	0.01
3871	G	A	0.01
3871	G	T	0.31
3874	C	T	0.01
3876	C	T	0.02
3877	TGAGATTCCTAAAGAGGAAGT	.....................	0.02
3885	C	T	0.01
3889	A	G	0.01
3892	G	T	0.86
3896	G	T	0.01
3923	C	T	0.01
3927	C	T	0.01
3931	T	C	0.15
3938	A	C	0.01
3947	G	T	0.01
3952	T	C	0.01
3955	G	A	0.01
3955	G	T	0.15
3965	G	A	0.01
3990	C	T	0.04
3992	C	T	0.02
3994	G	T	0.01
4000	A	G	0.01
4002	C	T	0.16
4015	AGA	TCT	0.01
4015	A	G	0.01
4034	A	G	0.01
4045	T	A	0.01
4069	C	T	0.03
4084	C	T	0.05
4091	A	G	0.01
4096	T	C	0.01
4105	G	T	0.01
4112	G	T	0.02
4113	C	T	0.14
4115	C	T	0.01
4117	A	G	0.01
4120	T	C	0.01
4125	TG	AA	0.01
4127	G	A	0.01
4136	G	T	0.01
4148	G	T	0.05
4155	C	A	0.01
4158	C	T	0.02
4162	G	A	0.01
4174	T	C	0.01
4180	G	T	0.03
4197	A	G	0.06
4198	A	T	0.01
4201	G	T	0.01
4202	C	T	0.04
4220	A	G	0.01
4225	G	T	0.02
4226	C	T	0.03
4230	C	A	0.02
4231	A	G	0.03
4234	C	T	0.02
4236	A	G	0.13
4246	C	T	0.03
4252	C	T	0.01
4255	G	T	0.08
4255	G	A	0.01
4269	A	G	0.01
4276	C	T	0.01
4282	A	G	0.01
4285	G	T	0.01
4288	G	T	0.01
4293	A	G	0.01
4297	A	G	0.01
4300	G	T	0.01
4307	A	C	0.01
4320	C	T	0.03
4321	C	T	0.05
4322	T	C	0.01
4331	C	T	0.03
4340	A	G	0.01
4345	C	T	0.01
4357	G	T	0.01
4381	T	G	0.01
4386	A	G	0.08
4389	T	G	0.01
4390	G	T	0.12
4399	G	T	0.02
4400	C	T	0.01
4402	T	C	0.10
4404	C	T	0.01
4421	C	T	0.01
4423	C	T	0.06
4444	G	T	0.02
4454	G	T	0.01
4455	C	T	0.03
4456	C	T	0.10
4475	C	T	0.03
4476	G	A	0.01
4494	A	G	0.02
4504	G	A	0.02
4504	G	T	0.01
4510	G	C	0.01
4510	G	T	0.05
4522	T	C	0.01
4523	G	A	0.42
4528	A	G	0.01
4534	C	T	0.01
4540	C	T	1.15
4543	C	T	0.05
4544	A	T	0.02
4550	A	G	0.01
4551	C	T	0.06
4560	C	T	0.01
4575	C	T	0.01
4577	C	T	0.01
4579	T	A	0.01
4582	C	T	0.19
4586	C	T	0.01
4589	A	C	0.01
4590	A	G	0.01
4595	A	G	0.01
4597	T	C	0.01
4615	T	C	0.01
4622	G	T	0.01
4624	A	G	0.55
4631	G	A	0.03
4633	C	T	0.02
4642	G	A	0.01
4655	C	T	0.02
4657	G	A	0.23
4668	C	T	0.02
4672	C	T	0.03
4678	G	A	0.01
4683	C	T	0.09
4687	A	T	0.02
4711	T	C	0.17
4718	G	T	0.01
4720	G	T	0.02
4720	G	A	0.01
4754	C	T	0.01
4755	C	T	0.05
4764	A	G	0.03
4776	C	T	0.27
4779	T	C	0.02
4780	C	T	0.01
4780	C	A	0.01
4784	C	T	0.01
4790	G	A	0.01
4795	C	T	0.04
4809	C	T	0.04
4810	C	T	0.01
4813	T	C	0.01
4838	A	G	0.23
4866	G	T	0.05
4878	C	T	0.05
4880	AGT	...	0.05
4885	T	C	0.02
4886	C	T	0.04
4890	C	T	0.01
4891	C	T	0.01
4892	A	G	0.02
4897	C	T	0.04
4900	C	T	0.01
4904	G	T	0.31
4905	A	G	0.01
4911	A	T	0.01
4912	A	C	0.09
4940	C	T	0.02
4946	T	C	0.01
4949	T	C	0.01
4951	G	A	0.02
4960	G	T	0.01
4965	C	T	0.05
4967	A	G	0.01
4975	G	T	0.09
4987	A	G	0.01
4990	C	T	0.01
4993	C	T	0.06
4999	C	T	0.04
5000	C	T	0.01
5005	C	T	0.01
5007	C	T	0.02
5008	G	T	0.01
5010	A	T	0.01
5011	A	C	0.25
5017	G	T	0.04
5019	A	G	0.01
5031	C	T	0.01
5048	G	T	0.01
5052	C	T	0.02
5062	G	T	0.10
5065	T	C	0.01
5069	G	T	0.01
5084	A	G	0.02
5093	C	T	0.01
5098	T	C	0.01
5101	A	T	0.01
5124	T	G	0.01
5140	C	T	0.01
5142	C	T	0.02
5144	C	T	0.02
5148	G	T	0.01
5158	T	G	0.03
5165	T	C	0.01
5170	C	T	0.08
5171	C	T	0.01
5173	C	T	0.01
5174	A	G	0.02
5175	C	T	0.01
5183	C	T	0.23
5184	C	T	0.18
5185	T	C	0.04
5194	G	T	0.02
5206	G	T	0.31
5211	C	T	0.01
5218	T	C	0.01
5230	G	T	0.01
5239	C	T	0.02
5240	C	G	0.01
5241	C	T	0.01
5260	T	C	0.01
5273	G	A	0.01
5277	A	G	0.01
5278	T	G	0.01
5281	C	T	0.01
5284	C	T	0.03
5298	C	T	0.01
5301	C	T	0.02
5309	A	G	0.11
5310	C	T	0.03
5317	A	G	0.05
5337	A	G	0.01
5338	T	C	0.05
5339	C	T	0.02
5348	C	T	0.02
5355	A	G	0.01
5356	T	C	0.02
5392	C	T	0.01
5405	A	G	0.01
5421	A	G	0.01
5449	T	C	0.01
5461	G	T	0.01
5462	A	G	0.01
5467	C	T	0.25
5468	T	C	0.01
5482	C	T	0.01
5485	T	G	0.01
5506	C	A	0.01
5512	C	T	0.02
5538	A	T	0.09
5539	G	A	0.01
5541	A	G	0.01
5542	G	C	0.01
5544	C	T	0.02
5547	C	T	0.01
5550	T	G	0.01
5554	G	T	0.01
5555	G	A	0.02
5557	T	C	0.01
5572	G	T	0.11
5572	G	A	0.03
5612	G	A	0.01
5617	G	A	0.01
5622	C	T	0.06
5629	G	T	0.02
5654	C	T	0.01
5665	G	A	0.01
5672	C	T	0.04
5681	A	G	0.01
5694	C	A	0.01
5698	T	C	0.01
5700	C	T	0.01
5700	C	A	0.02
5707	T	C	0.01
5714	A	G	0.01
5716	G	T	0.01
5717	C	T	0.03
5725	A	G	0.55
5728	T	C	0.01
5730	C	T	0.05
5742	A	T	0.02
5743	G	A	0.01
5758	C	T	0.02
5784	C	T	0.23
5796	C	T	0.03
5797	T	C	0.01
5806	C	T	0.03
5812	C	T	0.05
5816	G	A	0.01
5821	A	G	0.01
5822	C	T	0.01
5825	A	G	0.01
5826	C	T	0.04
5838	A	G	0.01
5845	A	T	0.01
5849	C	T	0.01
5850	C	T	0.10
5851	T	C	0.01
5860	T	C	0.02
5861	G	A	0.01
5862	T	C	0.01
5869	C	T	0.13
5878	C	T	0.02
5884	C	T	0.18
5886	C	T	0.01
5907	C	T	0.01
5917	G	A	0.01
5934	C	T	0.02
5941	T	G	0.01
5941	T	C	0.01
5954	G	A	0.01
5956	C	T	0.02
5958	A	T	0.01
5967	A	G	0.01
5974	C	T	0.01
5986	C	T	0.04
5995	A	G	0.01
6007	TG	AC	0.01
6011	C	T	0.01
6013	A	C	0.02
6016	C	A	0.01
6018	A	G	0.01
6026	C	T	0.14
6027	C	T	0.14
6027	C	A	0.01
6030	A	G	0.01
6031	C	T	0.04
6032	G	A	0.01
6035	A	G	0.03
6036	G	A	0.01
6039	T	C	0.01
6040	C	T	1.28
6042	A	G	0.01
6051	A	C	0.02
6069	T	C	0.02
6070	C	T	0.04
6079	T	C	0.01
6081	A	G	0.02
6091	C	T	0.01
6119	T	C	0.01
6120	C	T	0.02
6124	A	G	0.01
6134	G	A	0.01
6145	C	T	0.01
6149	G	T	0.01
6151	C	T	0.01
6170	G	C	0.01
6178	T	C	0.02
6183	A	G	0.01
6190	C	T	0.01
6195	C	T	0.01
6196	C	T	0.06
6198	C	T	0.01
6209	G	A	0.01
6220	G	A	0.01
6228	A	G	0.02
6255	C	T	0.05
6258	C	T	0.06
6267	C	T	0.01
6268	C	A	0.01
6273	A	G	0.01
6274	T	C	0.01
6277	A	G	0.01
6285	C	T	0.10
6286	C	T	0.02
6294	T	C	0.02
6310	C	A	0.05
6310	C	T	0.19
6312	C	T	0.03
6312	C	A	0.57
6312	C	G	0.02
6313	A	G	0.01
6317	C	T	0.02
6324	A	G	0.01
6329	T	C	0.01
6331	A	G	0.01
6337	G	T	0.01
6341	G	A	0.01
6342	A	C	0.01
6345	T	C	0.01
6347	C	T	0.01
6352	G	A	0.04
6354	C	T	0.03
6361	C	T	0.01
6362	G	A	0.06
6363	C	T	0.13
6369	G	A	0.01
6373	G	T	0.01
6375	A	G	0.01
6384	C	T	0.02
6391	A	G	0.01
6394	T	G	0.01
6394	T	C	0.04
6395	C	T	0.02
6398	A	C	0.02
6401	C	T	0.02
6402	C	T	0.08
6404	G	T	0.04
6407	T	C	0.06
6419	G	A	0.01
6419	G	T	0.01
6421	G	T	0.01
6424	A	C	0.01
6427	T	C	0.01
6439	G	A	0.01
6443	G	A	0.02
6445	C	T	0.08
6446	G	A	0.12
6449	C	T	0.02
6454	G	T	0.01
6454	G	A	0.01
6463	G	T	0.01
6466	A	G	0.01
6475	A	C	0.01
6500	C	T	0.01
6501	C	T	0.03
6504	C	T	0.09
6505	A	G	0.01
6510	ATAGTT	......	0.02
6512	A	C	0.11
6513	G	T	0.03
6525	C	T	0.02
6530	G	A	0.01
6532	G	T	0.04
6539	C	T	0.02
6541	C	T	0.04
6543	C	T	0.03
6548	C	T	0.02
6551	A	G	0.02
6555	C	T	0.01
6558	C	T	0.01
6568	C	T	0.02
6573	C	T	0.08
6574	T	A	0.01
6576	G	T	0.01
6578	C	T	0.01
6582	C	T	0.01
6584	A	G	0.01
6589	G	T	0.01
6604	A	G	0.01
6606	C	T	0.04
6616	A	G	0.01
6627	C	T	0.02
6628	C	T	0.01
6629	C	T	0.06
6633	C	T	0.01
6636	C	T	0.04
6638	C	T	0.08
6639	A	G	0.01
6640	T	C	0.01
6646	A	G	0.02
6651	C	T	0.06
6653	G	A	0.03
6659	A	G	0.01
6664	C	T	0.01
6670	G	T	0.01
6672	A	G	0.02
6674	A	G	0.01
6684	A	G	0.01
6685	T	C	0.01
6685	TTA	...	0.01
6691	T	C	0.02
6693	A	G	0.49
6694	G	A	0.02
6695	C	T	0.01
6696	C	T	0.01
6701	C	T	0.01
6702	T	C	0.01
6706	C	T	0.01
6708	A	G	0.01
6709	A	G	0.17
6717	G	A	0.01
6720	C	T	0.02
6723	C	T	0.05
6729	A	C	0.01
6730	C	T	0.04
6746	T	C	0.01
6748	A	G	0.01
6762	C	T	0.01
6779	T	A	0.01
6781	C	T	0.01
6786	C	T	0.01
6791	T	A	0.02
6813	C	T	0.03
6814	T	C	0.04
6818	A	G	0.03
6819	G	T	0.03
6821	A	G	0.01
6840	C	T	0.01
6843	C	T	0.03
6844	T	C	0.01
6848	C	T	0.02
6852	C	T	0.01
6853	T	C	0.01
6865	G	T	0.01
6866	A	T	0.01
6867	A	G	0.01
6869	A	T	0.02
6874	T	C	0.01
6877	G	T	0.01
6882	T	C	0.01
6883	C	T	0.01
6884	G	T	0.03
6894	G	T	0.03
6896	C	T	0.02
6905	T	G	0.09
6906	C	T	0.01
6926	C	T	0.01
6931	T	C	0.02
6936	C	T	0.06
6944	A	G	0.02
6950	A	G	0.01
6961	G	T	0.01
6963	TT	AC	0.01
6968	C	A	0.01
6971	T	C	0.03
6975	G	T	0.04
6977	G	A	0.03
6982	C	T	0.01
6989	T	C	0.02
6990	C	T	0.08
6996	T	C	0.03
7000	C	T	0.01
7006	C	T	0.03
7011	C	T	0.09
7016	G	A	0.01
7022	T	C	0.01
7025	A	G	0.01
7029	C	T	0.01
7030	T	A	0.01
7039	C	T	0.01
7042	G	T	0.02
7043	C	T	0.02
7047	C	T	0.01
7050	A	C	0.01
7067	G	A	0.02
7079	A	G	0.01
7081	C	T	0.02
7083	C	T	0.01
7084	T	C	0.01
7093	C	T	0.02
7113	C	T	0.04
7119	C	T	0.03
7128	G	A	0.01
7130	A	G	0.02
7162	C	T	0.01
7164	C	T	0.04
7165	C	T	0.01
7168	T	C	0.01
7169	C	T	0.01
7173	C	T	0.01
7191	T	C	0.01
7193	A	G	0.01
7198	T	C	0.01
7225	T	C	0.08
7235	G	A	0.02
7237	T	C	0.01
7240	A	G	0.01
7267	C	T	0.03
7270	T	C	0.01
7273	G	A	0.01
7279	C	T	0.03
7283	G	A	0.01
7291	A	G	0.01
7296	C	T	0.01
7299	C	T	0.01
7312	G	A	0.01
7318	C	A	0.01
7321	C	T	0.01
7331	G	A	0.01
7334	C	T	0.03
7380	T	C	0.01
7386	T	C	0.03
7392	C	T	0.01
7393	G	T	0.01
7393	G	A	0.01
7420	C	T	0.23
7425	T	C	0.01
7427	G	T	0.01
7438	T	C	0.31
7452	G	T	0.03
7479	A	G	0.13
7480	T	C	0.01
7482	C	T	0.01
7487	A	G	0.01
7503	A	G	0.01
7504	C	T	0.02
7513	T	C	0.02
7518	C	T	0.01
7521	C	T	0.01
7528	C	T	0.05
7540	T	C	0.01
7546	T	C	0.01
7553	G	A	0.03
7557	G	A	0.08
7560	G	A	0.39
7561	G	A	0.01
7562	T	C	0.01
7564	C	T	0.04
7576	T	C	0.01
7582	T	C	0.01
7594	C	T	0.01
7600	C	T	0.06
7609	C	T	0.03
7626	A	G	0.01
7641	G	A	0.01
7675	G	T	0.01
7684	G	A	0.01
7712	C	T	0.01
7716	C	T	0.01
7720	C	T	0.01
7728	C	T	0.03
7728	C	A	0.02
7732	C	T	0.03
7736	G	A	0.01
7743	G	T	0.01
7749	C	T	0.02
7756	G	T	0.01
7757	A	G	0.01
7764	C	T	0.02
7765	C	T	0.08
7765	C	A	0.02
7767	T	C	0.03
7768	C	T	0.15
7770	A	G	0.01
7798	G	T	0.03
7815	C	T	0.05
7818	T	C	0.01
7834	C	T	0.02
7837	A	C	0.01
7838	G	T	0.01
7843	C	T	0.08
7844	C	A	0.01
7857	A	G	0.01
7858	C	T	0.01
7866	G	T	0.01
7870	A	G	0.03
7892	T	C	0.01
7901	A	G	0.01
7926	C	T	0.03
7929	A	G	0.26
7932	C	T	0.02
7936	G	A	0.05
7936	G	T	0.03
7945	C	T	0.09
7954	G	T	0.01
7966	A	G	0.01
7975	G	A	0.01
7981	A	G	0.05
8001	A	C	0.01
8004	T	C	0.01
8005	T	C	0.01
8011	T	C	0.01
8016	C	T	0.03
8025	C	T	0.03
8031	A	G	0.04
8041	T	C	0.01
8043	C	T	0.01
8053	T	C	0.01
8055	C	T	0.01
8067	C	T	0.01
8068	T	C	0.02
8072	A	G	0.12
8073	A	G	0.01
8078	C	T	0.06
8079	C	A	0.01
8083	G	A	0.04
8083	G	T	0.02
8090	C	T	0.03
8092	C	T	0.08
8101	A	T	0.03
8102	G	T	0.11
8109	C	T	0.01
8115	A	G	0.01
8116	A	G	0.03
8123	C	T	0.01
8131	G	T	0.05
8137	G	T	0.01
8139	C	T	0.01
8140	C	T	0.01
8145	A	G	0.01
8158	T	C	0.01
8160	C	T	0.01
8162	T	C	0.01
8164	T	C	0.01
8170	A	G	0.01
8175	C	T	0.04
8175	C	A	0.01
8179	G	T	0.01
8185	G	A	0.01
8200	T	C	0.01
8201	G	A	0.01
8208	C	T	0.03
8212	A	G	0.02
8222	G	A	0.01
8228	C	T	0.01
8240	C	T	0.01
8247	C	T	0.02
8248	T	A	0.01
8252	A	G	0.11
8266	C	T	0.09
8278	T	C	0.04
8281	C	T	0.10
8290	C	T	0.01
8296	T	C	0.02
8299	C	T	0.01
8315	A	G	0.03
8316	C	T	0.02
8318	C	A	0.02
8320	C	T	0.02
8327	C	T	0.11
8336	T	C	0.01
8344	C	T	0.10
8352	C	T	0.01
8356	T	C	0.01
8357	C	T	0.02
8367	C	T	0.01
8371	G	T	0.12
8388	A	G	0.01
8389	C	T	0.48
8391	T	C	0.03
8394	C	T	0.02
8422	G	A	0.01
8431	T	C	0.02
8439	T	C	0.01
8523	T	C	0.01
8525	G	A	0.10
8527	AA	.T	0.01
8530	.	G	0.01
8535	A	T	0.01
8561	G	A	0.01
8575	G	A	0.01
8595	C	T	0.03
8599	T	C	0.01
8600	G	T	0.01
8602	G	A	0.11
8616	C	T	0.01
8619	C	T	0.01
8626	C	T	0.01
8633	A	G	0.01
8637	C	A	0.01
8653	G	T	0.09
8655	C	T	0.03
8658	A	G	0.02
8660	C	T	0.01
8664	C	T	0.01
8664	C	A	0.08
8665	T	G	0.03
8676	G	T	0.08
8681	A	G	0.02
8683	C	T	0.02
8695	G	A	0.01
8697	C	T	0.02
8699	A	G	0.01
8701	T	A	0.01
8706	G	C	0.01
8707	T	C	0.01
8719	T	C	0.01
8722	C	T	0.02
8728	A	G	0.01
8730	C	T	0.02
8730	C	A	0.01
8734	A	G	0.01
8767	TGACACATGGTT	............	0.01
8768	G	A	0.01
8770	C	T	0.01
8771	A	G	0.01
8772	C	T	0.01
8781	G	A	0.01
8782	C	T	18.93
8785	G	A	0.09
8790	G	T	0.06
8792	G	T	0.01
8796	G	T	0.01
8802	C	T	0.01
8805	A	C	0.01
8818	C	T	0.09
8821	A	G	0.01
8828	G	A	0.02
8841	C	T	0.03
8851	G	A	0.08
8852	G	A	0.01
8855	T	C	0.01
8855	T	A	0.01
8867	G	A	0.01
8876	G	A	0.02
8880	C	T	0.01
8882	A	G	0.02
8883	T	C	0.04
8884	A	G	0.02
8885	TT	AA	0.03
8886	T	C	0.05
8890	C	T	0.01
8891	A	G	0.01
8892	C	T	0.06
8899	T	C	0.02
8917	C	T	0.06
8937	C	T	0.02
8945	A	G	0.01
8947	C	T	0.01
8950	C	T	0.16
8956	C	T	0.03
8972	A	G	0.01
8977	G	A	0.01
8980	C	T	0.01
8982	C	T	0.01
8987	T	A	0.01
8996	T	G	0.01
9019	A	G	0.01
9034	A	G	0.01
9037	T	C	0.02
9037	T	G	0.01
9039	C	T	0.01
9046	T	C	0.01
9048	A	G	0.01
9049	G	T	0.01
9053	G	C	0.01
9058	A	G	0.01
9070	T	C	0.05
9092	G	A	0.01
9094	T	C	0.01
9102	A	G	0.01
9104	A	G	0.01
9105	G	A	0.01
9113	C	T	0.04
9116	G	A	0.03
9127	T	C	0.02
9136	G	A	0.01
9142	C	T	0.01
9157	T	C	0.02
9158	C	T	0.01
9159	C	T	0.01
9163	C	T	0.01
9165	C	T	0.04
9166	C	T	0.01
9169	C	T	0.02
9170	C	T	0.04
9172	T	C	0.17
9176	G	A	0.02
9179	T	C	0.01
9180	C	T	0.03
9190	G	T	0.02
9195	C	T	0.08
9198	C	T	0.01
9204	A	G	0.01
9207	C	T	0.01
9208	T	A	0.01
9214	C	T	0.02
9218	A	G	0.01
9223	C	T	0.14
9228	C	T	0.02
9236	A	G	0.01
9244	A	G	0.01
9246	C	T	0.03
9264	C	T	0.01
9274	A	G	0.01
9286	C	T	0.01
9301	A	G	0.01
9307	A	G	0.02
9319	C	A	0.01
9319	C	T	0.09
9333	C	T	0.01
9338	A	T	0.01
9348	C	T	0.01
9357	T	C	0.01
9360	C	T	0.01
9370	T	G	0.01
9388	G	A	0.01
9403	T	A	0.01
9409	A	G	0.01
9419	A	G	0.01
9429	T	C	0.03
9430	C	A	0.02
9430	C	T	0.17
9431	G	A	0.02
9431	G	T	0.01
9433	A	G	0.01
9438	C	T	0.04
9440	T	A	0.03
9443	C	T	0.01
9448	C	T	0.01
9454	T	C	0.01
9474	C	T	0.05
9477	T	A	1.11
9479	G	T	0.06
9484	A	C	0.01
9491	C	T	0.19
9496	A	G	0.02
9507	A	G	0.02
9510	C	T	0.02
9511	T	C	0.01
9514	A	G	0.08
9518	T	C	0.02
9520	C	T	0.06
9521	C	T	0.06
9534	C	A	0.01
9534	C	T	0.02
9541	C	T	0.01
9561	C	T	0.08
9562	A	G	0.01
9565	C	T	0.04
9584	G	T	0.01
9598	C	T	0.08
9601	G	A	0.01
9601	G	T	0.11
9603	C	T	0.01
9611	C	T	0.01
9615	C	T	0.01
9623	G	T	0.02
9634	A	T	0.01
9652	G	A	0.01
9659	T	C	0.01
9660	T	C	0.01
9661	C	T	0.02
9665	C	T	0.02
9683	A	G	0.01
9685	A	G	0.02
9693	C	T	0.02
9697	T	C	0.01
9698	A	G	0.01
9704	TG	CT	0.01
9706	T	C	0.01
9707	A	G	0.02
9708	T	C	0.01
9711	C	T	0.01
9714	C	G	0.01
9719	C	A	0.01
9721	TTTCTATTGGTTCTT	...............	0.01
9724	C	T	0.04
9733	C	T	0.01
9743	T	C	0.01
9746	C	T	0.01
9749	A	G	0.01
9753	G	A	0.01
9757	T	C	0.01
9758	G	A	0.02
9763	C	A	0.04
9793	A	G	0.01
9802	G	T	0.02
9802	G	A	0.04
9803	C	T	0.01
9805	G	A	0.01
9805	G	T	0.01
9808	C	T	0.01
9811	C	T	0.04
9826	A	G	0.01
9830	A	G	0.01
9836	C	T	0.01
9838	A	G	0.01
9848	A	G	0.02
9857	C	T	0.03
9866	C	T	0.01
9874	A	G	0.01
9886	C	T	0.01
9891	C	T	0.05
9893	C	T	0.02
9899	AA	TT	0.01
9924	C	T	0.12
9928	G	T	0.01
9935	A	G	0.01
9936	C	T	0.04
9943	C	T	0.03
9951	C	T	0.02
9961	T	C	0.01
9962	C	T	0.04
9967	C	T	0.16
9968	G	A	0.02
9969	C	T	0.01
9976	T	C	0.01
9979	C	T	0.04
9994	C	T	0.01
9995	T	G	0.01
9996	C	T	0.01
10002	C	T	0.02
10015	C	T	0.05
10029	C	T	0.04
10030	C	A	0.01
10033	T	C	0.01
10036	C	T	0.04
10039	C	T	0.01
10042	A	T	0.01
10070	A	C	0.06
10081	A	T	0.01
10097	G	A	0.15
10116	C	T	0.01
10121	G	A	0.02
10128	C	T	0.01
10129	T	C	0.03
10138	C	T	0.02
10156	C	T	0.10
10162	T	C	0.01
10186	C	T	0.01
10188	C	T	0.66
10198	C	T	0.02
10202	C	T	0.01
10207	C	T	0.05
10213	T	C	0.01
10216	T	C	0.23
10228	C	T	0.02
10232	C	T	0.03
10236	A	G	0.13
10241	AA	GG	0.01
10248	A	G	0.01
10256	G	T	0.01
10256	G	A	0.01
10260	A	G	0.01
10265	G	A	0.20
10277	C	T	0.23
10279	C	T	0.01
10286	A	G	0.01
10288	T	A	0.01
10296	C	T	0.01
10301	C	A	0.03
10312	A	G	0.01
10313	C	T	0.01
10317	A	G	0.01
10319	C	T	1.59
10323	A	G	0.09
10332	C	T	0.01
10335	C	T	0.01
10354	G	T	0.01
10360	G	A	0.01
10368	G	A	0.01
10369	C	T	0.04
10376	C	T	0.01
10377	C	T	0.05
10394	G	T	0.01
10416	C	T	0.02
10432	C	T	0.01
10440	C	T	0.05
10448	C	T	0.01
10450	C	T	0.01
10456	C	T	0.01
10458	C	T	0.01
10478	AA	CT	0.02
10479	A	G	0.01
10480	T	C	0.03
10504	T	C	0.01
10507	C	T	0.06
10512	A	G	0.02
10519	C	T	0.01
10521	G	T	0.01
10523	G	C	0.06
10524	T	C	0.01
10525	C	T	0.02
10533	G	A	0.01
10561	T	C	0.02
10572	C	T	0.01
10579	A	G	0.04
10582	C	T	0.23
10594	C	T	0.02
10605	C	T	0.01
10615	C	T	0.01
10617	G	A	0.05
10623	C	T	0.01
10624	A	C	0.01
10626	C	T	0.10
10631	G	T	0.04
10631	G	A	0.02
10632	C	T	0.03
10635	C	T	0.01
10641	C	T	0.02
10642	G	T	0.01
10669	A	G	0.01
10670	G	C	0.01
10681	C	T	0.01
10688	G	T	0.01
10697	G	A	0.01
10705	G	A	0.01
10712	C	T	0.63
10714	C	T	0.01
10719	G	A	0.01
10747	C	T	0.01
10753	G	T	0.02
10755	C	T	0.02
10761	A	G	0.15
10771	T	C	0.05
10776	C	T	0.03
10778	C	T	0.02
10786	A	G	0.01
10790	C	T	0.01
10793	G	T	0.01
10805	G	A	0.01
10811	C	T	0.01
10813	T	A	0.01
10818	C	T	0.10
10829	A	G	0.05
10830	T	C	0.02
10833	C	T	0.02
10844	A	G	0.03
10846	G	T	0.01
10851	C	T	0.41
10852	T	C	0.01
10870	G	T	0.03
10874	A	G	0.01
10880	A	G	0.01
10881	T	C	0.01
10889	C	T	0.04
10904	A	G	0.01
10905	G	T	0.01
10908	C	T	0.26
10933	T	C	0.01
10948	A	G	0.17
10954	C	T	0.01
10956	C	T	0.01
10960	T	C	0.05
10965	C	T	0.01
10972	A	G	0.01
10989	C	T	0.02
10995	A	G	0.01
11003	C	T	0.02
11005	C	T	0.01
11008	C	T	0.01
11018	C	A	0.01
11020	C	T	0.02
11022	C	T	0.01
11036	C	T	0.05
11042	G	T	0.01
11074	C	T	0.09
11075	.	T	0.02
11081	.	T	0.04
11083	G	C	0.01
11083	G	T	5.17
11095	C	T	0.01
11101	A	G	0.01
11102	C	T	0.10
11108	G	T	0.01
11109	C	T	0.02
11113	G	T	0.01
11121	T	C	0.01
11124	C	T	0.04
11138	G	T	0.01
11142	T	C	0.01
11150	G	A	0.01
11161	G	A	0.02
11182	T	C	0.02
11191	T	A	0.01
11195	C	T	0.11
11200	C	T	0.03
11207	G	C	0.01
11217	A	G	0.01
11221	G	A	0.01
11222	G	T	0.02
11224	C	T	0.13
11227	T	C	0.01
11230	G	T	0.02
11233	T	G	0.01
11268	A	G	0.02
11270	ATGGTTGAT	.........	0.02
11274	T	.	0.01
11276	G	A	0.01
11278	.	C	0.01
11289	C	T	0.04
11291	G	A	0.01
11305	A	G	0.01
11306	G	A	0.04
11320	T	C	0.61
11322	C	T	0.01
11327	G	A	0.01
11335	G	T	0.01
11344	C	T	0.01
11348	A	G	0.05
11355	C	T	0.04
11365	G	T	0.02
11375	G	A	0.01
11376	G	T	0.01
11379	C	T	0.03
11401	G	T	0.03
11410	G	A	0.02
11412	C	T	0.01
11414	C	T	0.01
11417	G	T	0.37
11422	T	C	0.02
11425	A	G	0.03
11426	G	T	0.01
11439	A	G	0.01
11447	G	A	0.01
11454	C	T	0.04
11455	C	T	0.02
11460	C	A	0.01
11470	T	C	0.01
11471	C	T	0.01
11479	C	T	0.01
11515	T	A	0.01
11521	G	T	0.01
11526	T	C	0.01
11534	G	A	0.04
11535	G	T	0.08
11537	A	G	0.01
11538	T	C	0.01
11539	T	C	0.01
11542	TTT	...	0.01
11557	G	A	0.02
11561	T	C	0.01
11566	T	A	0.01
11572	C	T	0.08
11575	C	T	0.20
11579	A	G	0.01
11585	A	G	0.02
11591	C	T	0.01
11595	A	G	0.03
11596	G	T	0.02
11609	G	A	0.01
11620	C	T	0.01
11635	T	C	0.01
11638	T	C	0.04
11653	C	T	0.02
11668	C	T	0.01
11671	C	T	0.05
11674	C	T	0.05
11704	C	T	0.11
11725	T	C	0.01
11737	T	C	0.01
11742	A	T	0.01
11747	C	T	0.05
11750	C	T	0.03
11752	C	T	0.04
11758	C	T	0.03
11761	G	T	0.01
11772	A	G	0.01
11781	A	G	0.01
11782	A	G	0.05
11789	A	G	0.01
11798	T	C	0.02
11807	G	A	0.01
11809	T	A	0.01
11824	C	T	0.02
11830	A	G	0.01
11832	C	T	0.02
11833	C	A	0.01
11835	C	T	0.01
11839	A	G	0.01
11851	G	T	0.01
11866	C	T	0.04
11869	A	G	0.02
11878	C	A	0.01
11879	T	C	0.01
11893	G	T	0.01
11914	A	G	0.03
11916	C	T	2.26
11918	T	G	0.02
11919	C	T	0.04
11935	A	C	0.01
11937	G	A	0.01
11940	T	C	0.01
11941	C	T	0.04
11941	C	A	0.05
11956	C	T	0.02
11957	A	G	0.01
11959	T	C	0.01
11962	C	T	0.02
11967	C	T	0.01
11974	T	C	0.01
11975	A	C	0.01
11980	T	C	0.01
12002	T	G	0.01
12004	A	G	0.03
12013	T	C	0.01
12014	G	A	0.01
12025	C	T	0.01
12026	A	G	0.01
12026	A	T	0.01
12026	A	C	0.01
12037	T	C	0.01
12038	G	A	0.03
12041	G	C	0.01
12045	T	C	0.01
12049	C	T	0.02
12052	G	T	0.02
12053	C	T	0.02
12068	C	T	0.06
12070	G	T	0.01
12071	G	A	0.01
12073	C	T	0.05
12076	C	T	0.02
12077	A	G	0.01
12079	G	C	0.01
12081	C	T	0.01
12082	A	G	0.01
12084	C	T	0.01
12085	C	T	0.04
12102	C	T	0.02
12103	A	G	0.03
12110	A	G	0.01
12111	G	A	0.02
12112	T	C	0.24
12115	C	T	0.03
12118	T	C	0.01
12119	C	T	0.09
12130	A	G	0.02
12131	G	T	0.01
12132	C	T	0.02
12140	A	G	0.01
12148	A	T	0.05
12148	A	G	0.01
12153	C	T	0.02
12157	T	C	0.01
12160	G	C	0.01
12167	G	A	0.01
12171	C	T	0.02
12199	A	G	0.01
12202	G	C	0.01
12207	A	G	0.02
12208	G	T	0.01
12213	C	T	0.03
12229	A	G	0.01
12242	C	T	0.01
12249	C	T	0.04
12268	G	A	0.01
12274	G	A	0.01
12274	G	T	0.01
12286	A	G	0.04
12293	A	G	0.01
12298	A	G	0.01
12309	A	G	0.01
12311	G	A	0.01
12315	G	A	0.02
12322	G	A	0.01
12337	A	G	0.01
12347	G	A	0.01
12355	G	C	0.01
12357	C	T	0.01
12361	G	T	0.03
12373	G	T	0.01
12374	C	T	0.01
12378	G	A	0.01
12400	C	T	0.06
12402	A	C	0.01
12403	C	T	0.01
12415	C	T	0.02
12439	C	T	0.04
12459	C	T	0.02
12462	C	T	0.01
12464	G	T	0.01
12467	G	T	0.01
12473	C	T	0.14
12478	G	A	0.85
12488	C	T	0.02
12491	G	T	0.01
12501	C	T	0.01
12507	A	G	0.01
12511	T	C	0.01
12513	C	T	0.04
12514	G	C	0.01
12514	G	T	0.03
12525	C	T	0.06
12530	T	C	0.01
12534	C	T	0.06
12546	C	T	0.01
12555	A	C	0.01
12557	A	C	0.01
12557	A	G	0.16
12572	G	T	0.01
12578	G	T	0.01
12582	G	T	0.01
12600	G	A	0.01
12613	G	A	0.01
12616	C	T	0.02
12623	C	T	0.01
12629	T	C	0.01
12631	A	G	0.01
12651	C	T	0.02
12660	G	C	0.01
12664	C	T	0.02
12666	A	G	0.01
12685	G	C	0.01
12704	G	T	0.01
12709	A	G	0.01
12710	C	T	0.01
12718	G	A	0.02
12729	C	T	0.05
12747	C	T	0.02
12750	C	T	0.01
12754	C	T	0.01
12756	C	T	0.01
12758	G	A	0.01
12773	G	T	0.01
12778	C	T	0.02
12781	C	T	0.06
12786	C	T	0.02
12787	A	G	0.04
12789	C	T	0.02
12793	G	T	0.02
12794	G	A	0.01
12795	G	A	0.10
12797	G	A	0.01
12809	C	T	0.13
12815	C	T	0.01
12817	G	T	0.01
12820	A	G	0.02
12828	T	C	0.01
12839	A	C	0.01
12846	C	T	0.01
12854	C	T	0.09
12859	G	A	0.01
12865	T	C	0.01
12875	A	G	0.01
12876	C	T	0.01
12880	C	T	0.54
12883	T	C	0.01
12890	C	T	0.01
12895	A	G	0.01
12897	C	A	0.02
12910	T	A	0.01
12915	C	T	0.01
12919	C	T	0.01
12933	C	T	0.01
12955	T	C	0.04
12965	T	C	0.01
12970	C	T	0.08
12973	C	T	0.01
12974	C	T	0.01
12988	G	T	0.01
12992	C	T	0.01
13005	C	T	0.02
13006	T	C	0.10
13007	G	A	0.03
13011	C	T	0.01
13019	C	T	0.04
13059	C	T	0.01
13072	C	T	0.02
13082	G	T	0.01
13115	C	T	0.02
13118	G	T	0.02
13119	C	T	0.02
13126	G	T	0.01
13130	C	A	0.01
13138	C	T	0.01
13147	T	C	0.01
13168	C	T	0.01
13170	C	T	0.02
13180	T	C	0.09
13182	A	G	0.01
13188	T	C	0.01
13198	A	G	0.01
13201	G	T	0.02
13210	T	C	0.01
13216	T	C	0.02
13225	C	T	0.02
13225	CT	GC	0.01
13252	C	T	0.23
13261	C	T	0.01
13264	C	T	0.03
13265	A	T	0.03
13269	A	C	0.01
13270	T	C	0.01
13297	C	T	0.03
13308	A	G	0.01
13315	A	G	0.01
13318	A	G	0.03
13329	C	T	0.03
13335	C	T	0.03
13345	T	G	0.01
13348	G	T	0.02
13384	C	T	0.02
13399	T	C	0.01
13408	T	C	0.01
13419	A	T	0.01
13421	C	A	0.01
13423	C	T	0.01
13424	C	T	0.01
13430	C	T	0.01
13430	C	A	0.02
13435	G	A	0.02
13438	T	C	0.18
13441	G	A	0.01
13443	C	T	0.01
13458	C	T	0.01
13459	G	A	0.01
13459	G	T	0.02
13487	C	T	0.20
13495	C	T	0.01
13498	A	G	0.01
13501	C	T	0.01
13502	C	T	0.01
13503	G	A	0.01
13511	C	T	0.01
13512	AGG	TTA	0.02
13512	AG	TT	0.01
13515	C	T	0.01
13517	C	T	0.08
13522	A	G	0.01
13533	A	G	0.01
13536	C	T	0.23
13554	C	T	0.05
13568	C	T	0.01
13571	G	T	0.04
13572	T	C	0.01
13592	C	T	0.01
13608	C	T	0.01
13620	C	T	0.02
13624	G	T	0.01
13627	G	T	0.14
13643	C	T	0.01
13660	A	C	0.01
13665	C	T	0.09
13665	C	A	0.01
13667	C	T	0.02
13684	C	T	0.01
13693	A	T	0.01
13695	A	C	0.02
13703	A	G	0.01
13712	A	G	0.05
13721	C	T	0.03
13723	G	A	0.03
13724	C	T	0.03
13730	C	T	0.65
13737	T	C	0.01
13740	C	T	0.01
13748	A	G	0.01
13755	A	G	0.01
13768	A	G	0.08
13771	G	T	0.01
13774	C	T	0.02
13781	T	G	0.01
13782	A	G	0.01
13812	G	T	0.01
13821	C	A	0.01
13822	G	A	0.01
13845	T	C	0.02
13857	T	C	0.02
13858	G	T	0.01
13859	A	G	0.01
13860	C	T	0.01
13862	C	T	0.03
13900	G	T	0.02
13901	A	G	0.01
13911	C	T	0.01
13914	T	C	0.03
13922	A	G	0.01
13929	T	C	0.04
13932	T	C	0.01
13951	A	T	0.01
13951	A	G	0.01
13953	A	G	0.01
13954	T	G	0.01
13962	A	G	0.03
13975	G	A	0.01
13981	C	T	0.01
13984	G	T	0.01
13986	A	G	0.01
13994	C	T	0.03
14006	C	A	0.01
14008	G	A	0.01
14012	A	T	0.01
14021	A	G	0.01
14028	G	T	0.02
14041	A	C	0.01
14041	A	T	0.01
14044	G	T	0.01
14053	C	T	0.01
14073	T	C	0.29
14086	T	C	0.01
14104	T	C	0.03
14118	G	A	0.01
14118	G	T	0.01
14119	C	T	0.02
14120	C	T	0.01
14126	G	A	0.04
14133	T	C	0.02
14134	C	T	0.02
14145	T	C	0.02
14151	T	C	0.01
14152	T	C	0.01
14177	C	T	0.03
14178	C	T	0.02
14183	C	T	0.05
14184	C	T	0.05
14186	G	T	0.06
14187	G	A	0.01
14199	A	G	0.03
14214	C	T	0.04
14217	T	A	0.01
14220	C	T	0.01
14224	A	G	0.01
14229	G	T	0.01
14229	G	A	0.01
14235	C	T	0.02
14259	T	C	0.02
14262	C	T	0.03
14267	C	T	0.02
14274	G	A	0.05
14274	G	C	0.02
14277	G	T	0.03
14290	G	T	0.04
14313	T	C	0.01
14316	G	T	0.03
14318	C	T	0.01
14322	C	T	0.03
14330	A	G	0.01
14349	T	A	0.01
14350	G	T	0.08
14352	C	T	0.01
14358	C	T	0.01
14383	G	T	0.01
14394	T	A	0.01
14396	C	T	0.02
14401	T	C	0.01
14407	CC	TT	0.08
14408	C	T	71.49
14422	C	T	0.01
14425	C	A	0.05
14429	T	A	0.01
14438	T	C	0.01
14446	G	A	0.01
14449	G	T	0.01
14466	T	C	0.01
14471	C	T	0.01
14492	T	C	0.01
14500	G	T	0.02
14501	T	C	0.01
14511	G	T	0.01
14514	T	C	0.01
14549	A	G	0.01
14554	C	T	0.01
14561	A	G	0.01
14568	T	C	0.02
14580	G	A	0.01
14580	G	T	0.03
14585	C	T	0.01
14599	C	T	0.04
14604	A	G	0.04
14605	C	T	0.01
14621	C	T	0.01
14622	G	A	0.01
14638	G	T	0.01
14645	C	T	0.01
14649	C	T	0.02
14653	G	T	0.01
14657	C	T	0.01
14668	G	A	0.01
14673	A	G	0.04
14676	C	T	0.02
14681	A	G	0.01
14688	C	T	0.01
14692	G	A	0.01
14697	C	T	0.01
14708	C	T	0.01
14712	G	A	0.05
14718	G	T	0.01
14724	C	T	0.04
14734	G	T	0.01
14736	A	G	0.04
14743	G	T	0.01
14747	A	G	0.01
14768	C	T	0.10
14771	A	G	0.01
14772	G	T	0.01
14773	G	T	0.01
14774	A	G	0.01
14784	T	C	0.02
14785	G	A	0.01
14786	C	T	0.20
14790	C	T	0.01
14805	C	T	3.73
14818	C	T	0.06
14829	G	T	0.01
14831	G	T	0.01
14836	A	G	0.01
14856	A	G	0.01
14874	G	T	0.09
14877	C	T	0.49
14882	A	G	0.01
14886	T	C	0.01
14898	C	T	0.08
14912	A	G	0.23
14925	C	T	0.43
14931	C	T	0.01
14932	C	T	0.01
14937	C	T	0.27
14940	A	G	0.08
14980	C	T	0.03
15007	G	A	0.03
15017	C	T	0.01
15017	C	A	0.01
15026	C	T	0.02
15033	A	C	0.01
15047	T	C	0.01
15086	G	A	0.01
15101	C	T	0.01
15102	T	C	0.01
15123	T	A	0.01
15126	C	T	0.01
15138	G	T	0.02
15141	C	T	0.01
15147	A	G	0.01
15154	C	T	0.01
15166	T	C	0.06
15182	C	G	0.01
15191	G	T	0.01
15193	G	A	0.01
15193	G	T	0.01
15202	G	T	0.08
15204	A	G	0.01
15205	A	G	0.01
15216	C	T	0.01
15222	C	T	0.03
15240	C	T	0.04
15243	G	T	0.03
15251	C	T	0.02
15252	T	C	0.01
15257	A	G	0.01
15260	G	A	0.01
15264	T	C	0.04
15265	G	A	0.01
15269	A	G	0.01
15277	C	T	0.01
15285	G	T	0.01
15324	C	T	0.76
15325	A	G	0.01
15326	T	C	0.03
15327	G	T	0.01
15342	C	T	0.01
15346	C	T	0.01
15351	T	C	0.01
15352	C	T	0.01
15354	T	A	0.01
15354	T	C	0.48
15363	A	G	0.02
15366	T	C	0.06
15368	C	T	0.01
15371	C	T	0.03
15372	G	T	0.01
15380	G	T	0.06
15384	G	A	0.01
15384	G	T	0.02
15396	C	T	0.01
15406	G	A	0.26
15411	T	C	0.01
15414	G	A	0.01
15426	A	G	0.11
15429	G	A	0.01
15432	T	C	0.04
15442	A	C	0.01
15444	G	T	0.01
15450	C	T	0.02
15451	G	A	0.01
15477	A	G	0.02
15480	C	A	0.01
15480	C	T	0.06
15483	A	G	0.01
15498	A	G	0.01
15498	A	T	0.01
15525	C	T	0.01
15528	T	C	0.01
15531	T	C	0.01
15540	C	T	0.20
15543	G	T	0.04
15578	A	G	0.01
15593	A	G	0.06
15594	G	A	0.01
15597	T	C	0.01
15606	T	C	0.01
15607	T	C	0.01
15613	C	T	0.03
15615	C	T	0.01
15624	T	C	0.01
15641	A	C	0.01
15648	T	C	0.03
15654	C	T	0.04
15656	C	T	0.01
15668	A	G	0.01
15669	T	C	0.11
15672	G	T	0.01
15687	G	A	0.01
15712	C	A	0.01
15720	C	T	0.09
15723	T	C	0.01
15724	G	A	0.01
15728	T	C	0.01
15732	G	T	0.03
15738	C	T	0.03
15752	C	T	0.01
15760	G	T	0.01
15760	G	A	0.31
15765	A	C	0.01
15769	G	A	0.01
15779	A	C	0.02
15780	G	A	0.01
15798	T	C	0.01
15810	C	T	0.03
15817	T	C	0.03
15824	C	T	0.01
15825	T	C	0.01
15842	C	T	0.01
15847	A	G	0.01
15848	C	T	0.01
15849	T	C	0.01
15852	C	T	0.01
15857	C	T	0.05
15861	A	G	0.01
15865	C	T	0.01
15867	T	A	0.01
15868	C	T	0.01
15869	A	T	0.06
15888	T	C	0.01
15895	C	T	0.01
15903	A	G	0.02
15906	G	T	0.08
15910	G	T	0.01
15911	A	G	0.01
15913	G	T	0.01
15919	G	T	0.02
15922	T	C	0.03
15924	C	T	0.01
15927	T	G	0.15
15928	C	T	0.01
15933	C	T	0.01
15951	C	T	0.01
15960	C	T	0.19
15963	C	T	0.01
15972	A	G	0.09
15982	G	T	0.03
15983	T	A	0.02
16017	C	T	0.10
16045	C	T	0.02
16047	T	C	0.04
16049	C	T	0.01
16053	A	G	0.01
16060	A	G	0.01
16064	A	G	0.02
16068	G	T	0.01
16068	G	A	0.02
16073	C	T	0.01
16075	G	T	0.02
16076	A	G	0.01
16077	T	C	0.01
16078	G	A	0.10
16084	C	T	0.09
16085	A	G	0.01
16092	C	T	0.02
16095	A	G	0.02
16111	C	T	0.05
16157	T	A	0.01
16158	G	T	0.01
16163	C	T	0.01
16165	A	G	0.01
16173	C	T	0.02
16178	C	T	0.03
16193	C	T	0.01
16210	A	G	0.01
16221	G	A	0.02
16240	G	A	0.01
16242	T	C	0.01
16245	G	A	0.01
16247	C	T	0.01
16260	C	T	0.61
16264	T	G	0.01
16272	T	G	0.01
16289	C	T	0.16
16293	C	T	0.03
16299	T	C	0.01
16305	A	G	0.01
16308	C	T	0.02
16323	C	T	0.02
16325	G	C	0.01
16329	C	T	0.02
16349	C	T	0.02
16375	C	T	0.02
16376	C	T	0.45
16377	G	T	0.01
16381	G	A	0.26
16386	C	T	0.01
16387	A	T	0.02
16393	C	T	0.01
16396	G	T	0.01
16405	G	A	0.01
16413	T	C	0.01
16419	T	C	0.01
16428	C	T	0.05
16438	A	G	0.03
16456	T	C	0.03
16456	T	G	0.02
16457	C	T	0.12
16466	C	T	0.04
16467	A	G	0.10
16468	C	T	0.04
16470	C	A	0.01
16473	T	A	0.01
16474	A	G	0.02
16475	G	A	0.01
16489	G	T	0.02
16506	T	C	0.01
16512	A	G	0.04
16534	A	G	0.01
16535	G	T	0.01
16549	G	A	0.01
16568	C	T	0.02
16575	C	T	0.04
16593	T	C	0.01
16605	T	C	0.01
16616	C	T	0.16
16617	T	C	0.02
16622	G	A	0.05
16628	A	G	0.01
16641	A	G	0.01
16647	G	T	0.02
16658	C	T	0.01
16662	G	A	0.01
16679	C	T	0.01
16694	C	T	0.05
16699	C	T	0.02
16700	G	T	0.01
16701	T	C	0.01
16707	G	T	0.01
16708	C	G	0.01
16716	C	T	0.01
16726	C	T	0.02
16727	A	G	0.01
16750	C	T	0.04
16762	C	T	0.52
16795	G	T	0.02
16797	A	G	0.02
16799	C	A	0.01
16813	G	A	0.25
16818	A	G	0.01
16830	C	T	0.11
16839	A	G	0.04
16841	A	G	0.01
16846	G	A	0.01
16848	C	T	0.01
16852	G	T	0.04
16853	G	T	0.02
16858	G	T	0.03
16859	C	T	0.05
16863	T	C	0.02
16869	C	T	0.02
16877	C	T	0.01
16887	C	T	0.69
16897	G	T	0.01
16912	G	T	0.27
16915	C	T	0.02
16917	G	T	0.01
16935	G	T	0.02
16937	C	T	0.01
16939	T	C	0.02
16942	A	G	0.02
16947	A	G	0.01
16950	T	C	0.01
16952	C	T	0.01
16957	G	T	0.02
16968	G	A	0.01
16975	G	T	0.05
16984	A	G	0.02
16985	C	T	0.02
16993	T	C	0.02
16997	C	T	0.04
16998	A	T	0.01
17000	C	T	0.01
17002	C	T	0.01
17004	C	T	0.05
17010	C	T	0.39
17010	C	A	0.12
17012	C	T	0.01
17014	G	T	0.35
17019	G	T	0.01
17033	T	C	0.01
17047	A	G	0.01
17049	G	A	0.01
17058	G	A	0.02
17059	C	A	0.01
17074	C	T	0.04
17079	G	T	0.01
17096	G	T	0.01
17104	C	T	0.15
17105	A	G	0.01
17110	G	T	0.01
17118	C	T	0.01
17122	G	T	0.10
17125	C	T	0.04
17126	T	C	0.01
17135	C	A	0.01
17135	C	T	0.01
17137	T	C	0.01
17141	C	A	0.01
17142	T	C	0.01
17145	C	T	0.01
17149	G	A	0.03
17154	T	C	0.01
17158	G	A	0.01
17163	C	T	0.06
17172	C	T	0.02
17193	G	T	0.02
17197	G	A	0.01
17197	G	T	0.01
17211	G	T	0.03
17247	T	C	1.02
17249	C	T	0.02
17252	G	A	0.03
17259	G	T	0.02
17261	G	A	0.01
17274	C	T	0.01
17278	G	T	0.04
17280	G	T	0.01
17285	C	T	0.02
17287	A	G	0.01
17289	A	G	0.01
17296	C	A	0.01
17302	G	T	0.03
17304	C	T	0.04
17326	C	T	0.12
17331	G	T	0.01
17334	G	T	0.01
17338	G	T	0.01
17339	C	T	0.02
17344	A	G	0.01
17347	G	T	0.01
17372	C	T	0.01
17373	C	T	0.08
17376	A	G	0.02
17380	T	C	0.01
17397	C	T	0.02
17399	A	C	0.03
17402	C	T	0.01
17403	C	T	0.01
17410	C	A	0.08
17410	C	T	0.12
17423	A	G	0.04
17427	G	T	0.03
17440	C	T	0.02
17443	G	A	0.01
17470	C	T	0.10
17474	C	T	0.03
17475	T	C	0.01
17482	A	G	0.10
17491	C	T	0.01
17502	C	T	0.02
17506	T	A	0.01
17509	G	T	0.01
17518	C	T	0.02
17521	A	G	0.01
17523	G	T	0.01
17523	G	C	0.01
17528	C	A	0.01
17531	T	C	0.01
17542	A	G	0.01
17550	C	T	0.05
17555	C	T	0.01
17562	G	T	0.01
17569	C	T	0.02
17574	T	A	0.01
17589	T	A	0.01
17590	G	A	0.01
17615	A	G	0.18
17622	A	G	0.01
17631	A	G	0.01
17632	G	A	0.01
17634	C	A	0.02
17639	C	T	0.18
17649	C	T	0.01
17658	G	T	0.02
17671	G	T	0.25
17673	T	C	0.08
17676	C	T	0.04
17678	C	T	0.01
17679	G	T	0.05
17686	G	T	0.01
17687	T	C	0.03
17688	T	C	0.02
17690	C	T	0.10
17718	C	T	0.02
17738	C	A	0.01
17745	C	T	0.01
17747	C	T	13.45
17750	C	T	0.01
17766	C	G	0.01
17766	C	T	0.05
17772	T	C	0.01
17790	G	T	0.01
17796	T	G	0.01
17799	A	G	0.04
17802	C	T	0.01
17808	G	T	0.04
17809	A	G	0.01
17814	G	T	0.01
17815	G	A	0.01
17821	C	T	0.01
17822	C	T	0.02
17823	A	C	0.01
17825	C	T	0.02
17826	T	C	0.01
17844	A	G	0.01
17850	C	T	0.01
17858	A	G	13.84
17859	T	C	0.01
17874	C	T	0.01
17876	C	T	0.01
17877	T	C	0.25
17884	A	G	0.09
17886	T	C	0.01
17892	A	G	0.01
17894	C	T	0.02
17898	C	T	0.02
17907	T	C	0.01
17919	T	C	0.01
17928	T	C	0.02
17934	C	T	0.12
17938	G	A	0.01
17944	G	T	0.06
17949	C	T	0.01
17961	A	G	0.01
17964	G	T	0.01
17964	G	A	0.01
17972	G	T	0.01
17977	C	T	0.01
17985	C	T	0.01
17988	G	A	0.03
17992	C	A	0.01
17993	A	G	0.01
17999	C	T	0.02
18015	A	G	0.01
18028	G	T	0.01
18029	C	T	0.17
18032	C	T	0.01
18032	C	A	0.01
18057	A	G	0.01
18060	C	T	13.97
18082	A	G	0.01
18086	C	T	0.05
18086	C	A	0.05
18087	T	G	0.01
18099	T	C	0.01
18102	A	G	0.01
18105	G	T	0.03
18106	G	T	0.02
18115	C	T	0.14
18121	A	G	0.01
18126	T	C	0.02
18129	C	T	0.03
18131	C	T	0.03
18134	A	G	0.01
18144	T	C	0.06
18148	G	A	0.01
18149	G	T	0.01
18153	A	G	0.02
18163	A	T	0.01
18166	C	T	0.01
18167	C	T	0.01
18171	C	A	0.03
18171	C	T	0.05
18176	C	T	0.01
18177	T	C	0.01
18179	A	G	0.01
18186	G	T	0.01
18193	AG	CT	0.01
18199	C	T	0.01
18204	C	T	0.01
18215	G	T	0.01
18231	T	C	0.01
18239	A	G	0.03
18246	C	T	0.01
18252	C	T	0.02
18255	G	T	0.11
18264	C	T	0.12
18267	C	T	0.01
18281	G	T	0.02
18314	A	G	0.01
18318	G	T	0.02
18322	C	T	0.01
18325	G	T	0.01
18340	G	A	0.01
18345	T	C	0.01
18348	C	T	0.05
18377	C	T	0.03
18379	G	A	0.02
18381	T	C	0.01
18384	T	C	0.01
18395	C	T	0.08
18401	C	T	0.05
18411	T	C	0.01
18417	T	C	0.01
18424	A	G	0.04
18431	C	T	0.01
18433	G	A	0.02
18452	C	T	0.02
18457	C	T	0.09
18469	G	T	0.01
18471	T	C	0.04
18478	A	G	0.01
18481	C	T	0.01
18486	C	T	0.04
18493	C	T	0.01
18508	C	T	0.02
18511	C	T	0.01
18513	T	A	0.02
18513	T	C	0.03
18519	T	C	0.03
18523	G	T	0.01
18526	C	T	0.01
18546	G	T	0.02
18555	C	T	0.13
18568	C	T	0.02
18570	C	T	0.06
18583	G	T	0.01
18585	A	G	0.01
18589	G	T	0.01
18592	T	G	0.01
18600	A	T	0.01
18603	T	C	0.02
18613	T	C	0.01
18632	T	G	0.01
18647	C	T	0.03
18652	C	T	0.01
18653	G	T	0.01
18657	C	T	0.02
18680	C	T	0.01
18681	C	T	0.01
18689	T	A	0.02
18690	T	C	0.01
18693	C	A	0.01
18705	C	T	0.01
18710	A	G	0.01
18713	C	T	0.01
18722	A	T	0.01
18736	T	C	2.61
18744	C	T	0.10
18756	G	T	0.01
18762	G	T	0.01
18765	T	C	0.01
18780	G	T	0.01
18781	G	A	0.06
18782	G	T	0.03
18788	C	T	0.04
18795	C	T	0.01
18796	C	T	0.01
18802	A	G	0.01
18803	G	T	0.02
18812	A	G	0.01
18814	C	T	0.01
18817	T	C	0.02
18828	C	T	0.01
18834	T	C	0.01
18859	G	T	0.05
18863	T	C	0.03
18877	C	T	5.14
18885	C	T	0.01
18888	C	T	0.04
18894	C	T	0.01
18898	G	T	0.35
18904	C	T	0.01
18907	G	T	0.06
18927	T	C	0.01
18928	C	T	0.05
18929	C	T	0.04
18937	G	T	0.01
18956	A	G	0.01
18972	G	T	0.05
18973	G	T	0.01
18975	T	A	0.01
18981	C	T	0.01
18984	G	T	0.03
18984	G	C	0.01
18985	G	T	0.03
18996	T	C	0.01
18997	G	A	0.01
18998	C	T	1.56
19005	A	G	0.02
19009	G	T	0.03
19011	C	T	0.04
19015	T	A	0.01
19017	C	T	0.04
19018	C	T	0.04
19024	C	A	0.01
19026	T	G	0.03
19029	C	T	0.13
19032	C	T	0.02
19035	T	A	0.01
19063	C	T	0.02
19065	T	C	0.01
19071	T	A	0.02
19072	G	T	0.03
19073	A	G	0.02
19086	G	T	0.04
19101	G	T	0.03
19102	C	T	0.01
19113	C	T	0.01
19118	C	T	0.03
19137	A	G	0.01
19137	A	T	0.01
19143	T	C	0.02
19151	C	T	0.01
19155	A	G	0.01
19164	C	T	0.02
19166	A	G	0.01
19170	C	T	0.16
19175	A	C	0.01
19185	C	T	0.06
19186	C	T	0.01
19203	T	C	0.02
19206	C	T	0.01
19217	C	T	0.01
19220	C	T	0.04
19225	T	G	0.01
19254	G	T	0.05
19263	C	T	0.03
19264	C	T	0.01
19269	C	T	0.03
19276	G	A	0.01
19290	C	T	0.01
19308	A	G	0.16
19315	T	C	0.01
19325	C	T	0.01
19334	A	G	0.03
19340	G	T	0.01
19366	C	T	0.02
19369	T	C	0.01
19374	C	T	0.01
19378	T	A	0.01
19385	A	C	0.01
19398	G	T	0.01
19399	T	S	0.01
19402	C	T	0.01
19414	G	T	0.01
19417	G	T	0.01
19449	T	A	0.01
19452	T	A	0.01
19453	A	C	0.01
19454	C	T	0.06
19455	G	A	0.01
19459	A	G	0.01
19473	T	C	0.01
19476	A	G	0.05
19481	G	T	0.01
19488	C	T	0.09
19491	T	C	0.01
19492	A	G	0.01
19506	T	C	0.01
19508	A	C	0.01
19509	G	A	0.05
19516	TTGTATCTCGATGCTTATAAC	.....................	0.01
19518	G	T	0.03
19518	GTA	...	0.01
19524	C	T	0.24
19525	G	T	0.03
19527	T	C	0.12
19533	T	C	0.01
19540	A	G	0.01
19542	G	T	0.08
19547	C	T	0.01
19554	C	T	0.01
19563	G	T	0.02
19586	C	A	0.02
19602	C	T	0.01
19610	C	T	0.02
19632	T	A	0.01
19645	G	T	0.09
19648	G	T	0.02
19655	A	T	0.01
19656	G	T	0.03
19658	G	A	0.01
19662	C	T	0.01
19684	G	T	0.63
19700	T	C	0.01
19711	G	A	0.01
19718	C	T	0.09
19722	A	G	0.01
19735	G	T	0.01
19763	C	T	0.03
19764	A	G	0.02
19783	T	C	0.02
19791	T	C	0.02
19800	G	A	0.01
19813	C	T	0.01
19818	A	G	0.02
19821	A	G	0.02
19825	G	T	0.01
19836	C	T	0.01
19839	T	C	0.40
19847	G	A	0.04
19854	C	T	0.01
19862	C	T	0.12
19872	G	T	0.08
19872	G	A	0.01
19881	C	T	0.01
19883	A	G	0.01
19884	C	T	0.02
19891	G	T	0.02
19895	C	T	0.01
19896	T	C	0.01
19900	G	T	0.01
19903	C	G	0.01
19909	T	G	0.01
19919	G	A	0.01
19938	C	T	0.02
19941	A	G	0.02
19951	C	T	0.04
19952	C	T	0.02
19955	C	G	0.01
19961	C	T	0.01
19962	G	C	0.01
19962	G	T	0.03
19962	G	A	0.04
19963	A	C	0.01
19967	G	T	0.01
19969	G	A	0.05
19970	C	T	0.01
19973	C	T	0.01
19983	C	T	0.03
19999	G	T	0.35
20002	G	T	0.05
20005	G	A	0.14
20014	G	T	0.02
20016	C	T	0.01
20030	C	T	0.01
20031	C	T	0.02
20031	C	A	0.02
20032	C	T	0.01
20033	G	C	0.01
20037	T	C	0.03
20049	T	C	0.03
20051	C	T	0.01
20056	G	A	0.02
20060	G	T	0.02
20062	G	T	0.01
20063	T	C	0.03
20073	A	G	0.01
20074	C	A	0.01
20081	C	T	0.01
20097	A	G	0.02
20099	C	T	0.20
20102	G	A	0.01
20104	C	T	0.01
20112	A	G	0.01
20115	C	T	0.02
20125	G	A	0.02
20126	G	A	0.01
20128	G	A	0.01
20132	C	T	0.01
20133	C	T	0.01
20134	G	T	0.13
20135	T	C	0.01
20138	A	G	0.02
20148	C	T	0.28
20157	T	C	0.01
20163	A	G	0.08
20178	C	T	0.03
20184	A	C	0.01
20204	C	T	0.01
20223	A	G	0.01
20233	C	T	0.04
20234	C	T	0.03
20235	C	T	0.01
20236	A	G	0.01
20247	G	T	0.01
20253	T	C	0.01
20256	T	C	0.01
20262	A	G	0.01
20268	A	G	3.19
20270	C	T	0.02
20273	T	A	0.01
20274	G	T	0.01
20275	G	T	0.03
20281	T	C	0.02
20284	A	G	0.03
20298	A	G	0.01
20298	ATT	...	0.01
20312	C	T	0.01
20315	T	A	0.02
20316	C	T	0.24
20320	C	T	0.03
20325	C	T	0.01
20326	G	A	0.01
20339	TTA	...	0.02
20342	G	T	0.01
20356	G	T	0.01
20361	T	C	0.01
20371	C	A	0.02
20371	C	T	0.01
20374	A	G	0.25
20378	G	T	0.01
20384	C	T	0.01
20389	C	T	0.01
20397	G	T	0.01
20401	T	C	0.01
20402	C	T	0.04
20408	T	A	0.01
20414	T	C	0.01
20424	TAT	...	0.01
20424	T	G	0.01
20433	G	T	0.01
20433	G	A	0.01
20436	C	T	0.01
20451	C	T	0.01
20457	C	T	0.01
20463	A	.	0.01
20464	G	T	0.01
20466	TG	.A	0.01
20466	T	C	0.03
20466	TG	CA	0.01
20469	G	A	0.02
20472	A	C	0.01
20475	A	G	0.10
20476	GG.T	CTAA	0.01
20477	G	T	0.01
20480	C	T	0.02
20483	C	T	0.02
20503	A	G	0.01
20527	G	A	0.01
20528	T	C	0.01
20537	T	C	0.01
20549	A	G	0.01
20553	A	G	0.06
20555	C	A	0.01
20555	C	T	0.02
20572	G	T	0.02
20574	C	T	0.01
20578	G	T	0.06
20580	G	T	0.06
20580	G	A	0.01
20594	C	T	0.01
20603	C	T	0.01
20611	C	T	0.01
20628	C	T	0.09
20629	C	T	0.01
20645	A	G	0.02
20646	C	T	0.01
20650	A	C	0.01
20655	A	G	0.01
20667	A	G	0.01
20670	G	A	0.01
20679	G	T	0.03
20692	C	T	0.04
20698	C	T	0.01
20703	C	T	0.04
20706	A	G	0.02
20718	G	T	0.01
20719	C	T	0.11
20722	TT	CC	0.01
20736	C	T	0.02
20741	A	G	0.01
20749	G	A	0.01
20752	G	T	0.02
20752	G	A	0.01
20755	A	G	0.02
20755	A	C	0.27
20759	C	T	0.02
20762	C	T	0.01
20769	T	C	0.01
20799	T	C	0.01
20801	C	T	0.02
20806	C	T	0.01
20810	G	T	0.01
20823	C	T	0.11
20825	C	T	0.01
20831	C	T	0.01
20833	T	C	0.01
20844	C	T	0.01
20853	G	T	0.01
20887	G	A	0.02
20890	G	A	0.02
20891	T	C	0.01
20898	A	G	0.01
20916	A	G	0.01
20930	C	T	0.02
20931	G	T	0.02
20936	C	T	0.01
20938	C	T	0.01
20940	G	A	0.01
20944	G	T	0.03
20951	C	T	0.01
20970	C	T	0.01
20979	A	T	0.02
20980	G	C	0.01
20980	G	T	0.01
20982	T	C	0.01
20991	G	T	0.15
20995	G	T	0.03
20996	G	T	0.01
21004	G	T	0.01
21005	C	T	0.02
21012	A	T	0.01
21024	T	C	0.01
21058	C	T	0.03
21072	T	C	0.01
21077	C	T	0.02
21110	C	T	0.05
21111	T	C	0.01
21114	C	T	0.02
21119	G	T	0.01
21121	G	A	0.01
21123	G	T	0.12
21126	T	C	0.10
21131	A	G	0.02
21137	A	G	0.29
21139	C	T	0.01
21144	T	C	0.01
21146	T	A	0.08
21147	T	C	0.01
21151	G	T	0.04
21158	T	C	0.02
21159	G	A	0.01
21162	T	C	0.01
21180	T	C	0.01
21204	G	T	0.02
21219	C	T	0.01
21220	G	T	0.03
21221	C	T	0.02
21225	G	T	0.01
21231	A	G	0.01
21233	C	T	0.01
21254	C	T	0.01
21255	G	T	0.01
21255	G	A	0.02
21255	G	C	0.13
21260	C	T	0.01
21261	A	G	0.02
21267	A	G	0.01
21294	TGG	AAA	0.01
21302	C	T	0.02
21304	C	A	0.01
21304	C	T	0.02
21304	CG	AA	0.01
21305	G	A	0.03
21306	C	T	0.01
21316	G	A	0.01
21322	T	A	0.01
21334	G	T	0.02
21357	T	G	0.01
21364	C	T	0.03
21365	C	T	0.02
21372	G	T	0.01
21377	C	G	0.01
21384	.	T	0.01
21386	.	T	0.01
21386	C	T	0.01
21399	G	A	0.01
21404	A	T	0.01
21405	A	T	0.01
21410	C	T	0.01
21412	C	A	0.01
21417	A	T	0.01
21432	T	C	0.01
21439	T	C	0.01
21440	C	T	0.01
21452	G	T	0.33
21458	T	C	0.02
21467	T	C	0.01
21468	G	A	0.01
21518	G	A	0.01
21526	A	G	0.01
21552	C	T	0.01
21562	A	T	0.01
21562	A	G	0.01
21568	T	A	0.01
21575	C	A	0.01
21575	C	T	1.00
21578	G	T	0.23
21581	T	G	0.01
21584	T	G	0.03
21588	C	T	0.01
21595	C	T	0.03
21597	C	T	0.01
21597	C	G	0.01
21604	G	T	0.12
21613	T	G	0.01
21614	C	T	0.06
21616	T	C	0.01
21618	C	T	0.01
21621	C	T	0.03
21622	C	A	0.01
21625	A	G	0.02
21626	A	G	0.01
21627	C	A	0.03
21627	C	T	0.04
21628	T	G	0.02
21629	C	A	0.01
21635	C	T	0.02
21636	C	T	0.02
21637	C	T	0.03
21638	C	T	0.01
21641	G	T	0.04
21642	C	T	0.02
21643	A	C	0.02
21644	T	C	0.01
21644	T	A	0.01
21646	C	T	0.03
21648	C	T	0.08
21656	T	C	0.02
21658	C	G	0.02
21658	C	T	0.12
21675	A	G	0.01
21684	A	T	0.01
21691	C	T	0.02
21697	C	T	0.02
21707	C	T	0.14
21711	C	T	0.09
21718	G	A	0.04
21718	G	T	0.01
21721	C	T	0.01
21723	T	G	0.01
21724	G	C	0.03
21724	G	T	0.06
21725	T	A	0.01
21727	C	T	0.04
21732	C	T	0.01
21736	C	T	0.01
21742	C	T	0.04
21745	T	C	0.01
21746	G	C	0.01
21757	C	T	0.01
21759	A	G	0.01
21762	C	T	0.01
21765	T	G	0.01
21767	C	T	0.02
21772	C	T	0.26
21774	C	T	0.05
21777	G	A	0.01
21777	G	T	0.01
21781	C	T	0.01
21784	T	A	0.02
21786	G	T	0.02
21789	C	T	0.05
21790	T	C	0.01
21792	AG	TT	0.01
21793	G	C	0.01
21795	G	T	0.01
21796	G	A	0.02
21797	T	C	0.01
21800	G	T	0.02
21805	C	T	0.01
21811	C	T	0.05
21819	T	C	0.01
21823	TG	CA	0.01
21824	G	T	0.02
21825	A	C	0.01
21830	G	T	0.01
21835	T	C	0.01
21838	T	C	0.01
21846	C	T	0.04
21849	A	G	0.01
21850	G	T	0.01
21855	C	T	0.01
21859	C	T	0.01
21867	G	T	0.01
21890	T	C	0.02
21893	G	A	0.02
21898	G	A	0.01
21906	A	G	0.01
21910	C	T	0.01
21911	C	T	0.04
21914	C	T	0.01
21917	A	G	0.01
21928	C	T	0.01
21931	T	C	0.01
21944	A	T	0.02
21951	T	C	0.01
21952	C	T	0.01
21952	C	G	0.02
21958	A	C	0.01
21968	T	C	0.01
21974	G	C	0.24
21975	ATCCATTTTTGGGTGTTT	..................	0.01
21983	TTGGGTGTTTAT	............	0.03
21986	G	A	0.05
21987	G	T	0.01
21993	ATT	...	0.05
21993	A	T	0.01
21994	T	C	0.01
21995	T	C	0.06
21997	C	T	0.02
21998	C	T	0.04
22000	C	T	0.02
22003	A	G	0.08
22005	A	G	0.04
22007	A	T	0.10
22013	A	G	0.01
22014	G	T	0.01
22020	T	C	0.01
22021	G	T	0.05
22023	A	T	0.01
22030	G	T	0.01
22033	C	A	0.01
22033	C	T	0.01
22036	A	C	0.01
22036	A	G	0.01
22051	G	T	0.01
22054	T	C	0.03
22078	T	C	0.02
22088	C	T	0.04
22088	C	A	0.01
22092	T	A	0.01
22094	G	A	0.01
22099	T	C	0.01
22103	G	C	0.01
22104	G	T	0.02
22117	T	G	0.01
22119	T	C	0.02
22120	C	T	0.04
22124	A	G	0.01
22126	T	G	0.01
22131	G	A	0.01
22151	A	G	0.03
22171	A	G	0.02
22183	C	T	0.02
22190	ATT	...	0.01
22201	G	T	0.01
22201	G	A	0.03
22203	G	T	0.02
22206	A	G	0.01
22207	T	C	0.01
22208	C	T	0.05
22210	C	T	0.01
22215	A	T	0.01
22219	T	C	0.01
22224	C	G	0.01
22224	C	T	0.26
22225	G	A	0.01
22225	G	T	0.02
22226	G	C	0.01
22227	C	T	0.01
22241	G	T	0.01
22244	G	C	0.01
22249	G	T	0.01
22252	A	G	0.08
22278	A	G	0.01
22281	C	T	0.02
22286	C	T	0.01
22289	G	T	0.01
22290	C	T	0.01
22291	T	C	0.04
22295	C	T	0.01
22296	A	G	0.01
22303	T	G	0.02
22314	C	A	0.01
22318	T	C	0.01
22320	A	G	0.11
22323	C	T	0.04
22335	G	T	0.05
22343	G	C	0.01
22344	G	A	0.05
22344	G	T	0.01
22346	G	T	0.05
22346	G	A	0.04
22356	A	G	0.01
22361	G	T	0.01
22363	G	T	0.03
22374	A	G	0.01
22380	G	A	0.01
22381	G	T	0.02
22388	C	T	0.01
22417	T	C	0.01
22422	A	G	0.01
22424	G	A	0.01
22424	G	T	0.01
22432	C	T	0.06
22435	T	C	0.01
22436	G	T	0.01
22437	C	T	0.01
22438	A	T	0.01
22439	CT	.A	0.01
22439	C	G	0.01
22443	.	T	0.01
22444	C	T	0.37
22444	CC	AT	0.01
22446	C	A	0.01
22447	T	C	0.01
22448	C	T	0.01
22450	C	G	0.01
22450	C	T	0.53
22452	CA	GG	0.01
22455	A	G	0.01
22458	C	T	0.01
22468	G	T	0.20
22477	C	T	0.03
22480	C	T	0.03
22483	T	C	0.01
22484	G	T	0.04
22487	G	C	0.03
22498	C	T	0.01
22503	A	G	0.01
22503	A	T	0.02
22516	T	C	0.01
22524	A	T	0.02
22525	A	G	0.04
22528	A	G	0.01
22530	C	T	0.03
22550	C	T	0.02
22588	T	C	0.08
22591	C	T	0.01
22596	C	T	0.01
22604	G	T	0.01
22604	G	A	0.01
22606	A	T	0.05
22624	C	A	0.01
22624	C	T	0.04
22661	G	T	0.05
22666	A	G	0.01
22687	C	T	0.02
22698	G	T	0.01
22707	T	A	0.01
22708	G	T	0.04
22713	C	T	0.01
22735	C	T	0.01
22739	A	C	0.01
22741	T	C	0.02
22745	G	A	0.02
22770	G	A	0.01
22781	G	A	0.01
22783	C	A	0.01
22785	G	T	0.01
22793	G	T	0.01
22795	T	C	0.01
22798	A	G	0.02
22799	G	A	0.01
22858	C	T	0.15
22872	A	G	0.01
22899	G	T	0.01
22918	G	T	0.01
22920	A	T	0.05
22922	A	C	0.01
22929	T	A	0.01
22932	G	A	0.01
22934	A	C	0.01
22939	T	C	0.03
22965	T	C	0.02
22972	T	C	0.02
22984	G	A	0.12
22986	C	T	0.01
22987	C	A	0.01
22988	G	A	0.09
22992	G	A	0.02
22993	C	T	0.02
22995	C	A	0.01
22998	C	T	0.01
23010	T	C	0.29
23012	G	C	0.01
23018	T	C	0.01
23029	C	T	0.01
23034	C	T	0.01
23042	T	C	0.01
23046	A	.	0.01
23048	GG	..	0.01
23064	A	C	0.01
23075	T	C	0.02
23083	A	G	0.02
23086	C	T	0.04
23111	C	T	0.01
23114	C	T	0.01
23119	T	A	0.03
23120	G	T	0.06
23122	A	T	0.01
23126	G	T	0.01
23127	C	T	0.01
23147	A	G	0.01
23155	T	C	0.06
23185	C	T	0.10
23191	C	T	0.01
23202	C	T	0.05
23206	C	T	0.01
23220	C	A	0.01
23220	C	T	0.02
23224	G	T	0.15
23230	C	T	0.02
23235	A	G	0.01
23236	G	T	0.03
23242	G	T	0.01
23244	C	T	0.01
23248	C	T	0.05
23255	T	C	0.01
23266	C	T	0.01
23271	C	T	0.02
23277	C	T	0.11
23281	T	C	0.01
23282	G	T	0.01
23284	T	C	0.01
23287	T	C	0.03
23297	C	T	0.01
23305	A	C	0.01
23311	G	T	0.06
23345	G	A	0.01
23354	A	G	0.01
23370	A	G	0.01
23393	C	T	0.01
23400	A	G	0.02
23401	G	A	0.01
23403	A	G	71.57
23405	G	T	0.01
23410	C	T	0.01
23414	A	G	0.02
23416	A	T	0.01
23423	C	T	0.02
23426	G	A	0.01
23426	G	T	0.04
23427	T	C	0.01
23429	GC	AT	0.02
23429	G	A	0.02
23434	T	C	0.01
23439	C	T	0.02
23440	A	G	0.01
23449	T	C	0.03
23452	T	C	0.01
23453	C	T	0.06
23463	G	T	0.01
23476	A	G	0.01
23482	T	C	0.01
23491	T	A	0.01
23502	C	T	0.02
23503	A	G	0.02
23506	C	T	0.02
23516	G	A	0.01
23518	G	A	0.06
23520	C	T	0.02
23522	G	A	0.02
23525	C	T	0.08
23534	A	T	0.01
23536	C	T	0.02
23545	G	T	0.01
23551	C	T	0.01
23557	C	T	0.03
23560	T	C	0.01
23565	C	T	0.01
23575	C	T	0.05
23577	C	T	0.01
23584	T	C	0.01
23587	G	C	0.03
23587	G	T	0.02
23588	A	T	0.01
23589	C	T	0.02
23592	A	G	0.02
23593	G	T	0.06
23593	G	C	0.02
23595	C	T	0.01
23597	AATTCTCCTCGGCGGGCACGTAGTGTAGCT	..............................	0.01
23599	T	C	0.05
23602	T	C	0.04
23604	C	A	0.01
23604	C	T	0.18
23606	C	T	0.02
23607	G	A	0.02
23608	G	T	0.01
23612	G	T	0.01
23613	C	T	0.02
23621	G	A	0.02
23625	C	T	0.02
23635	C	T	0.14
23638	C	T	0.08
23655	C	T	0.03
23673	C	T	0.04
23677	T	C	0.05
23678	G	T	0.02
23679	C	T	0.01
23683	C	T	0.02
23704	A	G	0.01
23707	C	T	0.05
23709	C	T	0.01
23724	G	T	0.01
23731	C	T	0.16
23733	C	A	0.03
23755	G	C	0.01
23755	G	T	0.04
23756	A	G	0.02
23758	C	T	0.05
23782	G	T	0.01
23785	C	T	0.01
23793	G	T	0.03
23796	A	G	0.01
23813	A	G	0.01
23822	T	C	0.01
23824	G	T	0.01
23848	A	G	0.01
23855	C	A	0.01
23856	G	T	0.01
23865	C	T	0.01
23868	G	T	0.01
23868	G	C	0.01
23873	G	T	0.01
23876	G	A	0.01
23895	C	T	0.02
23896	C	T	0.01
23902	A	T	0.01
23909	G	T	0.02
23927	T	G	0.01
23929	C	T	0.58
23932	A	G	0.01
23934	C	T	0.08
23947	A	G	0.29
23952	T	G	0.01
23985	A	T	0.01
23985	A	G	0.01
23986	T	C	0.01
23987	C	T	0.01
23989	A	G	0.01
23992	A	T	0.01
23994	A	C	0.02
23996	C	T	0.04
24014	A	G	0.01
24022	T	C	0.02
24023	C	T	0.03
24026	C	T	0.01
24034	C	T	2.80
24042	C	T	0.01
24047	G	A	0.11
24050	G	T	0.01
24064	C	T	0.01
24069	A	T	0.03
24069	A	C	0.01
24073	T	C	0.01
24075	G	A	0.09
24076	T	C	0.61
24077	G	T	0.01
24095	G	T	0.13
24096	C	A	0.61
24096	C	T	0.02
24099	C	T	0.02
24121	A	G	0.03
24123	A	G	0.01
24129	A	G	0.01
24130	C	T	0.02
24138	C	T	0.33
24145	G	A	0.01
24152	T	C	0.01
24161	G	A	0.01
24170	A	G	0.01
24197	G	T	0.06
24198	C	T	0.01
24213	C	T	0.01
24236	G	T	0.01
24237	C	T	0.01
24240	C	T	0.01
24260	A	T	0.02
24292	A	T	0.01
24292	A	G	0.01
24295	T	C	0.01
24301	G	T	0.01
24310	C	T	0.01
24325	A	G	0.03
24328	G	T	0.01
24328	G	C	0.02
24332	G	T	0.03
24333	C	T	0.01
24340	A	G	0.01
24348	G	T	0.06
24351	C	T	0.01
24364	T	C	0.01
24367	A	G	0.01
24368	G	T	0.13
24370	C	T	0.03
24374	C	T	0.02
24378	C	T	0.08
24381	C	T	0.02
24382	C	T	0.13
24382	C	G	0.01
24384	C	T	0.01
24399	G	T	0.01
24434	G	T	0.01
24442	C	T	0.06
24472	T	C	0.01
24484	A	T	0.02
24502	C	T	0.01
24503	C	T	0.01
24520	A	G	0.01
24565	T	G	0.01
24565	T	C	0.01
24566	C	G	0.01
24584	GTG	ACA	0.01
24608	G	T	0.01
24621	C	T	0.02
24643	T	A	0.01
24667	A	G	0.01
24694	A	T	1.37
24700	C	T	0.01
24725	T	G	0.01
24736	T	C	0.01
24736	T	G	0.01
24748	C	T	0.02
24749	T	C	0.01
24751	G	T	0.01
24755	G	T	0.03
24757	G	T	0.01
24763	T	C	0.01
24764	G	T	0.01
24776	G	C	0.01
24784	C	T	0.01
24794	G	T	0.04
24795	C	T	0.08
24797	C	T	0.03
24809	C	T	0.01
24810	A	G	0.01
24811	T	A	0.02
24815	G	C	0.03
24832	T	C	0.01
24844	C	T	0.02
24862	A	G	0.25
24863	C	T	0.06
24865	C	T	0.02
24872	G	T	0.01
24877	A	G	0.01
24887	T	C	0.01
24893	G	A	0.01
24896	C	T	0.01
24904	C	T	0.17
24913	A	T	0.02
24914	G	C	0.01
24914	G	T	0.02
24919	C	T	0.08
24921	C	T	0.02
24922	A	G	0.01
24926	G	T	0.01
24928	G	T	0.01
24929	T	C	0.01
24933	G	T	0.19
24948	T	C	0.02
24952	A	G	0.02
24956	A	G	0.01
24977	G	C	0.01
24977	G	T	0.01
24979	T	C	0.01
24982	T	C	0.65
24985	G	T	0.09
24992	G	C	0.01
24998	G	C	0.01
25000	C	T	0.02
25006	C	T	0.01
25012	G	A	0.11
25036	T	C	0.01
25046	C	T	0.03
25047	C	T	0.02
25047	C	A	0.02
25049	G	T	0.01
25050	A	G	0.02
25060	A	G	0.01
25061	G	A	0.01
25062	G	T	0.01
25063	T	C	0.01
25064	G	C	0.01
25066	C	T	0.01
25073	G	A	0.01
25083	C	T	0.02
25088	G	T	0.01
25094	A	G	0.01
25096	C	T	0.03
25104	A	G	0.01
25121	A	G	0.01
25121	A	T	0.03
25123	T	C	0.01
25126	G	A	0.02
25135	G	T	0.03
25137	A	C	0.01
25145	G	C	0.02
25156	C	T	0.01
25177	G	T	0.02
25182	A	C	0.02
25183	G	A	0.01
25207	C	T	0.05
25214	C	T	0.02
25217	G	A	0.01
25217	G	T	0.02
25218	G	T	0.01
25231	C	T	0.01
25237	T	A	0.02
25244	G	T	0.02
25244	G	C	0.02
25249	G	T	0.02
25250	G	T	0.02
25252	G	A	0.01
25254	C	T	0.01
25265	T	A	0.01
25272	T	C	0.01
25273	G	C	0.01
25275	C	T	0.01
25276	C	T	0.01
25284	G	A	0.01
25290	G	T	0.02
25297	G	T	0.01
25302	G	T	0.01
25304	T	C	0.01
25305	G	T	0.01
25311	G	T	0.02
25315	A	G	0.02
25318	C	T	0.04
25327	A	G	0.02
25337	G	C	0.02
25339	C	T	0.04
25340	G	C	0.01
25340	G	A	0.04
25344	C	T	0.01
25350	C	T	0.63
25352	G	T	0.01
25354	G	T	0.01
25386	C	T	0.02
25396	G	T	0.02
25397	A	G	0.01
25405	A	G	0.01
25412	T	C	0.02
25413	C	T	0.01
25416	CACAATTGG	.........	0.01
25418	C	T	0.02
25418	C	A	0.04
25423	GGAACTGTA	.........	0.01
25429	G	A	0.01
25429	G	T	0.25
25430	T	C	0.01
25433	C	T	0.01
25437	G	T	0.09
25440	G	A	0.01
25442	A	G	0.01
25444	G	T	0.01
25445	G	T	0.01
25449	A	G	0.02
25452	C	T	0.03
25456	G	T	0.02
25459	G	T	0.10
25465	C	T	0.02
25466	C	T	0.01
25469	C	T	0.03
25471	G	T	0.06
25471	G	C	0.12
25473	T	C	0.04
25476	T	C	0.01
25482	C	T	0.02
25487	C	T	0.03
25489	G	T	0.01
25490	C	A	0.01
25492	A	G	0.01
25494	G	T	0.02
25496	T	C	0.01
25498	CCGATA	......	0.03
25499	C	T	0.01
25500	G	T	0.25
25505	A	C	0.10
25507	G	A	0.01
25509	C	T	0.01
25511	C	T	0.01
25513	C	A	0.05
25513	C	T	0.05
25516	C	T	0.01
25517	C	T	0.01
25518	T	C	0.04
25520	T	A	0.03
25521	C	T	0.06
25523	G	T	0.18
25525	T	A	0.09
25528	C	T	0.03
25534	G	T	0.08
25536	T	C	0.01
25539	C	T	0.01
25540	G	A	0.01
25541	T	C	0.03
25543	G	T	0.01
25546	C	A	0.03
25548	T	C	0.01
25549	C	T	0.03
25551	T	C	0.01
25552	G	T	0.02
25554	T	G	0.01
25555	G	T	0.10
25556	T	G	0.01
25559	T	G	0.03
25561	C	T	0.01
25563	G	T	53.81
25566	C	T	0.19
25568	C	T	0.03
25572	C	T	0.16
25575	A	C	0.01
25578	C	T	0.01
25584	C	T	0.01
25585	C	T	0.15
25587	C	T	0.05
25590	A	G	0.01
25593	G	C	0.02
25598	G	T	0.03
25599	G	T	0.01
25603	C	T	0.03
25606	G	T	0.01
25609	C	T	0.02
25612	T	C	0.01
25614	C	T	0.06
25615	A	G	0.01
25616	A	G	0.01
25621	G	T	0.01
25624	C	T	0.04
25626	C	T	0.01
25626	C	G	0.01
25641	G	C	0.04
25644	G	T	0.15
25647	G	T	0.01
25650	G	T	0.03
25651	TTTGTAACAGTT	............	0.01
25653	T	C	0.01
25655	T	C	0.14
25658	C	T	0.01
25660	G	T	0.06
25665	C	T	0.04
25669	C	T	0.02
25671	C	T	0.01
25672	C	T	0.02
25673	T	C	0.01
25676	T	C	0.01
25677	G	T	0.02
25682	T	C	0.01
25686	T	A	0.01
25687	G	A	0.01
25687	G	T	0.02
25688	C	A	0.09
25688	C	T	0.10
25691	G	T	0.01
25691	.	A	0.02
25692	C	T	0.38
25693	C	T	0.01
25702	C	T	0.03
25703	C	T	0.01
25707	T	G	0.01
25708	C	T	0.06
25710	C	T	0.05
25712	A	T	0.01
25714	C	T	0.04
25720	G	T	0.01
25721	C	T	0.02
25724	T	C	0.01
25726	G	T	0.01
25728	C	T	0.01
25731	C	T	0.01
25733	T	G	0.01
25740	G	T	0.01
25744	A	G	0.02
25750	T	C	0.01
25757	G	A	0.02
25759	A	G	0.04
25767	G	T	0.01
25770	G	T	0.01
25771	C	A	0.01
25773	T	C	0.01
25775	G	T	0.04
25782	C	T	0.01
25783	T	C	0.15
25784	G	T	0.01
25784	G	C	0.01
25785	G	C	0.01
25785	G	T	0.05
25792	C	T	0.01
25793	G	T	0.02
25795	T	C	0.01
25803	C	T	0.01
25806	A	T	0.01
25810	C	A	0.02
25810	C	T	0.04
25812	T	C	0.01
25819	G	T	0.01
25821	C	T	0.01
25822	A	T	0.01
25831	C	T	0.02
25835	G	A	0.01
25838	G	T	0.01
25842	T	C	0.02
25844	C	T	0.02
25847	A	G	0.01
25850	G	A	0.01
25853	A	G	0.01
25854	C	T	0.01
25855	G	T	0.06
25859	A	G	0.02
25864	A	G	0.11
25865	T	C	0.01
25870	T	C	0.03
25884	TTC	AAT	0.01
25886	C	T	0.09
25889	C	T	0.02
25900	A	T	0.01
25904	C	T	0.12
25906	G	T	0.03
25907	G	T	0.08
25916	C	T	0.37
25916	C	A	0.02
25919	C	T	0.01
25927	A	G	0.01
25931	C	T	0.01
25941	C	T	0.01
25944	C	T	0.01
25946	A	T	0.01
25947	G	T	0.02
25947	G	C	0.34
25954	G	T	0.01
25956	T	C	0.01
25959	T	C	0.01
25962	T	G	0.01
25963	G	A	0.01
25969	T	C	0.03
25971	G	T	0.01
25976	C	A	0.25
25978	G	A	0.01
25979	G	T	1.08
25980	A	C	0.02
25981	G	T	0.01
25981	G	A	0.02
25993	G	A	0.01
26013	C	T	0.22
26014	A	G	0.01
26019	A	G	0.02
26020	G	T	0.02
26022	C	T	0.02
26028	C	T	0.02
26032	C	T	0.01
26035	T	C	0.01
26037	C	T	0.03
26038	T	C	0.02
26041	A	G	0.01
26045	A	G	0.13
26047	T	G	0.01
26048	T	C	0.01
26055	A	G	0.01
26057	A	G	0.01
26058	C	T	0.02
26060	C	T	0.01
26062	G	T	0.59
26063	G	T	0.02
26065	G	T	0.06
26078	C	T	0.02
26084	.	T	0.01
26088	C	T	0.14
26094	T	C	0.02
26101	G	T	0.01
26102	T	C	0.05
26104	G	A	0.01
26106	T	G	0.01
26108	A	G	0.01
26109	G	T	0.01
26111	C	T	0.02
26114	A	T	0.01
26124	C	T	0.10
26126	A	T	0.01
26130	T	C	0.02
26143	G	T	0.02
26144	G	T	2.76
26151	C	T	0.01
26152	G	A	0.09
26157	TGT	...	0.02
26158	G	T	0.02
26159	TTA	...	0.01
26161	AATCCAGTA	.........	0.01
26168	T	A	0.01
26171	T	A	0.01
26172	G	A	0.02
26173	G	A	0.01
26176	C	T	0.02
26177	C	T	0.02
26181	T	G	0.01
26182	T	C	0.01
26183	A	G	0.01
26191	C	T	0.01
26192	C	T	0.01
26193	G	T	0.02
26196	G	T	0.01
26199	G	T	0.01
26204	C	T	0.03
26207	G	T	0.01
26208	C	T	0.02
26209	G	T	0.02
26211	G	T	0.10
26224	C	T	0.01
26227	G	A	0.03
26227	G	T	0.01
26228	C	T	0.08
26233	G	T	2.08
26234	A	G	0.03
26256	C	T	0.26
26262	G	A	0.02
26263	G	C	0.01
26266	G	A	0.01
26268	G	T	0.01
26270	C	T	0.02
26271	A	T	0.01
26299	C	T	0.02
26313	C	T	0.03
26319	A	G	0.01
26320	T	C	0.03
26326	C	T	0.02
26351	C	T	0.01
26354	T	A	0.01
26359	T	A	0.01
26365	G	T	0.01
26372	G	T	0.01
26389	G	T	0.02
26409	T	C	0.01
26428	G	T	0.06
26433	A	G	0.15
26434	A	G	0.01
26447	C	T	0.05
26447	C	G	0.01
26447	C	A	0.01
26455	C	T	0.01
26456	C	T	0.06
26458	G	T	0.01
26461	C	T	0.03
26464	C	T	0.02
26466	G	A	0.02
26491	TA	CT	0.01
26493	G	A	0.01
26496	T	C	0.01
26499	C	G	0.02
26506	G	A	0.01
26509	C	T	0.01
26511	T	G	0.01
26520	G	A	0.01
26526	G	T	0.03
26527	C	T	0.02
26529	G	T	0.02
26530	A	G	0.37
26533	C	T	0.01
26534	C	T	0.01
26566	A	G	0.12
26567	G	A	0.01
26596	G	T	0.01
26601	C	T	0.02
26606	C	T	0.04
26609	T	C	0.01
26625	C	T	0.19
26634	G	T	0.01
26636	C	T	0.01
26642	C	A	0.01
26645	C	T	0.04
26660	G	T	0.01
26677	T	C	0.01
26681	C	T	0.13
26684	C	T	0.02
26690	G	T	0.18
26709	G	A	0.01
26713	G	T	0.02
26717	T	C	0.01
26720	G	T	0.01
26720	G	C	0.05
26727	G	T	0.03
26728	C	T	0.01
26729	T	C	2.66
26730	G	A	0.10
26730	G	T	0.16
26735	C	T	0.72
26744	T	C	0.01
26750	C	T	0.01
26756	T	A	0.01
26759	A	G	0.01
26768	C	T	0.04
26769	G	T	0.01
26775	G	T	0.04
26780	T	C	0.01
26781	C	T	0.01
26787	G	A	0.01
26801	C	G	0.02
26801	C	T	0.09
26803	G	T	0.01
26814	G	T	0.01
26819	T	C	0.01
26820	T	C	0.03
26822	C	T	0.01
26828	G	T	0.01
26834	G	A	0.01
26840	G	T	0.01
26842	G	T	0.01
26849	G	T	0.02
26861	T	C	0.01
26864	A	T	0.01
26864	A	G	0.14
26873	C	T	0.04
26882	C	T	0.03
26885	C	T	0.05
26892	C	T	0.01
26895	C	T	0.02
26899	G	A	0.01
26907	C	T	0.02
26907	C	G	0.06
26909	G	T	0.01
26912	C	T	0.02
26916	C	T	0.01
26918	GC	CA	0.01
26918	G	T	0.01
26921	T	G	0.01
26929	G	A	0.01
26934	C	A	0.01
26936	C	T	0.15
26955	C	T	0.03
26959	G	A	0.06
26960	T	C	0.03
26985	C	T	0.03
26995	G	T	0.02
26996	C	T	0.01
27005	C	T	0.10
27011	C	T	0.01
27014	G	T	0.01
27046	C	T	0.29
27056	T	C	0.01
27059	C	T	0.01
27074	G	A	0.01
27086	A	G	0.02
27090	G	A	0.01
27092	C	T	0.01
27098	T	G	0.01
27128	C	T	0.01
27131	C	T	0.01
27145	C	T	0.01
27147	G	T	0.01
27163	G	T	0.02
27167	C	T	0.01
27169	A	G	0.03
27171	A	G	0.01
27200	A	G	0.04
27208	C	T	0.01
27211	C	A	0.01
27212	T	A	0.01
27213	C	T	0.10
27217	G	T	0.01
27222	T	C	0.02
27225	G	T	0.01
27226	G	T	0.02
27228	T	A	0.06
27246	A	.	0.01
27247	C	T	0.02
27248	.	C	0.01
27253	A	G	0.04
27255	T	G	0.01
27261	G	T	0.01
27263	C	T	0.01
27265	TTTAAAGTTTCCATTTGGAATCTTGAT	...........................	0.03
27272	T	C	0.01
27276	C	T	0.02
27281	G	T	0.02
27282	G	T	0.01
27285	T	C	0.01
27292	T	C	0.01
27294	C	T	0.04
27297	C	T	0.02
27299	T	C	0.19
27302	A	G	0.01
27317	A	G	0.01
27318	T	A	0.08
27322	T	G	0.01
27327	G	T	0.14
27331	C	T	0.01
27338	A	G	0.02
27340	A	C	0.01
27341	A	G	0.01
27341	A	C	0.01
27342	T	G	0.01
27344	A	G	0.01
27347	A	G	0.01
27348	T	C	0.02
27357	A	G	0.01
27358	G	T	0.01
27359	A	G	0.16
27364	G	T	0.01
27367	C	T	0.01
27371	C	T	0.06
27372	A	T	0.01
27373	A	T	0.02
27374	T	C	0.01
27381	TGAT	....	0.01
27382	G	C	0.01
27382	G	T	0.02
27384	T	C	0.47
27387	A	.	0.01
27389	C	T	0.02
27397	A	G	0.01
27398	A	G	0.01
27404	TTCTTTTCTTGGCACTGATAACACTCGCTACTTGTGAGCTTTATCACTACCAAGAGTGTGTTAGAGGTACAACAGTACTTT	.................................................................................	0.01
27408	T	C	0.02
27415	G	A	0.01
27416	C	T	0.04
27420	G	T	0.01
27421	A	G	0.01
27425	C	T	0.01
27431	C	T	0.01
27434	C	T	0.01
27437	G	T	0.01
27446	A	G	0.01
27447	T	C	0.02
27461	G	T	0.01
27463	G	T	0.01
27474	A	G	0.01
27476	C	T	0.02
27478	G	T	0.01
27484	T	C	0.04
27491	A	G	0.01
27494	C	T	0.01
27495	T	G	0.01
27498	C	T	0.02
27500	C	T	0.03
27503	C	T	0.02
27504	T	A	0.03
27506	G	T	0.02
27506	G	C	0.03
27509	C	T	0.03
27511	T	C	0.01
27513	C	T	0.02
27515	A	G	0.01
27520	A	T	0.01
27525	A	G	0.13
27527	C	T	0.03
27532	C	T	0.01
27534	T	C	0.01
27535	C	T	0.01
27544	G	A	0.01
27546	T	C	0.01
27549	C	T	0.02
27550	AAATTTGCACTGACTTGCTTTAGCACTCAATTTGCTTTTGCTTGTCCTGACGGCGTAAAACACGTCTATCAGTT	..........................................................................	0.01
27553	T	C	0.01
27553	T	G	0.01
27559	C	T	0.02
27560	T	C	0.01
27561	G	T	0.02
27572	G	A	0.01
27575	C	T	0.01
27577	C	T	0.03
27579	ATTT	....	0.01
27584	C	A	0.01
27588	T	A	0.01
27593	G	A	0.01
27595	C	T	0.01
27600	C	T	0.02
27603	C	T	0.05
27604	G	A	0.03
27610	C	T	0.01
27619	C	T	0.01
27621	GTT	...	0.01
27621	G	T	0.01
27625	C	T	0.02
27630	C	T	0.23
27634	T	C	0.02
27635	C	T	0.97
27640	T	G	0.01
27641	C	T	0.01
27644	C	T	0.02
27649	C	T	0.01
27654	C	T	0.02
27654	C	A	0.01
27657	C	T	0.01
27657	C	A	0.01
27669	A	G	0.01
27670	G	T	0.06
27672	T	C	0.01
27673	C	A	0.01
27673	C	T	0.02
27675	A	C	0.01
27677	AACTTT	......	0.01
27679	C	T	0.01
27683	ACTCTCCAATTTTTCTTATTGTTGCGGCAATAGTGTTTATAACACTTTGCTTCACACTCAAAAGAAAGACAG	........................................................................	0.01
27684	C	T	0.01
27686	C	T	0.01
27688	C	T	0.11
27689	C	T	0.01
27690	A	T	0.01
27698	T	G	0.03
27702	TGTTGCGGCAATAGTGTTTATAACACTTTGCTTCACACTC	........................................	0.01
27703	G	T	0.03
27707	C	T	0.01
27710	C	T	0.01
27715	G	T	0.01
27717	G	A	0.01
27722	T	C	0.02
27735	C	T	0.01
27741	C	T	0.03
27759	ATT	...	0.01
27770	A	G	0.01
27775	TTG	CGA	0.03
27794	T	C	0.01
27796	TAGCCTT	.......	0.01
27804	C	T	0.23
27806	G	A	0.01
27807	C	T	0.01
27810	T	C	0.01
27812	C	T	0.08
27821	A	G	0.48
27832	T	C	0.01
27838	T	A	0.01
27843	T	C	0.02
27847	C	T	0.16
27849	C	T	0.02
27855	C	T	0.01
27860	A	G	0.01
27863	T	C	0.02
27869	T	C	0.18
27874	C	T	0.04
27877	G	T	0.06
27879	C	T	0.02
27881	C	T	0.04
27883	C	T	0.01
27890	G	T	0.01
27895	T	C	0.01
27903	C	T	0.01
27906	G	T	0.02
27915	G	A	0.18
27916	G	T	0.01
27922	T	C	0.01
27923	C	T	0.01
27924	A	G	0.06
27925	C	A	0.01
27925	C	T	0.01
27928	C	A	0.01
27933	G	A	0.01
27938	A	G	0.01
27940	T	C	0.01
27941	T	G	0.03
27942	C	T	0.01
27944	C	T	0.02
27950	A	C	0.08
27956	T	C	0.01
27964	C	T	7.35
27967	G	T	0.01
27987	G	T	0.06
27989	A	G	0.01
27994	A	G	0.01
27996	G	T	0.01
27998	C	A	0.02
27998	C	T	0.08
27999	C	T	0.06
28000	C	T	0.01
28001	G	T	0.05
28003	G	T	0.02
28004	TCCTATTCACTTCTATTCTAAATGGTA	...........................	0.02
28005	C	T	0.01
28006	C	T	0.01
28027	G	C	0.02
28027	G	T	0.02
28028	G	T	0.01
28043	A	G	0.01
28044	G	T	0.02
28048	G	A	0.01
28055	A	G	0.01
28057	C	T	0.01
28061	T	C	0.01
28074	T	C	0.01
28077	G	T	0.09
28077	G	C	2.69
28079	G	T	0.02
28081	A	G	0.01
28086	G	T	0.35
28087	C	T	0.02
28089	G	T	0.01
28090	GTTCTA	......	0.01
28090	G	C	0.01
28093	C	T	0.09
28098	T	C	0.01
28099	C	T	0.32
28109	G	T	0.02
28110	T	C	0.01
28118	T	C	0.04
28122	G	T	0.01
28135	T	C	0.02
28144	T	C	19.05
28151	T	C	0.01
28160	T	C	0.01
28163	C	T	0.01
28178	G	T	0.02
28179	G	T	0.01
28191	G	T	0.01
28199	T	C	0.01
28202	G	T	0.02
28202	G	A	0.01
28204	T	C	0.01
28210	A	G	0.01
28212	G	A	0.01
28221	G	C	0.01
28221	G	T	0.02
28222	A	G	0.05
28229	T	G	0.02
28233	G	T	0.01
28250	T	G	0.01
28251	T	G	0.01
28251	T	C	0.01
28253	C	T	0.05
28254	A	C	0.01
28254	A	.	0.04
28254	A	T	0.01
28259	A	G	0.01
28268	A	G	0.01
28269	C	T	0.01
28280	G	T	0.01
28283	A	G	0.01
28289	C	A	0.01
28291	C	T	0.03
28297	T	C	0.02
28300	G	T	0.02
28308	C	T	0.01
28310	C	A	0.05
28311	C	T	1.45
28314	G	A	0.01
28315	C	T	0.01
28318	T	C	0.03
28321	G	A	0.03
28321	G	T	0.04
28325	G	T	0.04
28328	G	A	0.02
28332	C	T	0.02
28333	C	T	0.01
28337	G	T	0.04
28338	A	G	0.14
28340	T	A	0.01
28344	C	T	0.01
28346	GG	TT	0.01
28358	A	T	0.01
28360	T	C	0.02
28361	G	C	0.03
28362	G	C	0.01
28366	A	C	0.01
28368	G	T	0.01
28369	C	T	0.01
28370	A	G	0.01
28371	G	T	0.02
28373	GG	TT	0.02
28373	G	T	0.01
28374	G	A	0.01
28376	G	T	0.02
28376	G	A	0.01
28378	G	T	0.11
28380	G	T	0.01
28389	A	G	0.01
28390	A	G	0.01
28391	C	T	0.03
28392	G	T	0.01
28393	T	C	0.01
28396	G	A	0.02
28399	C	T	0.01
28409	C	T	0.01
28432	C	T	0.02
28435	C	T	0.01
28450	T	C	0.01
28451	G	C	0.01
28453	C	T	0.04
28458	A	T	0.27
28460	G	T	0.01
28472	C	A	0.02
28472	C	T	0.02
28480	A	T	0.04
28514	G	T	0.01
28516	T	C	0.01
28519	C	T	0.30
28528	C	T	0.01
28531	C	T	0.04
28539	G	T	0.05
28541	G	A	0.01
28541	G	T	0.01
28549	AC	CA	0.01
28550	C	A	0.04
28557	G	T	0.01
28582	T	C	0.03
28591	A	T	0.01
28603	C	T	0.26
28606	C	T	0.01
28628	G	T	0.02
28629	C	T	0.04
28638	C	T	0.03
28646	G	A	0.01
28648	T	C	0.06
28651	C	T	0.03
28655	G	T	0.03
28657	C	T	1.12
28675	A	G	0.01
28675	A	T	0.01
28677	C	T	0.01
28680	A	G	0.01
28688	T	C	0.66
28690	G	T	0.04
28692	A	C	0.02
28693	T	C	0.01
28695	C	T	0.01
28697	C	T	0.04
28703	G	C	0.03
28703	G	T	0.10
28708	C	T	0.09
28709	A	T	0.02
28714	C	T	0.01
28717	C	T	0.05
28720	C	T	0.02
28723	T	C	0.01
28725	C	T	0.01
28727	G	T	0.02
28732	C	T	0.01
28733	A	T	0.01
28738	T	A	0.01
28739	G	T	0.04
28741	A	T	0.01
28744	C	T	0.01
28757	C	T	0.01
28759	T	C	0.09
28760	C	A	0.01
28761	A	G	0.01
28763	G	A	0.01
28770	C	T	0.01
28775	C	T	0.02
28779	A	G	0.04
28790	G	A	0.01
28792	A	T	0.02
28798	G	A	0.01
28807	C	T	0.01
28808	G	T	0.01
28811	A	G	0.01
28812	G	T	0.30
28817	G	T	0.01
28819	C	A	0.02
28821	C	A	0.60
28824	C	T	0.01
28826	C	T	0.16
28827	G	T	0.02
28830	C	T	0.02
28833	C	T	0.04
28835	T	C	0.05
28836	C	T	0.13
28841	A	G	0.05
28842	G	T	0.13
28845	G	T	0.03
28846	C	T	0.05
28848	A	G	0.01
28849	C	T	0.10
28851	G	C	0.12
28851	G	T	0.06
28854	C	T	2.22
28856	AGAAATTCA	.........	0.02
28857	G	T	0.03
28858	A	G	0.08
28861	T	C	0.02
28863	C	T	1.10
28866	C	T	0.02
28868	C	T	0.01
28869	C	T	0.04
28871	G	A	0.02
28873	C	T	0.02
28874	A	G	0.01
28875	G	A	0.01
28877	A	G	0.01
28878	G	T	0.03
28878	G	A	0.49
28881	GGG	AAC	7.52
28881	G	T	0.06
28881	G	A	0.05
28882	G	T	0.05
28885	A	G	0.03
28887	C	T	0.37
28890	C	T	0.01
28895	G	T	0.02
28896	C	G	0.87
28899	G	C	0.02
28899	G	T	0.20
28899	G	A	0.01
28903	G	T	0.01
28904	G	T	0.02
28907	G	T	0.01
28908	G	T	0.02
28910	A	T	0.01
28913	G	T	0.01
28915	C	T	0.06
28916	G	A	0.01
28921	T	C	0.01
28922	G	T	0.01
28924	T	C	0.12
28930	T	C	0.03
28931	G	A	0.01
28937	C	T	0.01
28948	C	T	0.04
28955	A	T	0.01
28957	C	T	0.02
28960	G	T	0.08
28961	C	T	0.01
28963	T	A	0.01
28968	GC	CT	0.01
28968	G	T	0.03
28969	C	A	0.02
28975	G	T	0.05
28976	T	C	0.01
28977	C	T	0.11
28979	G	T	0.01
28980	G	T	0.01
28985	G	T	0.05
28986	G	T	0.01
29000	G	T	0.02
29002	C	T	0.01
29004	A	C	0.01
29008	T	C	0.02
29012	A	G	0.01
29013	C	T	0.02
29019	A	G	0.01
29022	C	T	0.01
29025	C	T	0.02
29026	T	C	0.01
29027	G	T	0.01
29028	C	T	0.02
29029	T	C	0.01
29036	T	G	0.01
29037	C	T	0.02
29045	C	T	0.01
29051	C	G	0.01
29077	C	T	0.17
29081	G	T	0.01
29085	C	T	0.04
29095	C	T	0.18
29112	A	T	0.02
29119	C	T	0.03
29124	G	A	0.01
29128	T	C	0.02
29140	G	T	0.02
29144	C	T	0.01
29148	T	C	0.18
29149	C	T	0.02
29153	C	A	0.01
29154	A	T	0.01
29162	G	T	0.01
29163	A	T	0.01
29167	C	T	0.02
29171	C	T	0.03
29173	T	G	0.01
29176	G	C	0.01
29176	G	T	0.01
29179	G	T	0.04
29188	A	T	0.43
29194	T	C	0.02
29195	G	T	0.01
29199	C	T	0.01
29200	C	T	0.04
29205	C	T	0.01
29206	T	C	0.03
29210	G	T	0.01
29211	C	T	0.01
29212	G	T	0.08
29212	G	A	0.01
29218	C	T	0.02
29230	C	T	0.01
29231	A	G	0.02
29239	G	A	0.01
29245	C	T	0.01
29247	C	T	0.02
29249	C	T	0.01
29250	C	T	0.08
29253	C	T	0.11
29254	G	A	0.01
29254	G	T	0.11
29259	C	T	0.01
29260	G	A	0.02
29260	G	T	0.03
29262	G	T	0.01
29269	C	T	0.03
29272	C	T	0.12
29274	C	T	0.01
29282	A	T	0.01
29284	C	T	0.01
29291	G	A	0.02
29292	A	G	0.01
29296	C	T	0.04
29300	G	T	0.03
29301	A	T	0.01
29302	T	C	0.01
29303	C	T	0.02
29308	T	C	0.01
29311	C	T	0.02
29315	G	T	0.03
29315	G	C	0.02
29323	C	T	0.01
29347	C	T	0.02
29348	G	T	0.01
29353	C	T	0.35
29355	A	T	0.01
29355	A	G	0.01
29358	C	T	0.18
29359	A	T	0.01
29362	C	T	0.02
29364	C	T	0.03
29364	C	G	0.01
29366	C	T	0.02
29370	C	T	0.02
29374	G	A	0.02
29382	A	T	0.01
29383	G	A	0.01
29384	G	T	0.02
29402	G	T	0.03
29403	A	G	0.03
29409	C	T	0.02
29410	T	C	0.15
29413	A	T	0.01
29415	C	T	0.03
29416	C	T	0.01
29418	T	C	0.01
29420	C	T	0.13
29421	C	T	0.06
29422	G	T	0.06
29422	G	A	0.01
29425	G	T	0.01
29426	A	C	0.01
29429	C	A	0.01
29431	G	T	0.02
29436	A	G	0.01
29437	A	G	0.01
29440	GCAAACTGT	.........	0.01
29440	G	A	0.01
29445	C	T	0.03
29449	G	T	0.11
29451	C	T	0.17
29452	T	C	0.04
29460	C	A	0.01
29462	G	T	0.02
29463	C	T	0.01
29465	G	T	0.01
29466	C	T	0.02
29470	T	A	0.01
29473	G	A	0.01
29474	G	T	0.02
29477	G	T	0.02
29503	C	T	0.01
29509	C	T	0.01
29511	G	T	0.01
29515	T	A	0.01
29520	C	T	0.02
29524	T	A	0.01
29527	G	A	0.03
29527	G	T	0.01
29528	G	T	0.01
29530	C	T	0.03
29540	G	A	1.55
29540	G	T	0.03
29540	GC	AT	0.01
29541	C	T	0.02
29543	G	C	0.01
29543	G	A	0.01
29543	G	T	0.08
29545	C	T	0.04
29546	C	T	0.02
29546	C	A	0.01
29548	C	A	0.02
29551	A	G	0.02
29553	G	A	3.66
29557	G	T	0.05
29562	G	A	0.01
29563	C	T	0.01
29567	A	C	0.25
29568	.	T	0.01
29573	G	A	0.01
29585	C	T	0.01
29596	A	G	0.01
29614	C	T	0.14
29616	G	A	0.02
29616	G	T	0.01
29625	C	T	0.05
29626	T	G	0.01
29627	C	T	0.02
29628	G	T	0.02
29633	T	C	0.01
29635	C	T	0.04
29640	C	T	0.04
29642	C	T	0.01
29645	G	T	0.01
29648	G	T	0.02
29659	C	T	0.01
29666	C	T	0.04
29667	T	C	0.01
29668	C	T	0.25
29670	C	T	0.01
29675	C	.	0.43
29677	A	G	0.01
29679	C	T	0.01
29683	A	T	0.02
29685	T	C	0.04
29686	C	T	0.03
29686	C	A	0.01
29688	G	T	0.08
29690	G	T	0.10
29692	G	T	0.01
29695	A	G	0.01
29697	AT	GA	0.01
29697	ATT	...	0.01
29700	AG	GA	0.06
29700	A	G	2.71
29701	G	C	0.01
29703	.	A	0.01
29705	G	T	0.01
29705	GG	TT	0.01
29706	G	T	0.02
29708	C	T	0.08
29708	C	A	0.01
29710	T	C	0.02
29711	G	T	1.68
29712	A	.	0.01
29715	.	A	0.01
29718	C	T	0.01
29721	C	A	0.01
29722	C	T	0.03
29724	C	T	0.02
29725	A	G	0.02
29728	T	.	0.01
29728	TTC	...	0.02
29728	TTC	GGG	0.01
29729	TCACCGAGGCCACGCGGAGTACGATCGAGTGTA	.................................	0.01
29729	TCACCGAGGCCACGCGGAG	...................	0.01
29731	A	T	0.03
29732	C	G	0.01
29732	C	T	0.02
29732	CC	GA	0.01
29733	C	T	0.11
29734	GAGGCCACGCGGAGTACGATCGAGT	.........................	0.01
29734	G	T	0.01
29734	G	C	0.28
29735	AGGCCACGCGGAGT	..............	0.01
29735	AG	CT	0.01
29736	G	T	0.08
29736	GGCCACGCGGAGTACGATCGAGTG	........................	0.01
29737	G	C	0.01
29738	C	T	0.02
29739	C	A	0.01
29739	C	T	0.05
29740	A	T	0.01
29741	C	T	0.01
29742	G	T	0.65
29742	G	A	0.45
29743	C	T	0.01
29743	.	A	0.01
29744	G	T	0.01
29744	GGAGTACGATCGAGT	...............	0.03
29745	G	T	0.03
29745	GAGTACGATCGAGT	..............	0.04
29745	G	A	0.01
29747	G	T	0.01
29747	G	A	0.02
29747	GTACGATC	........	0.01
29748	T	G	0.01
29748	T	C	0.01
29750	C	T	0.05
29750	CGATCGAGTG	..........	0.01
29751	G	C	0.03
29751	G	T	0.04
29753	T	G	0.01
29754	C	T	0.02
29755	G	T	0.04
29758	T	C	0.01
29759	GTACAGT	.......	0.01
29761	AC	..	0.04
29762	C	T	0.01
29762	CAGTG	.....	0.03
29764	G	T	0.02
29764	G	A	0.01
29764	GTG	...	0.01
29766	GAACAATGCTA	...........	0.01
29768	A	C	0.01
29769	C	T	0.09
29771	A	C	0.01
29773	G	T	0.03
29774	C	T	0.13
29775	.	A	0.01
29776	A	T	0.02
29777	G	T	0.01
29779	G	T	0.02
29780	AG	CC	0.01
29781	G	T	0.02
29781	G	C	0.02
29783	G	T	0.01
29784	C	T	0.06
29792	A	G	0.01
29793	T	C	0.01
29794	G	C	0.01
29803	C	T	0.01
29804	T	C	0.01
29806	A	T	0.02
29806	A	G	0.01
29808	G	T	0.01
29810	G	T	0.01
29810	G	A	0.01
29811	T	C	0.02
29813	A	G	0.02
29817	T	G	0.02
29821	T	A	0.01
29821	T	C	0.01
29822	.	T	0.02
29822	T	C	0.01
29824	A	G	0.01
29824	A	C	0.01
29828	G	T	0.01
29831	C	T	0.01
29835	C	T	0.01
29836	C	T	0.01
29837	C	T	0.05
29838	C	T	0.02
29844	A	G	0.01
29844	AT	GG	0.01
29845	TTT	...	0.01
29845	TT	GA	0.01
29847	TT	GG	0.01
29847	T	G	0.01
29853	.	V	0.01
29857	C	T	0.01
29859	T	A	0.01
29861	GG	AA	0.08
29861	G	A	0.02
29862	G	C	0.01
29862	G	A	0.15
29864	GAA	TCT	0.01
29864	G	.	0.01
29864	G	A	0.37
29865	A	G	0.03
29865	A	C	0.01
29865	A	.	0.02
29865	AA	..	0.01
29866	A	C	0.01
29866	A	G	0.06
29866	A	T	0.01
29867	TG	..	0.01
29867	T	A	0.09
29867	TG	AA	0.70
29867	TG	.A	0.03
29867	T	M	0.05
29867	TG	CA	0.01
29867	T	G	0.01
29868	G	T	0.01
29868	GA	..	0.02
29868	G	.	0.03
29868	GA	CT	0.06
29868	G	C	0.09
29868	G	A	0.20
29868	GAC	...	0.01
29869	A	C	0.01
29869	A	T	0.16
29869	A	G	0.02
29869	AC	..	0.01
29869	.	C	0.01
29870	C	.	0.02
29870	C	G	0.04
29870	C	A	2.17
29870	CA	TG	0.01
29871	A	G	0.02
29871	.	A	0.01
29872	AAA	TTT	0.01
29872	AA	GT	0.01
29874	A	C	0.01
29874	A	T	0.01
29875	A	C	0.01
29879	AAA	TTT	0.01
29880	A	C	0.01
29880	.	C	0.01
29884	A	C	0.01
29884	A	G	0.02
29886	.	C	0.01
29888	A	G	0.01
29896	A	G	0.01
29897	A	C	0.01
29898	A	G	0.01
