4	A	T	0.01
8	G	A	0.01
8	.	T	0.01
10	T	G	0.02
10	T	A	0.04
11	TA	GT	0.02
11	T	C	0.01
12	A	T	0.04
13	T	A	0.04
13	T	C	0.08
17	T	C	0.01
18	TC	GG	0.03
18	TCCC	GGGA	0.01
18	T	G	0.02
19	C	T	0.09
20	C	T	0.01
21	C	T	0.05
23	G	A	0.01
25	T	C	0.01
26	A	.	0.01
28	C	T	0.04
28	C	A	0.01
30	.	C	0.01
30	AACC	CTTT	0.02
31	A	T	0.29
34	AAC	TTT	0.35
34	A	T	0.04
34	AACC	TTTA	0.14
34	AA	TT	0.01
34	AACC	CTTT	0.01
35	ACC	TTT	0.01
35	ACC	TTA	0.01
35	AC	TT	0.17
35	A	T	0.08
36	C	T	1.07
37	C	T	0.03
37	C	A	0.01
39	A	T	0.01
40	C	T	0.01
44	C	G	0.01
45	G	T	0.01
45	G	C	0.01
46	A	G	0.01
48	C	T	0.02
54	.	C	0.01
55	A	C	0.02
61	G	T	0.01
63	T	C	0.01
64	C	T	0.02
66	C	T	0.06
70	A	T	0.01
74	A	C	0.01
75	C	A	0.01
76	TT	AC	0.01
77	T	A	0.01
78	T	G	0.01
79	A	G	0.01
82	.	C	0.01
84	C	A	0.01
84	C	G	0.01
84	C	T	0.03
84	CT	TC	0.01
85	T	.	0.01
89	.	T	0.01
90	GG	.C	0.02
91	G	C	0.01
92	C	T	0.01
92	C	A	0.01
94	.	A	0.02
96	C	G	0.02
97	A	G	0.04
98	C	.	0.02
100	C	T	0.01
101	G	A	0.04
104	T	A	0.01
105	G	T	0.97
106	C	G	0.01
106	C	T	0.11
110	C	T	0.02
111	TT	CG	0.01
111	T	A	0.01
114	G	A	0.01
115	T	C	0.01
116	G	C	0.01
117	C	T	0.01
119	CT	GC	0.01
120	T	C	0.01
122	A	G	0.03
124	G	A	0.01
125	C	T	0.01
127	G	T	0.03
137	T	C	0.01
140	C	T	0.04
141	T	C	0.01
147	C	T	0.02
148	T	A	0.04
149	G	T	0.01
150	T	C	0.04
153	T	G	0.05
156	A	G	0.01
157	C	T	0.02
160	G	A	0.05
163	AC	CG	0.01
167	GT	CA	0.01
167	G	A	0.01
168	T	C	0.03
169	A	T	0.01
174	G	T	0.02
174	G	A	0.04
179	T	C	0.02
180	C	T	0.01
181	T	C	0.01
183	C	T	0.01
185	G	T	0.01
186	C	A	0.01
186	C	T	0.06
187	A	G	0.16
194	T	A	0.01
197	CGG	...	0.01
198	G	A	0.01
198	GG	AA	0.01
199	G	T	0.01
202	T	G	0.01
202	.	G	0.01
203	C	T	0.03
204	G	A	0.01
204	GT	AG	0.01
204	G	T	0.06
205	T	G	0.01
206	C	T	0.01
208	G	T	0.01
208	.	T	0.01
210	G	A	0.01
210	G	T	0.02
212	T	A	0.01
218	C	T	0.04
219	G	T	0.07
221	T	C	0.01
222	C	.	0.01
222	C	T	0.12
224	T	C	0.01
225	C	T	0.01
228	C	T	0.04
229	A	C	0.01
231	A	G	0.01
232	TC	GA	0.01
232	TCT	CAC	0.01
233	C	T	0.01
235	AGG	...	0.01
237	G	T	0.01
241	C	W	0.01
241	CG	TT	0.01
241	C	T	68.45
245	C	T	0.01
246	G	T	0.01
247	G	T	0.01
252	G	A	0.01
252	G	T	0.01
253	A	G	0.01
254	C	T	0.02
257	A	T	0.01
258	A	C	0.02
261	G	T	0.01
263	A	G	0.03
264	A	T	0.01
270	A	G	0.01
271	G	A	0.01
274	C	A	0.02
281	C	T	0.01
283	T	C	0.02
285	G	C	0.01
285	G	A	0.01
287	T	G	0.01
292	C	T	0.02
300	C	T	0.01
301	A	G	0.02
305	G	A	0.01
307	C	T	0.02
313	C	T	0.65
315	G	T	0.01
319	G	A	0.02
327	T	C	0.01
330	A	C	0.01
332	G	T	0.01
334	T	C	0.04
335	C	T	0.05
337	C	T	0.11
343	G	T	0.09
344	C	T	0.01
346	C	T	0.04
349	A	C	0.01
353	G	A	0.02
354	G	A	0.33
361	A	G	0.05
362	G	A	0.01
364	C	T	0.04
368	G	T	0.01
368	G	A	0.01
370	G	T	0.01
373	G	A	0.01
374	G	A	0.06
376	G	A	0.01
376	G	T	0.11
377	G	T	0.01
379	C	A	2.04
383	T	C	0.01
388	G	A	0.01
388	G	T	0.01
391	A	G	0.01
393	G	T	0.01
398	C	T	0.04
400	T	C	0.01
401	C	T	0.01
410	G	T	0.03
414	C	T	0.01
425	G	A	0.01
425	GTA	...	0.03
426	T	C	0.01
428	G	A	0.01
431	G	A	0.02
442	C	T	0.01
443	G	A	0.01
446	T	C	0.01
450	C	T	0.01
460	A	G	0.01
466	C	T	0.04
469	T	C	0.01
478	C	T	0.01
482	C	T	0.01
490	T	A	2.32
491	G	A	0.05
496	A	G	0.01
504	C	A	0.01
506	C	T	0.02
509	GGTCAT	......	0.02
509	G	A	0.02
509	GGTCATGTTATGGTT	...............	0.06
510	GTCATGTTA	.........	0.06
514	T	C	0.07
515	GTTATGGTT	.........	0.02
516	TTA	...	0.01
517	TATGGT	......	0.21
518	ATG	...	0.09
519	TGGTTG	......	0.01
521	G	T	0.03
526	G	T	0.01
527	C	T	0.03
529	G	A	0.01
532	A	T	0.01
532	A	G	0.01
533	G	A	0.01
535	A	G	0.01
539	C	T	0.08
541	C	T	0.10
544	A	G	0.02
545	G	T	0.02
558	G	T	0.01
560	C	T	0.01
564	G	T	0.01
565	T	C	0.01
570	A	G	0.01
575	C	T	0.02
577	T	A	0.01
578	G	A	0.01
582	T	G	0.01
583	C	T	0.01
586	T	A	0.01
593	C	T	0.01
596	G	T	0.01
598	G	A	0.01
598	G	T	0.04
599	G	A	0.01
601	C	T	0.11
602	G	A	0.01
606	T	C	0.02
609	C	T	0.01
612	T	C	0.01
613	G	A	0.04
614	G	A	0.02
618	A	G	0.01
619	C	T	0.21
621	G	A	0.01
622	C	T	0.01
625	G	T	0.04
626	G	T	0.01
626	G	A	0.01
627	T	A	0.01
629	C	T	0.02
629	C	A	0.01
634	T	C	0.01
635	C	T	0.01
643	C	T	0.04
652	A	G	0.01
652	A	T	0.08
653	G	A	0.01
654	G	A	0.01
657	C	T	0.02
658	T	C	0.03
669	G	A	0.01
669	GTT	...	0.05
673	C	T	0.02
675	G	T	0.01
676	C	T	0.02
679	C	T	0.01
680	G	A	0.05
683	C	T	0.05
684	TAAAGTCAT	.........	0.01
686	AAGTCATTT	.........	0.43
691	A	C	0.01
696	A	C	0.21
701	G	T	0.01
703	C	T	0.02
706	C	A	0.01
713	G	T	0.01
714	G	C	0.01
715	C	T	0.01
718	T	A	0.01
720	A	C	0.01
721	T	C	0.01
740	G	A	0.01
745	C	T	0.03
747	G	T	0.02
751	C	T	0.05
761	A	G	0.02
771	T	C	0.04
775	C	T	0.27
777	G	A	0.01
778	T	C	0.01
784	C	T	0.01
787	G	T	0.01
788	C	T	0.01
799	C	T	0.04
805	G	A	0.03
809	T	C	0.02
809	T	A	0.08
810	A	G	0.01
813	C	A	0.01
815	C	T	0.02
816	G	A	0.01
817	C	T	0.01
823	C	T	0.13
826	T	C	0.01
829	C	T	0.09
832	C	T	0.04
833	T	C	1.98
835	C	T	0.05
838	T	C	0.01
840	G	A	0.01
843	C	T	0.01
844	T	G	0.04
847	T	C	0.01
860	G	A	0.01
862	G	T	0.03
872	G	T	0.01
873	A	G	0.01
874	C	T	0.01
875	C	T	0.04
884	C	T	0.10
888	C	T	0.01
889	T	C	0.01
895	A	G	0.08
897	C	T	0.01
900	C	T	0.03
910	G	T	0.02
912	C	T	0.02
913	C	T	0.04
916	A	G	0.01
918	A	T	0.01
920	C	T	0.14
922	G	A	0.16
925	C	T	0.01
932	G	A	0.01
936	C	T	0.05
939	A	G	0.01
940	G	A	0.01
941	A	G	0.01
942	G	A	0.02
943	G	A	0.02
944	G	A	0.02
947	G	A	0.01
949	A	G	0.02
956	T	A	0.01
957	G	A	0.05
958	C	T	0.01
959	C	A	0.01
960	G	A	0.04
963	A	G	0.03
970	G	A	0.05
979	T	C	0.01
988	C	T	0.02
994	A	G	0.04
997	T	C	0.01
1001	G	A	0.01
1009	C	T	0.01
1015	A	G	0.02
1042	G	A	0.05
1043	G	A	0.01
1059	C	T	42.37
1060	C	T	0.12
1063	C	T	0.08
1066	T	C	0.01
1068	G	A	0.02
1068	G	T	0.01
1076	C	T	0.25
1077	C	A	0.01
1077	C	T	0.01
1079	A	C	0.07
1080	A	G	0.01
1087	A	G	0.01
1096	A	G	0.09
1097	A	G	0.01
1098	A	G	0.02
1102	C	T	0.06
1116	T	C	0.01
1117	T	C	0.03
1123	A	G	0.01
1124	A	C	0.01
1135	G	T	0.03
1141	G	T	0.01
1145	G	A	0.01
1148	G	T	0.03
1148	G	A	0.01
1149	G	A	0.02
1150	C	T	0.03
1163	A	T	0.43
1170	C	T	0.12
1174	C	T	0.01
1178	C	T	0.01
1179	C	T	0.01
1186	G	A	0.03
1188	C	T	0.07
1191	C	T	0.12
1191	C	A	0.01
1202	A	G	0.01
1204	C	T	0.23
1210	G	T	0.01
1211	T	A	0.01
1211	T	G	0.12
1212	G	C	0.02
1213	C	T	0.03
1215	T	C	0.01
1218	C	T	0.03
1221	C	T	0.01
1222	T	C	0.01
1225	C	T	0.01
1230	A	G	0.01
1231	G	T	0.01
1238	C	T	0.10
1243	T	C	0.01
1255	A	G	0.09
1262	AC	CT	0.01
1262	A	G	0.02
1263	C	T	0.04
1264	G	T	0.01
1267	C	T	0.02
1268	G	A	0.01
1274	G	T	0.04
1278	A	G	0.01
1281	C	A	0.01
1281	C	T	0.01
1288	C	T	0.10
1302	C	T	0.02
1314	C	T	0.19
1317	A	G	0.01
1319	G	A	0.02
1323	G	T	0.02
1326	C	T	0.02
1329	C	T	0.01
1333	TT	AA	0.01
1342	C	T	0.02
1347	C	T	0.01
1348	C	T	0.05
1368	T	C	0.04
1370	T	A	0.01
1372	T	C	0.01
1380	C	T	0.12
1385	C	T	0.04
1386	A	G	0.01
1387	C	T	0.06
1392	C	T	0.02
1393	A	G	0.01
1397	G	A	0.61
1399	A	G	0.01
1401	G	A	0.81
1403	C	T	0.09
1404	C	T	0.02
1413	G	A	0.04
1413	G	T	0.03
1419	C	T	0.02
1420	C	T	0.02
1426	C	T	0.03
1427	C	T	0.07
1430	A	G	0.01
1431	ATG	...	0.01
1437	C	T	0.03
1438	T	C	0.01
1440	G	A	0.23
1441	C	T	0.08
1450	C	T	0.02
1450	C	A	0.01
1454	C	T	0.01
1455	T	C	0.01
1457	C	T	0.32
1463	G	A	0.07
1467	G	A	0.01
1469	C	T	0.03
1471	C	T	0.04
1473	C	T	0.02
1478	G	A	0.02
1489	C	T	0.01
1495	G	T	0.01
1498	C	T	0.02
1500	C	A	0.04
1514	C	T	0.03
1515	A	G	0.12
1519	C	T	0.01
1545	C	T	0.02
1547	A	G	0.04
1548	G	A	0.01
1549	C	T	0.01
1555	C	T	0.01
1563	G	T	0.01
1568	C	T	0.01
1570	T	C	0.02
1579	T	A	0.01
1580	G	T	0.01
1584	G	A	0.02
1589	G	A	0.01
1590	G	A	0.01
1592	T	C	0.02
1593	C	T	0.04
1594	C	T	0.04
1595	G	A	0.04
1598	G	A	0.02
1598	GGTCTT	......	0.01
1603	TAATGACAACCTTCT	...............	0.02
1605	ATG	...	0.13
1613	C	T	0.01
1616	C	T	0.01
1622	A	G	0.02
1623	T	C	0.01
1625	C	T	0.05
1629	A	C	0.01
1632	A	T	0.01
1636	G	A	0.01
1642	C	T	0.01
1646	A	G	0.02
1651	T	C	0.02
1652	A	G	0.02
1657	T	A	0.01
1658	G	A	0.02
1658	G	T	0.01
1661	G	T	0.01
1663	C	T	0.04
1666	T	C	0.02
1667	A	G	0.01
1670	C	T	0.01
1675	T	C	0.01
1681	G	T	0.05
1681	G	A	0.01
1682	A	G	0.01
1684	C	T	0.04
1685	G	A	0.02
1691	A	G	0.01
1697	G	A	0.01
1719	G	A	0.01
1722	C	T	0.03
1730	G	A	0.01
1731	A	C	0.03
1734	C	T	0.02
1736	G	A	0.04
1738	G	T	0.01
1747	G	A	0.21
1757	G	A	0.01
1758	C	T	0.18
1762	C	T	0.01
1785	G	C	0.01
1800	C	T	0.04
1812	C	T	0.12
1815	A	G	0.04
1817	A	G	0.01
1819	A	G	0.01
1820	G	A	0.11
1835	G	A	0.02
1837	T	C	0.06
1843	G	T	0.01
1851	T	C	0.01
1853	C	T	0.02
1855	G	T	0.01
1864	T	C	0.01
1868	G	A	0.02
1870	A	T	0.01
1873	T	G	0.01
1875	C	T	0.01
1878	C	T	0.04
1884	C	T	0.03
1887	C	T	0.57
1890	G	T	0.01
1895	G	T	0.01
1900	A	G	0.01
1901	T	C	0.01
1904	A	C	0.02
1909	C	T	0.01
1911	C	T	0.06
1912	C	T	0.17
1913	C	T	0.01
1917	C	T	0.84
1918	T	C	0.19
1926	C	T	0.01
1928	G	A	0.01
1929	C	T	0.07
1930	T	C	0.01
1930	T	G	0.01
1931	C	A	0.01
1934	A	G	0.01
1935	A	G	0.01
1938	C	A	0.01
1938	C	T	0.01
1940	G	A	0.01
1944	G	A	0.01
1946	G	T	0.01
1947	T	G	0.01
1947	T	C	0.02
1957	G	A	0.01
1962	C	T	0.01
1968	C	T	0.02
1973	C	T	0.01
1978	T	A	0.01
1983	T	C	0.01
1997	C	T	0.03
1999	G	T	0.01
2003	C	T	0.06
2018	A	G	0.31
2028	C	T	0.01
2037	C	T	0.03
2040	C	T	0.01
2041	T	C	0.02
2048	C	T	0.01
2057	A	G	0.03
2058	T	C	0.01
2061	C	T	0.04
2062	C	T	0.09
2070	C	T	0.31
2075	G	A	0.01
2081	G	A	0.01
2091	C	T	0.02
2094	C	T	0.04
2101	G	T	0.01
2102	C	T	0.02
2104	A	G	0.09
2106	C	T	0.10
2109	A	G	0.02
2110	C	T	0.05
2113	C	T	0.09
2116	T	A	0.17
2127	A	G	0.08
2138	A	G	0.01
2142	C	T	0.01
2143	C	T	0.04
2144	G	T	0.01
2144	G	A	0.01
2146	C	T	0.01
2147	C	T	0.01
2149	T	A	0.01
2149	T	C	0.02
2153	T	A	0.01
2156	C	T	0.03
2158	T	C	0.01
2160	A	G	0.01
2161	A	G	0.69
2164	G	T	0.04
2165	A	G	0.10
2167	G	T	0.01
2180	G	A	0.01
2182	A	G	0.01
2187	T	G	0.01
2189	C	T	0.01
2198	G	A	0.04
2203	G	T	0.01
2205	A	C	0.01
2211	T	C	0.02
2221	C	T	0.01
2229	G	A	0.01
2232	C	T	0.01
2235	G	A	0.01
2240	A	G	0.02
2243	G	A	0.01
2244	T	C	0.52
2246	G	T	0.01
2246	G	A	0.01
2249	G	A	0.01
2258	G	A	0.01
2263	C	A	0.01
2266	T	C	0.04
2268	C	T	0.01
2269	A	T	0.01
2272	G	T	0.01
2274	A	C	0.01
2277	T	C	0.01
2284	G	A	0.07
2286	G	A	0.01
2288	G	A	0.03
2293	G	T	0.01
2301	T	C	0.02
2305	G	T	0.02
2306	C	T	0.01
2309	G	T	0.01
2318	T	C	0.01
2322	T	C	0.01
2329	G	A	0.01
2336	G	T	0.01
2340	C	T	0.01
2380	A	G	0.02
2381	G	T	0.01
2384	G	C	0.01
2388	C	T	0.01
2389	A	G	0.01
2395	C	T	0.02
2397	C	T	0.01
2399	C	T	0.02
2407	G	T	0.01
2416	C	T	4.53
2420	A	C	0.01
2422	G	A	0.02
2430	A	C	0.01
2434	C	T	0.02
2439	A	G	0.01
2441	G	A	0.03
2442	A	C	0.01
2445	C	T	0.02
2446	T	C	0.02
2447	G	T	0.18
2447	G	A	0.03
2448	G	T	0.01
2448	G	A	0.01
2449	C	T	0.01
2450	C	T	0.01
2453	C	T	0.02
2454	T	C	0.02
2455	C	T	0.04
2459	C	T	0.01
2469	C	T	0.02
2470	C	T	0.03
2480	A	G	0.75
2485	C	T	0.04
2489	T	C	0.01
2497	A	G	0.01
2498	G	A	0.01
2501	A	G	0.02
2507	C	T	0.03
2508	C	T	0.22
2512	A	C	0.01
2518	G	T	0.01
2523	C	T	0.08
2526	A	C	0.01
2527	G	A	0.01
2528	G	A	0.03
2534	G	A	0.01
2536	C	T	0.13
2547	GT	AG	0.01
2550	A	G	0.02
2551	T	C	0.01
2558	C	T	0.81
2561	T	C	0.01
2574	C	T	0.02
2579	G	A	0.01
2590	A	G	0.01
2591	G	A	0.01
2592	C	T	0.01
2592	C	A	0.01
2594	C	T	0.05
2594	C	A	0.02
2600	G	A	0.02
2602	T	C	0.02
2623	C	A	0.01
2624	G	A	0.01
2626	G	A	0.03
2632	G	T	0.03
2633	T	C	0.01
2635	G	A	0.01
2636	C	A	0.01
2638	C	T	0.01
2644	C	T	0.02
2647	A	G	0.06
2651	A	G	0.01
2652	C	T	0.01
2667	C	T	0.01
2668	C	T	0.03
2675	C	T	0.04
2676	C	T	0.05
2684	A	C	0.01
2687	G	A	0.01
2695	C	T	0.01
2698	T	C	0.04
2700	C	T	0.03
2701	C	A	0.01
2704	C	T	0.01
2705	A	G	0.01
2706	C	T	0.03
2710	C	T	0.01
2712	A	G	0.02
2716	C	T	0.02
2717	G	A	0.01
2723	C	T	0.01
2737	T	A	0.01
2745	A	C	0.01
2764	G	T	0.09
2775	A	G	0.01
2782	G	T	0.01
2788	C	T	0.02
2798	C	T	0.01
2800	T	C	0.01
2808	G	A	0.06
2809	G	T	0.04
2828	G	C	0.01
2836	C	T	0.47
2838	C	T	0.02
2840	G	A	0.11
2842	C	T	0.01
2845	T	C	0.01
2851	T	C	0.01
2862	C	T	0.03
2863	A	G	0.01
2870	A	G	0.03
2875	G	A	0.01
2878	C	T	0.03
2881	C	T	0.02
2882	T	C	0.01
2884	T	C	0.01
2891	G	A	0.23
2892	C	T	0.02
2896	T	C	0.01
2900	G	T	0.01
2900	G	A	0.02
2902	C	T	0.01
2910	C	T	0.02
2914	G	A	0.02
2937	C	T	0.03
2939	C	T	0.11
2940	C	T	0.04
2942	C	T	0.11
2945	G	A	0.02
2948	A	G	0.02
2950	T	C	0.01
2951	G	T	0.01
2952	A	G	0.02
2956	AG	TT	0.01
2969	A	G	0.02
2971	G	T	0.01
2973	C	T	0.03
2976	C	T	0.01
2980	C	T	0.02
2987	T	C	0.01
2992	T	C	0.01
2997	C	T	0.01
3003	A	T	0.01
3004	G	T	0.02
3010	A	G	0.01
3011	T	C	0.07
3014	G	A	0.01
3037	C	T	75.10
3040	C	T	0.03
3041	C	T	0.01
3042	C	T	0.03
3044	C	T	0.02
3046	A	G	0.05
3068	G	A	0.01
3081	A	C	0.01
3083	.	G	0.01
3084	A	G	0.02
3090	A	G	0.08
3091	G	A	0.01
3094	A	G	0.01
3096	C	T	0.21
3099	C	T	0.03
3113	G	C	0.02
3117	C	T	0.02
3122	G	T	0.01
3123	A	C	0.01
3125	G	C	0.01
3130	C	T	0.02
3137	A	C	0.01
3138	A	G	0.02
3140	C	T	0.05
3141	C	A	0.04
3142	T	C	0.01
3144	T	C	0.01
3145	G	T	0.01
3146	G	A	0.01
3148	A	G	0.01
3157	C	T	0.03
3159	C	A	0.01
3159	C	T	0.02
3160	T	C	0.01
3165	C	T	0.01
3165	C	G	0.01
3168	C	T	0.01
3172	T	C	0.02
3176	C	T	0.01
3177	C	T	2.38
3177	C	A	0.02
3178	T	G	0.01
3181	A	G	0.01
3190	A	G	0.03
3192	A	G	0.01
3219	A	G	0.01
3224	A	G	0.01
3225	C	T	0.01
3229	T	C	0.01
3231	G	T	0.06
3234	A	G	0.01
3239	G	T	0.01
3241	C	T	0.02
3242	G	A	0.02
3246	G	T	0.01
3248	G	A	0.01
3251	G	T	0.01
3253	C	T	0.05
3259	G	T	0.04
3259	G	A	0.02
3261	C	T	0.02
3264	C	T	0.02
3267	C	T	0.01
3282	T	C	0.05
3283	T	A	0.01
3285	A	G	0.01
3286	G	T	0.01
3293	C	T	0.01
3294	C	T	0.01
3299	T	C	0.01
3304	G	T	0.07
3306	T	C	0.01
3307	G	A	0.01
3311	C	T	0.02
3311	C	A	0.29
3312	T	C	0.02
3317	C	T	0.02
3328	G	T	0.01
3328	G	A	0.01
3330	C	T	0.01
3331	T	A	0.01
3332	ATTGAAGTGAAT	............	0.01
3333	TTG	...	0.01
3337	A	G	0.01
3340	G	T	0.02
3345	G	T	0.03
3365	C	T	0.03
3369	C	T	0.01
3371	G	A	0.02
3372	A	G	0.01
3373	C	A	0.17
3373	C	T	0.06
3380	T	C	0.01
3393	C	T	0.01
3397	C	T	0.04
3398	A	C	0.01
3398	A	G	0.01
3405	A	C	0.01
3406	A	C	0.01
3407	G	C	0.01
3409	A	G	0.02
3410	G	A	0.01
3411	C	T	0.03
3414	A	C	0.01
3418	G	T	0.01
3419	G	A	0.03
3421	A	G	0.05
3426	C	T	0.02
3428	A	C	0.01
3429	C	T	0.03
3444	C	T	0.01
3455	T	C	0.01
3460	T	C	0.01
3463	A	G	0.01
3464	C	A	0.01
3476	G	A	0.03
3478	T	C	0.01
3478	T	A	0.02
3481	A	C	0.02
3482	G	A	0.02
3483	G	T	0.03
3484	A	G	0.01
3485	G	A	0.02
3487	C	T	0.01
3492	A	C	0.02
3499	T	C	0.01
3503	A	G	0.01
3505	C	T	0.01
3509	G	A	0.01
3517	A	G	0.01
3518	G	T	0.02
3526	T	C	0.01
3532	T	G	0.01
3536	A	G	0.01
3540	C	T	0.01
3551	C	T	0.01
3552	C	T	0.01
3553	A	G	0.01
3558	A	G	0.01
3559	A	G	0.01
3563	G	A	0.01
3564	G	T	0.15
3569	A	G	0.01
3587	C	T	0.05
3589	C	T	0.06
3593	C	T	0.04
3599	A	G	0.01
3602	C	T	0.08
3605	T	C	0.02
3607	T	C	0.01
3608	C	T	0.02
3619	C	T	0.02
3625	A	C	0.02
3625	A	T	0.01
3628	T	C	0.02
3632	A	G	0.01
3634	C	T	0.14
3635	A	G	0.02
3638	G	T	0.01
3644	G	A	0.01
3653	C	T	0.05
3655	T	C	0.04
3661	G	T	0.03
3663	G	T	0.01
3688	C	T	0.01
3692	G	T	0.06
3698	C	A	0.01
3713	T	C	0.01
3715	A	C	0.01
3717	C	T	0.01
3722	A	G	0.06
3727	T	C	0.01
3736	C	T	0.02
3737	C	T	0.04
3738	C	T	0.06
3743	C	T	0.02
3759	G	T	0.01
3766	T	C	0.02
3768	C	T	0.02
3775	C	T	0.01
3778	A	G	0.01
3784	C	T	0.04
3787	C	T	0.03
3790	A	G	0.01
3796	C	T	0.01
3811	C	T	0.03
3815	G	A	0.01
3817	C	T	0.04
3821	C	T	0.01
3828	C	T	0.01
3831	G	C	0.01
3832	C	T	0.02
3841	A	T	0.04
3843	T	G	0.01
3843	T	C	0.01
3852	A	T	0.01
3852	A	C	0.01
3871	G	A	0.01
3871	G	T	0.39
3874	C	T	0.02
3876	C	T	0.02
3877	TGAGATTCCTAAAGAGGAAGT	.....................	0.02
3880	G	A	0.02
3885	C	T	0.04
3889	A	G	0.01
3892	G	T	0.72
3896	G	T	0.01
3912	C	T	0.01
3923	C	T	0.01
3927	C	T	0.01
3931	T	C	0.22
3938	A	C	0.01
3947	G	T	0.01
3952	T	C	0.01
3955	G	A	0.01
3955	G	T	0.12
3961	C	T	0.08
3965	G	A	0.01
3987	C	T	0.02
3990	C	T	0.04
3992	C	T	0.10
3994	G	T	0.01
4000	A	G	0.01
4002	C	T	0.33
4011	T	A	0.01
4015	AGA	TCT	0.01
4015	A	G	0.01
4033	T	C	0.03
4034	A	G	0.01
4045	T	A	0.01
4067	G	A	0.02
4069	C	T	0.03
4070	A	T	0.01
4084	C	T	0.16
4091	A	G	0.01
4092	T	G	0.01
4096	T	C	0.01
4105	G	A	0.12
4105	G	T	0.02
4112	G	T	0.02
4113	C	T	0.12
4115	C	T	0.01
4117	A	G	0.01
4120	T	C	0.01
4122	T	C	0.01
4123	A	G	0.01
4125	TG	AA	0.01
4127	G	A	0.01
4136	G	T	0.02
4136	G	A	0.01
4148	G	T	0.04
4155	C	A	0.01
4158	C	T	0.03
4162	G	A	0.01
4162	G	T	0.01
4174	T	C	0.01
4180	G	A	0.01
4180	G	T	0.07
4197	A	G	0.34
4198	A	T	0.01
4201	G	T	0.01
4202	C	T	0.04
4220	A	G	0.01
4222	A	G	0.01
4225	G	T	0.02
4226	C	T	0.08
4230	C	A	0.03
4231	A	G	0.03
4234	C	T	0.02
4236	A	G	0.11
4246	C	T	0.04
4252	C	T	0.01
4255	G	T	0.06
4255	G	A	0.02
4269	A	G	0.01
4276	C	T	0.01
4282	A	G	0.01
4285	G	T	0.01
4285	G	A	0.01
4288	G	T	0.02
4293	A	G	0.01
4297	A	G	0.01
4298	G	A	0.01
4300	G	T	0.02
4307	A	C	0.01
4319	G	A	0.01
4320	C	T	0.03
4321	C	T	0.05
4322	T	C	0.01
4327	C	T	0.02
4331	C	T	0.03
4340	A	G	0.01
4345	C	T	0.01
4351	T	C	0.04
4354	G	T	0.02
4357	G	T	0.01
4381	T	G	0.01
4386	A	G	0.08
4389	T	G	0.09
4390	G	T	0.10
4392	G	C	0.01
4399	G	T	0.03
4400	C	T	0.01
4402	T	C	0.09
4403	G	A	0.04
4404	C	T	0.01
4421	C	T	0.01
4423	C	T	0.05
4441	T	C	0.01
4444	G	T	0.05
4454	G	T	0.01
4455	C	T	0.05
4456	C	T	0.08
4475	C	T	0.04
4476	G	A	0.01
4494	A	G	0.02
4503	A	T	0.03
4504	G	A	0.02
4504	G	T	0.01
4510	G	C	0.01
4510	G	T	0.17
4522	T	C	0.01
4523	G	A	0.35
4523	G	T	0.01
4524	C	T	0.01
4528	A	G	0.01
4534	C	T	0.02
4540	C	T	0.97
4543	C	T	0.04
4544	A	T	0.02
4550	A	G	0.01
4551	C	T	0.06
4554	C	A	0.01
4560	C	T	0.01
4575	C	T	0.02
4577	C	T	0.01
4579	T	A	0.01
4582	C	T	0.20
4586	C	T	0.01
4589	A	C	0.01
4590	A	G	0.01
4595	A	G	0.01
4597	T	C	0.01
4615	T	C	0.01
4622	G	T	0.01
4624	A	G	0.46
4631	G	A	0.03
4633	C	T	0.02
4642	G	A	0.01
4655	C	T	0.02
4657	G	A	0.20
4657	G	T	0.01
4668	C	T	0.02
4672	C	T	0.03
4678	G	A	0.01
4683	C	T	0.07
4687	A	T	0.04
4711	T	C	0.16
4718	G	T	0.01
4720	G	T	0.02
4720	G	A	0.01
4740	C	A	0.01
4754	C	T	0.02
4755	C	T	0.05
4764	A	G	0.03
4776	C	T	0.22
4779	T	C	0.02
4780	C	T	0.01
4780	C	A	0.01
4782	C	T	0.02
4784	C	T	0.01
4790	G	A	0.01
4795	C	T	0.06
4809	C	T	0.04
4810	C	T	0.01
4813	T	C	0.01
4832	C	T	0.03
4838	A	G	0.19
4866	G	T	0.05
4878	C	T	0.17
4880	AGT	...	0.04
4881	G	A	0.01
4885	T	C	0.02
4886	C	T	0.04
4888	T	A	0.01
4890	C	T	0.01
4891	C	T	0.01
4892	A	G	0.02
4897	C	T	0.08
4900	C	T	0.01
4903	A	G	0.01
4904	G	T	0.26
4905	A	G	0.02
4911	A	T	0.01
4912	A	C	0.07
4940	C	T	0.02
4940	C	A	0.02
4946	T	C	0.01
4949	T	C	0.01
4951	G	A	0.03
4960	G	T	0.02
4965	C	T	0.04
4967	A	G	0.01
4975	G	T	0.07
4981	A	G	0.01
4987	A	G	0.01
4990	C	T	0.02
4993	C	T	0.21
4999	C	T	0.04
5000	C	T	0.01
5002	C	T	0.04
5005	C	T	0.01
5007	C	T	0.02
5008	G	T	0.01
5010	A	T	0.01
5011	A	C	0.20
5017	G	T	0.05
5019	A	G	0.01
5020	C	T	0.03
5029	G	T	0.02
5031	C	T	0.01
5048	G	T	0.01
5052	C	T	0.02
5061	T	C	0.01
5062	G	T	0.09
5062	G	A	0.03
5065	T	C	0.01
5069	G	T	0.01
5084	A	G	0.06
5093	C	T	0.01
5098	T	C	0.01
5101	A	T	0.01
5124	T	G	0.01
5140	C	T	0.01
5142	C	T	0.02
5144	C	T	0.05
5148	G	T	0.01
5150	G	A	0.01
5157	C	T	0.02
5158	T	G	0.03
5165	T	C	0.01
5170	C	T	0.06
5171	C	T	0.01
5173	C	T	0.02
5174	A	G	0.02
5175	C	T	0.01
5182	T	C	0.02
5183	C	T	0.30
5184	C	T	0.17
5185	T	C	0.04
5194	G	T	0.04
5206	G	T	0.26
5211	C	T	0.01
5218	T	C	0.01
5230	G	T	0.02
5239	C	T	0.02
5240	C	G	0.01
5241	C	T	0.01
5246	G	T	0.01
5260	T	C	0.01
5273	G	A	0.01
5277	A	G	0.01
5278	T	G	0.02
5281	C	T	0.01
5284	C	T	0.07
5290	T	C	0.02
5298	C	T	0.01
5301	C	T	0.03
5309	A	G	0.12
5310	C	T	0.04
5317	A	G	0.04
5335	T	C	0.01
5337	A	G	0.01
5338	T	C	0.05
5339	C	T	0.02
5348	C	T	0.03
5355	A	G	0.01
5356	T	C	0.02
5374	G	A	0.01
5376	C	A	0.01
5385	C	T	0.01
5392	C	T	0.01
5401	A	G	0.01
5405	A	G	0.01
5407	C	T	0.02
5421	A	G	0.01
5431	A	G	0.02
5449	T	C	0.01
5461	G	T	0.01
5462	A	G	0.01
5467	C	T	0.22
5468	T	C	0.01
5482	C	T	0.01
5485	T	G	0.01
5497	C	T	0.01
5506	C	A	0.01
5512	C	T	0.02
5533	A	G	0.01
5538	A	T	0.15
5539	G	A	0.01
5540	C	A	0.03
5541	A	G	0.01
5542	G	C	0.01
5544	C	T	0.02
5547	C	T	0.02
5550	T	G	0.01
5554	G	T	0.01
5555	G	A	0.04
5557	T	C	0.01
5570	A	G	0.02
5572	G	T	0.12
5572	G	A	0.03
5575	C	T	0.01
5612	G	A	0.01
5617	G	A	0.01
5621	C	T	0.03
5622	C	T	0.06
5629	G	T	0.02
5632	T	C	0.01
5654	C	T	0.01
5665	G	A	0.01
5668	G	A	0.01
5672	C	T	0.10
5681	A	G	0.01
5691	C	T	0.02
5694	C	A	0.01
5698	T	C	0.01
5700	C	T	0.02
5700	C	A	0.05
5707	T	C	0.01
5714	A	G	0.01
5716	G	T	0.01
5717	C	T	0.03
5725	A	G	0.47
5728	T	C	0.01
5730	C	T	0.04
5742	A	T	0.02
5743	G	A	0.01
5758	C	T	0.03
5782	A	C	0.01
5784	C	T	0.20
5792	G	A	0.01
5796	C	T	0.03
5797	T	C	0.01
5806	C	T	0.03
5812	C	T	0.05
5816	G	A	0.01
5817	C	T	0.01
5821	A	G	0.01
5822	C	T	0.01
5825	A	G	0.01
5826	C	T	0.04
5834	T	C	0.02
5838	A	G	0.01
5845	A	T	0.01
5849	C	T	0.03
5850	C	T	0.09
5851	T	C	0.01
5860	T	C	0.02
5861	G	A	0.01
5862	T	C	0.01
5869	C	T	0.11
5872	A	C	0.01
5878	C	T	0.03
5884	C	T	0.16
5886	C	T	0.02
5907	C	T	0.04
5917	G	A	0.01
5924	G	A	0.01
5934	C	T	0.02
5941	T	G	0.01
5941	T	C	0.04
5954	G	A	0.01
5956	C	T	0.02
5957	A	G	0.02
5958	A	T	0.01
5967	A	G	0.01
5974	C	T	0.03
5986	C	T	0.06
5995	A	G	0.01
6007	TG	AC	0.01
6011	C	T	0.01
6013	A	C	0.02
6016	C	A	0.01
6016	C	T	0.01
6018	A	G	0.01
6023	T	C	0.01
6025	T	C	0.01
6026	C	T	0.12
6027	C	T	0.12
6027	C	A	0.01
6030	A	G	0.01
6031	C	T	0.06
6032	G	A	0.01
6033	C	G	0.01
6035	A	G	0.03
6036	G	T	0.04
6036	G	A	0.03
6039	T	C	0.01
6040	C	T	1.21
6042	A	G	0.01
6051	A	C	0.02
6069	T	C	0.02
6070	C	T	0.04
6079	T	C	0.01
6081	A	G	0.02
6091	C	T	0.01
6119	T	C	0.01
6120	C	T	0.02
6124	A	G	0.01
6125	G	A	0.01
6128	C	T	0.01
6134	G	A	0.01
6145	C	T	0.01
6149	G	T	0.01
6151	C	T	0.01
6170	G	C	0.01
6178	T	C	0.02
6183	A	G	0.01
6190	C	T	0.01
6195	C	T	0.01
6196	C	T	0.06
6197	T	C	0.01
6198	C	T	0.01
6209	G	A	0.01
6220	G	A	0.01
6228	A	G	0.02
6254	G	T	0.01
6255	C	T	0.04
6258	C	T	0.05
6267	C	T	0.02
6268	C	A	0.01
6273	A	G	0.01
6274	T	C	0.01
6276	A	G	0.01
6277	A	G	0.01
6285	C	T	0.12
6286	C	T	0.04
6292	T	C	0.01
6294	T	C	0.02
6308	A	C	0.01
6310	C	A	0.09
6310	C	T	0.16
6312	C	T	0.03
6312	C	A	0.54
6312	C	G	0.02
6313	A	G	0.02
6317	C	T	0.02
6320	G	T	0.01
6324	A	G	0.01
6329	T	C	0.02
6331	A	G	0.01
6337	G	T	0.01
6340	T	A	0.01
6341	G	A	0.01
6342	A	G	0.02
6342	A	C	0.01
6345	T	C	0.01
6347	C	T	0.01
6350	A	G	0.01
6352	G	A	0.04
6354	C	T	0.03
6360	A	G	0.01
6361	C	T	0.01
6362	G	A	0.05
6363	C	T	0.12
6366	A	G	0.01
6367	G	T	0.01
6369	G	A	0.01
6373	G	T	0.01
6375	A	G	0.01
6384	C	T	0.02
6388	C	T	0.03
6391	A	G	0.01
6394	T	G	0.01
6394	T	C	0.04
6395	C	T	0.02
6398	A	C	0.02
6401	C	T	0.02
6402	C	T	0.09
6404	G	T	0.09
6406	C	T	0.02
6407	T	C	0.05
6419	G	A	0.01
6419	G	T	0.01
6421	G	T	0.01
6424	A	C	0.01
6427	T	C	0.01
6439	G	A	0.01
6443	G	A	0.02
6445	C	T	0.31
6446	G	A	0.10
6446	G	T	0.01
6449	C	T	0.03
6454	G	T	0.01
6454	G	A	0.01
6463	G	T	0.01
6466	A	G	0.01
6475	A	C	0.01
6500	C	T	0.02
6501	C	T	0.03
6504	C	T	0.07
6505	A	G	0.01
6510	ATAGTT	......	0.03
6512	A	C	0.09
6513	G	T	0.03
6520	A	G	0.03
6525	C	T	0.05
6530	G	A	0.01
6532	G	T	0.08
6539	C	T	0.02
6541	C	T	0.09
6543	C	T	0.04
6548	C	T	0.02
6551	A	G	0.02
6555	C	A	0.01
6555	C	T	0.01
6558	C	T	0.01
6568	C	T	0.02
6573	C	T	0.10
6574	T	A	0.01
6576	G	T	0.01
6578	C	T	0.01
6582	C	T	0.01
6584	A	G	0.01
6588	A	G	0.01
6589	G	T	0.01
6592	A	G	0.01
6604	A	G	0.02
6606	C	T	0.04
6613	A	G	0.02
6616	A	G	0.01
6627	C	T	0.02
6628	C	T	0.02
6629	C	T	0.05
6633	C	T	0.01
6636	C	T	0.04
6638	C	T	0.07
6639	A	G	0.01
6640	T	C	0.01
6646	A	G	0.02
6651	C	T	0.21
6653	G	A	0.03
6657	A	C	0.03
6659	A	G	0.01
6664	C	T	0.02
6670	G	T	0.01
6672	A	G	0.02
6674	A	G	0.01
6677	A	G	0.01
6677	A	C	0.01
6684	A	G	0.01
6685	T	C	0.03
6685	TTA	...	0.01
6691	T	C	0.02
6693	A	G	0.41
6694	G	A	0.02
6695	C	T	0.01
6696	C	T	0.04
6701	C	T	0.04
6702	T	C	0.01
6706	C	T	0.01
6708	A	G	0.01
6709	A	G	0.16
6712	T	G	0.01
6717	G	A	0.01
6720	C	T	0.04
6723	C	T	0.04
6729	A	C	0.01
6730	C	T	0.04
6740	C	T	0.01
6741	G	T	0.02
6746	T	C	0.01
6748	A	G	0.01
6753	G	T	0.01
6762	C	T	0.01
6779	T	A	0.01
6781	C	T	0.01
6786	C	T	0.01
6791	T	A	0.02
6813	C	T	0.04
6814	T	C	0.04
6818	A	G	0.03
6819	G	T	0.03
6821	A	G	0.01
6840	C	T	0.01
6843	C	T	0.03
6844	T	C	0.01
6848	C	T	0.02
6852	C	T	0.01
6853	T	C	0.02
6861	C	T	0.02
6865	G	T	0.02
6866	A	T	0.01
6867	A	G	0.01
6869	A	T	0.02
6874	T	C	0.01
6877	G	T	0.01
6882	T	C	0.01
6883	C	T	0.02
6884	G	T	0.03
6884	G	A	0.01
6885	G	A	0.01
6894	G	T	0.04
6896	C	T	0.02
6905	T	G	0.07
6906	C	T	0.01
6926	C	T	0.01
6927	C	T	0.03
6931	T	C	0.02
6936	C	T	0.05
6944	A	G	0.02
6948	A	C	0.01
6950	A	G	0.01
6958	T	C	0.01
6961	G	T	0.01
6963	TT	AC	0.01
6968	C	A	0.01
6971	T	C	0.03
6975	G	T	0.04
6977	G	A	0.03
6982	C	T	0.01
6989	T	C	0.02
6990	C	T	0.06
6995	A	C	0.01
6996	T	C	0.03
7000	C	T	0.01
7006	C	T	0.03
7011	C	T	0.08
7016	G	A	0.01
7022	T	C	0.01
7025	A	G	0.01
7029	C	T	0.01
7030	T	A	0.01
7039	C	T	0.04
7042	G	T	0.03
7043	C	T	0.02
7047	C	T	0.01
7050	A	C	0.01
7067	G	A	0.02
7079	A	G	0.01
7081	C	T	0.02
7083	C	T	0.01
7084	T	C	0.01
7093	C	T	0.02
7113	C	T	0.04
7119	C	T	0.04
7126	T	C	0.01
7128	G	A	0.01
7130	A	G	0.02
7131	G	T	0.01
7132	T	C	0.01
7153	T	C	0.01
7162	C	T	0.02
7164	C	T	0.05
7165	C	T	0.01
7168	T	C	0.01
7169	C	T	0.01
7173	C	T	0.01
7191	T	C	0.01
7193	A	G	0.01
7195	C	T	0.03
7198	T	C	0.01
7201	A	G	0.01
7225	T	C	0.06
7231	C	T	0.02
7232	T	G	0.01
7235	G	A	0.02
7237	T	C	0.01
7240	A	G	0.01
7252	G	A	0.01
7267	C	T	0.03
7270	T	C	0.01
7273	G	A	0.01
7279	C	T	0.03
7283	G	A	0.01
7285	A	C	0.01
7287	T	A	0.01
7291	A	G	0.01
7296	C	T	0.01
7299	C	T	0.01
7303	C	T	0.03
7312	G	A	0.01
7318	C	T	0.01
7318	C	A	0.01
7321	C	T	0.01
7331	G	A	0.01
7334	C	T	0.03
7380	T	C	0.01
7386	T	C	0.04
7390	C	T	0.02
7392	C	T	0.01
7393	G	T	0.04
7393	G	A	0.01
7405	G	T	0.01
7420	C	T	0.20
7420	C	A	0.02
7425	T	C	0.01
7427	G	T	0.01
7438	T	C	0.27
7452	G	T	0.03
7479	A	G	0.11
7480	T	C	0.01
7481	T	A	0.01
7482	C	T	0.01
7483	A	C	0.01
7487	A	G	0.01
7503	A	G	0.01
7504	C	T	0.02
7506	A	G	0.01
7513	T	C	0.03
7518	C	T	0.01
7519	A	G	0.01
7521	C	T	0.01
7528	C	T	0.06
7540	T	C	0.08
7546	T	C	0.01
7553	G	A	0.03
7554	T	C	0.01
7557	G	A	0.07
7560	G	A	0.32
7561	G	A	0.01
7562	T	C	0.01
7564	C	T	0.07
7576	T	C	0.01
7579	T	C	0.01
7582	T	C	0.01
7594	C	T	0.01
7600	C	T	0.05
7604	C	T	0.01
7609	C	T	0.04
7626	A	G	0.01
7641	G	A	0.02
7644	C	T	0.01
7675	G	T	0.02
7684	G	A	0.01
7687	A	C	0.01
7712	C	T	0.01
7716	C	T	0.01
7720	C	T	0.01
7728	C	T	0.04
7728	C	A	0.02
7732	C	T	0.04
7736	G	A	0.02
7737	T	A	0.01
7743	G	T	0.01
7749	C	T	0.02
7756	G	T	0.02
7757	A	G	0.01
7764	C	T	0.04
7765	C	T	0.10
7765	C	A	0.02
7767	T	C	0.03
7768	C	T	0.16
7770	A	G	0.01
7790	G	T	0.01
7798	G	T	0.03
7815	C	T	0.04
7818	T	C	0.01
7834	C	T	0.04
7837	A	C	0.06
7838	G	T	0.01
7843	C	T	0.08
7844	C	A	0.01
7857	A	G	0.01
7858	C	T	0.01
7863	A	G	0.01
7866	G	T	0.01
7870	A	G	0.12
7892	T	C	0.01
7901	A	G	0.01
7924	T	C	0.01
7926	C	T	0.03
7929	A	G	0.21
7932	C	T	0.03
7936	G	A	0.04
7936	G	T	0.03
7945	C	T	0.09
7948	C	T	0.01
7954	G	T	0.01
7966	A	G	0.01
7973	C	T	0.01
7975	G	A	0.01
7981	A	G	0.07
7990	A	G	0.01
8001	A	C	0.01
8004	T	C	0.01
8005	T	C	0.01
8011	T	C	0.01
8016	C	T	0.04
8022	T	C	0.01
8025	C	T	0.03
8026	A	G	0.03
8031	A	G	0.04
8041	T	C	0.02
8043	C	T	0.01
8052	A	G	0.02
8053	T	C	0.01
8055	C	T	0.01
8060	T	G	0.01
8067	C	T	0.01
8068	T	C	0.02
8072	A	G	0.10
8073	A	G	0.01
8075	G	A	0.06
8078	C	T	0.07
8079	C	A	0.01
8083	G	A	0.04
8083	G	T	0.03
8084	G	A	0.01
8090	C	T	0.03
8092	C	T	0.06
8101	A	T	0.03
8102	G	T	0.09
8109	C	T	0.02
8115	A	G	0.01
8116	A	G	0.03
8123	C	T	0.01
8131	G	T	0.04
8137	G	T	0.01
8139	C	T	0.01
8140	C	T	0.01
8145	A	G	0.01
8146	C	T	0.01
8158	T	C	0.01
8160	C	T	0.01
8162	T	C	0.01
8164	T	C	0.01
8170	A	G	0.01
8171	G	A	0.01
8175	C	T	0.05
8175	C	A	0.01
8179	G	A	0.01
8179	G	T	0.02
8185	G	A	0.01
8187	T	G	0.01
8187	T	C	0.01
8200	T	C	0.01
8201	G	A	0.01
8204	G	A	0.01
8208	C	T	0.03
8212	A	G	0.02
8222	G	A	0.01
8224	A	G	0.01
8228	C	T	0.01
8232	A	G	0.01
8236	G	T	0.01
8240	C	T	0.01
8247	C	T	0.02
8248	T	A	0.01
8252	A	G	0.10
8264	G	T	0.01
8266	C	T	0.07
8278	T	C	0.04
8281	C	T	0.08
8290	C	T	0.01
8293	C	T	0.01
8296	T	C	0.04
8299	C	T	0.01
8313	T	C	0.01
8315	A	G	0.04
8316	C	T	0.03
8318	C	A	0.05
8320	C	T	0.04
8326	C	T	0.01
8327	C	T	0.26
8336	T	C	0.01
8344	C	T	0.08
8352	C	T	0.01
8356	T	C	0.01
8357	C	T	0.02
8366	G	A	0.03
8367	C	T	0.01
8368	G	A	0.02
8371	G	T	0.12
8388	A	G	0.01
8389	C	T	0.41
8391	T	C	0.03
8394	C	T	0.02
8407	C	T	0.02
8422	G	A	0.01
8431	T	C	0.02
8439	T	C	0.01
8447	C	A	0.01
8449	A	G	0.01
8460	C	A	0.02
8481	C	T	0.01
8523	T	C	0.01
8525	G	A	0.08
8527	AA	.T	0.01
8530	.	G	0.01
8535	A	T	0.01
8550	G	T	0.01
8561	G	A	0.01
8575	G	A	0.01
8595	C	T	0.03
8599	T	C	0.01
8600	G	T	0.01
8601	T	C	0.01
8602	G	A	0.09
8616	C	T	0.01
8619	C	T	0.01
8626	C	T	0.01
8633	A	G	0.01
8637	C	A	0.01
8640	C	T	0.01
8653	G	T	0.07
8655	C	T	0.04
8658	A	G	0.02
8660	C	T	0.02
8664	C	T	0.01
8664	C	A	0.11
8665	T	G	0.03
8668	C	T	0.01
8676	G	T	0.06
8681	A	G	0.02
8683	C	T	0.03
8695	G	A	0.01
8697	C	T	0.02
8697	C	A	0.01
8699	A	G	0.01
8701	T	A	0.01
8706	G	C	0.01
8707	T	C	0.03
8719	T	C	0.01
8722	C	T	0.02
8728	A	G	0.01
8730	C	T	0.02
8730	C	A	0.01
8734	A	G	0.01
8756	C	T	0.01
8767	TGACACATGGTT	............	0.01
8768	G	A	0.01
8770	C	T	0.01
8771	A	G	0.01
8772	C	T	0.02
8781	G	A	0.01
8782	C	T	16.61
8785	G	A	0.07
8790	G	T	0.05
8792	G	T	0.01
8796	G	T	0.01
8802	C	T	0.03
8805	A	C	0.01
8818	C	T	0.08
8821	A	G	0.01
8828	G	A	0.02
8841	C	T	0.03
8851	G	A	0.11
8852	G	A	0.01
8855	T	C	0.01
8855	T	A	0.01
8856	T	C	0.01
8867	G	A	0.02
8876	G	A	0.02
8880	C	T	0.01
8882	A	G	0.02
8883	T	C	0.04
8884	A	G	0.02
8885	TT	AA	0.03
8886	T	C	0.04
8890	C	T	0.01
8891	A	G	0.01
8892	C	T	0.11
8899	T	C	0.02
8917	C	T	0.07
8937	C	T	0.02
8945	A	G	0.01
8947	C	T	0.01
8950	C	T	0.13
8956	C	T	0.04
8972	A	G	0.01
8977	G	A	0.01
8980	C	T	0.01
8982	C	T	0.01
8986	C	T	0.03
8987	T	A	0.01
8996	T	G	0.01
9019	A	G	0.01
9022	T	C	0.01
9034	A	G	0.01
9037	T	C	0.02
9037	T	G	0.01
9039	C	T	0.01
9046	T	C	0.01
9048	A	G	0.01
9049	G	T	0.02
9053	G	C	0.01
9057	C	A	0.01
9058	A	G	0.01
9070	T	C	0.09
9072	C	A	0.01
9081	T	A	0.01
9091	T	C	0.03
9092	G	A	0.01
9094	T	C	0.01
9096	C	T	0.01
9102	A	G	0.01
9104	A	G	0.01
9105	G	A	0.01
9112	C	T	0.01
9113	C	T	0.04
9116	G	A	0.03
9127	T	C	0.02
9136	G	A	0.01
9142	C	T	0.01
9157	T	C	0.02
9158	C	T	0.01
9159	C	T	0.01
9163	C	T	0.01
9165	C	T	0.18
9166	C	T	0.01
9167	T	C	0.01
9169	C	T	0.03
9170	C	T	0.04
9172	T	C	0.16
9176	G	A	0.02
9179	T	C	0.01
9180	C	T	0.04
9190	G	T	0.02
9195	C	A	0.02
9195	C	T	0.06
9198	C	T	0.01
9202	T	C	0.01
9204	A	G	0.01
9207	C	T	0.01
9208	T	C	0.01
9208	T	A	0.01
9214	C	T	0.04
9218	A	G	0.01
9223	C	T	0.12
9224	G	T	0.01
9228	C	T	0.02
9236	A	G	0.01
9244	A	G	0.01
9246	C	T	0.04
9252	T	C	0.01
9264	C	T	0.01
9274	A	G	0.01
9281	C	T	0.02
9282	T	C	0.01
9286	C	T	0.01
9294	A	T	0.01
9301	A	G	0.01
9307	A	G	0.02
9319	C	A	0.01
9319	C	T	0.09
9333	C	T	0.01
9338	A	T	0.01
9348	C	T	0.01
9357	T	C	0.01
9360	C	T	0.01
9370	T	G	0.01
9375	C	T	0.01
9388	G	A	0.01
9403	T	A	0.01
9405	T	C	0.01
9409	A	G	0.01
9419	A	G	0.01
9429	T	C	0.04
9430	C	A	0.02
9430	C	T	0.24
9431	G	A	0.02
9431	G	T	0.01
9433	A	G	0.01
9438	C	T	0.12
9440	T	A	0.10
9443	C	T	0.01
9448	C	T	0.01
9454	T	C	0.02
9474	C	T	0.06
9477	T	A	0.94
9479	G	T	0.05
9483	A	C	0.01
9483	A	T	0.01
9484	A	C	0.01
9491	C	T	0.17
9496	A	G	0.02
9507	A	G	0.02
9510	C	T	0.02
9511	T	C	0.01
9514	A	G	0.06
9516	T	C	0.01
9518	T	C	0.03
9520	C	T	0.05
9521	C	T	0.06
9534	C	A	0.01
9534	C	T	0.02
9540	T	A	0.01
9541	C	T	0.01
9561	C	T	0.06
9562	A	G	0.04
9565	C	T	0.10
9566	T	C	0.01
9584	G	A	0.01
9584	G	T	0.01
9598	C	T	0.06
9601	G	A	0.01
9601	G	T	0.09
9603	C	T	0.01
9611	C	T	0.01
9615	C	T	0.01
9623	G	T	0.02
9634	A	T	0.01
9652	G	A	0.01
9659	T	C	0.01
9660	T	C	0.01
9661	C	T	0.02
9665	C	T	0.02
9683	A	G	0.01
9685	A	G	0.02
9685	A	T	0.01
9693	C	T	0.03
9697	T	C	0.01
9698	A	G	0.01
9704	TG	CT	0.01
9705	G	T	0.01
9706	T	C	0.01
9707	A	G	0.02
9708	T	C	0.01
9711	C	T	0.01
9714	C	G	0.01
9719	C	A	0.01
9721	TTTCTATTGGTTCTT	...............	0.01
9724	C	T	0.04
9733	C	T	0.01
9743	T	C	0.01
9746	C	T	0.01
9749	A	G	0.03
9753	G	A	0.02
9757	T	C	0.01
9758	G	A	0.02
9763	C	A	0.06
9793	A	G	0.01
9802	G	T	0.05
9802	G	A	0.04
9803	C	T	0.01
9805	G	A	0.01
9805	G	T	0.02
9808	C	T	0.01
9811	C	T	0.04
9826	A	G	0.01
9830	A	G	0.01
9836	C	T	0.03
9838	A	G	0.01
9848	A	G	0.02
9856	G	A	0.01
9857	C	T	0.04
9859	ATT	...	0.01
9863	C	T	0.01
9866	C	T	0.01
9874	A	G	0.01
9886	C	T	0.01
9891	C	T	0.05
9893	C	T	0.02
9899	AA	TT	0.01
9924	C	T	0.10
9928	G	T	0.02
9935	A	G	0.01
9936	C	T	0.04
9943	C	T	0.03
9951	C	T	0.02
9952	T	A	0.01
9961	T	C	0.01
9962	C	T	0.04
9967	C	T	0.19
9968	G	A	0.02
9969	C	T	0.01
9976	T	C	0.01
9979	C	T	0.10
9982	T	C	0.01
9988	C	T	0.01
9994	C	T	0.01
9995	T	G	0.01
9996	C	T	0.02
10002	C	T	0.02
10015	C	T	0.05
10017	A	T	0.01
10029	C	T	0.04
10030	C	A	0.01
10033	T	C	0.01
10036	C	T	0.04
10039	C	T	0.01
10042	A	T	0.01
10070	A	C	0.05
10076	T	C	0.02
10080	C	T	0.01
10081	A	T	0.01
10097	G	A	0.28
10116	C	T	0.01
10121	G	A	0.02
10128	C	T	0.01
10129	T	C	0.03
10138	C	T	0.02
10153	T	A	0.01
10156	C	T	0.08
10162	T	C	0.01
10164	A	G	0.01
10186	C	T	0.01
10188	C	T	0.70
10189	C	T	0.05
10197	A	G	0.01
10198	C	T	0.02
10202	C	T	0.01
10207	C	T	0.04
10209	C	T	0.01
10213	T	C	0.01
10216	T	C	0.21
10228	C	T	0.02
10232	C	T	0.03
10236	A	G	0.11
10239	C	A	0.01
10241	AA	GG	0.01
10248	A	G	0.01
10256	G	T	0.01
10256	G	A	0.01
10260	A	G	0.01
10264	T	C	0.01
10265	G	A	0.19
10277	C	T	0.21
10279	C	T	0.02
10286	A	G	0.02
10288	T	A	0.01
10296	C	T	0.02
10301	C	A	0.03
10305	A	G	0.01
10312	A	G	0.01
10313	C	T	0.01
10317	A	G	0.01
10319	C	T	1.76
10323	A	G	0.15
10329	A	G	0.01
10330	T	C	0.01
10332	C	T	0.01
10335	C	T	0.02
10354	G	T	0.01
10360	G	A	0.01
10366	T	C	0.01
10368	G	A	0.01
10369	C	T	0.12
10376	C	T	0.04
10377	C	T	0.04
10386	C	A	0.01
10394	G	T	0.01
10396	G	T	0.02
10408	C	T	0.01
10416	C	T	0.02
10423	T	C	0.01
10432	C	T	0.01
10434	A	G	0.01
10440	C	T	0.04
10448	C	T	0.02
10450	C	T	0.01
10456	C	T	0.04
10458	C	T	0.01
10478	AA	CT	0.04
10479	A	G	0.02
10480	T	C	0.03
10504	T	C	0.01
10507	C	T	0.07
10510	A	G	0.01
10512	A	G	0.02
10519	C	T	0.01
10521	G	T	0.01
10523	G	C	0.06
10524	T	C	0.01
10525	C	T	0.02
10533	G	A	0.01
10537	C	T	0.03
10551	A	T	0.01
10561	T	C	0.02
10572	C	T	0.01
10575	G	T	0.01
10579	A	G	0.04
10582	C	T	0.19
10591	T	C	0.01
10594	C	T	0.02
10605	C	T	0.03
10615	C	T	0.02
10617	G	A	0.04
10622	A	G	0.01
10623	C	T	0.01
10624	A	C	0.01
10625	G	A	0.02
10626	C	T	0.09
10631	G	T	0.04
10631	G	A	0.02
10632	C	T	0.03
10635	C	T	0.01
10641	C	T	0.02
10642	G	T	0.02
10654	T	C	0.01
10669	A	G	0.01
10670	G	C	0.01
10681	C	T	0.01
10688	G	T	0.01
10697	G	A	0.01
10704	G	A	0.01
10705	G	A	0.01
10712	C	T	0.52
10714	C	T	0.01
10719	G	A	0.01
10726	C	T	0.01
10733	C	T	0.06
10741	C	T	0.01
10747	C	T	0.04
10753	G	T	0.02
10755	C	T	0.03
10756	T	C	0.01
10759	G	T	0.07
10761	A	G	0.12
10762	G	T	0.01
10771	T	C	0.04
10776	C	T	0.03
10778	C	T	0.02
10785	A	G	0.05
10786	A	G	0.01
10790	C	T	0.01
10793	G	T	0.01
10802	C	T	0.01
10805	G	A	0.01
10811	C	T	0.01
10813	T	A	0.01
10818	C	T	0.08
10821	A	G	0.01
10829	A	G	0.04
10830	T	C	0.02
10833	C	T	0.03
10834	C	T	0.01
10844	A	G	0.03
10846	G	T	0.01
10851	C	T	0.35
10852	T	C	0.01
10864	A	G	0.01
10870	G	T	0.04
10874	A	G	0.03
10880	A	G	0.01
10881	T	C	0.01
10889	C	T	0.05
10904	A	G	0.01
10905	G	T	0.01
10908	C	T	0.22
10933	T	C	0.01
10948	A	G	0.16
10954	C	T	0.01
10956	C	T	0.01
10960	T	C	0.04
10965	C	T	0.01
10969	C	T	0.02
10972	A	G	0.01
10980	T	C	0.02
10989	C	T	0.02
10995	A	G	0.01
10996	G	T	0.06
11003	C	T	0.04
11005	C	T	0.01
11008	C	T	0.01
11018	C	A	0.01
11020	C	T	0.02
11022	C	T	0.01
11023	A	G	0.01
11025	T	A	0.01
11026	T	C	0.01
11036	C	T	0.05
11042	G	T	0.01
11074	C	T	0.09
11075	.	T	0.02
11081	.	T	0.04
11083	G	C	0.01
11083	G	T	4.80
11092	T	A	0.01
11094	C	T	0.01
11095	C	T	0.01
11101	A	G	0.01
11102	C	T	0.12
11104	T	C	0.04
11107	T	C	0.01
11108	G	T	0.01
11109	C	T	0.04
11113	G	T	0.01
11113	G	A	0.02
11115	G	A	0.01
11116	T	G	0.01
11117	A	G	0.02
11121	T	C	0.01
11124	C	T	0.04
11130	C	A	0.01
11138	G	T	0.01
11142	T	C	0.01
11150	G	A	0.01
11161	G	A	0.02
11162	C	A	0.02
11175	G	A	0.01
11181	T	A	0.01
11182	T	C	0.02
11191	T	A	0.01
11195	C	T	0.09
11200	C	T	0.03
11207	G	C	0.01
11208	C	T	0.02
11217	A	G	0.01
11219	A	G	0.01
11221	G	A	0.01
11222	G	T	0.03
11224	C	T	0.11
11227	T	C	0.01
11230	G	T	0.03
11232	C	T	0.01
11233	T	G	0.01
11243	G	T	0.02
11264	T	C	0.01
11268	A	G	0.02
11270	ATGGTTGAT	.........	0.02
11274	T	.	0.02
11274	T	G	0.01
11276	G	A	0.02
11278	.	C	0.02
11289	C	T	0.04
11291	G	A	0.01
11305	A	G	0.01
11306	G	A	0.04
11313	T	G	0.01
11320	T	C	0.50
11322	C	T	0.01
11327	G	A	0.01
11328	C	G	0.01
11335	G	T	0.03
11344	C	T	0.01
11348	A	G	0.04
11355	C	T	0.04
11365	G	T	0.04
11375	G	A	0.01
11376	G	T	0.01
11379	C	T	0.03
11380	T	C	0.03
11389	G	T	0.01
11391	G	T	0.01
11401	G	T	0.03
11410	G	A	0.02
11412	C	T	0.01
11414	C	T	0.01
11417	G	T	0.41
11418	T	C	0.01
11422	T	C	0.02
11425	A	G	0.03
11426	G	T	0.01
11439	A	G	0.01
11447	G	A	0.01
11454	C	T	0.04
11455	C	T	0.03
11457	T	C	0.02
11460	C	A	0.01
11470	T	C	0.01
11471	C	T	0.01
11479	C	T	0.01
11515	T	A	0.01
11521	G	T	0.01
11521	G	A	0.01
11523	T	C	0.01
11526	T	C	0.01
11528	G	A	0.01
11534	G	A	0.04
11535	G	A	0.01
11535	G	T	0.06
11537	A	G	0.01
11538	T	C	0.01
11539	T	C	0.01
11540	G	T	0.01
11542	TTT	...	0.01
11557	G	A	0.02
11561	T	C	0.01
11566	T	A	0.01
11572	C	T	0.06
11575	C	T	0.27
11579	A	G	0.01
11585	A	G	0.02
11591	C	T	0.01
11595	A	G	0.03
11596	G	T	0.02
11609	G	A	0.01
11620	C	T	0.06
11625	G	A	0.01
11631	T	C	0.01
11634	G	A	0.01
11635	T	C	0.01
11638	T	C	0.04
11653	C	T	0.02
11668	C	T	0.01
11671	C	T	0.04
11674	C	T	0.04
11698	T	C	0.03
11704	C	T	0.09
11725	T	C	0.01
11737	T	C	0.01
11742	A	T	0.01
11747	C	T	0.05
11750	C	T	0.03
11752	C	T	0.04
11758	C	T	0.08
11761	G	T	0.05
11772	A	G	0.01
11781	A	G	0.02
11782	A	G	0.04
11789	A	G	0.01
11798	T	C	0.02
11807	G	A	0.01
11809	T	A	0.01
11822	A	G	0.01
11824	C	T	0.03
11830	A	G	0.01
11832	C	T	0.02
11833	C	T	0.01
11833	C	A	0.01
11835	C	T	0.01
11839	A	G	0.01
11851	G	T	0.01
11854	A	G	0.01
11857	T	C	0.03
11866	C	T	0.04
11869	A	G	0.02
11878	C	A	0.01
11879	T	C	0.01
11880	T	C	0.01
11893	G	T	0.02
11903	A	G	0.01
11914	A	G	0.03
11916	C	T	2.29
11917	A	G	0.01
11918	T	G	0.02
11919	C	T	0.04
11935	A	C	0.01
11937	G	A	0.01
11940	T	C	0.01
11941	C	T	0.06
11941	C	A	0.04
11956	C	T	0.02
11957	A	G	0.01
11959	T	C	0.01
11962	C	T	0.02
11967	C	T	0.01
11974	T	C	0.01
11975	A	C	0.01
11980	T	C	0.01
11987	T	C	0.01
11991	A	G	0.01
12002	T	G	0.01
12004	A	G	0.03
12013	T	C	0.01
12014	G	A	0.01
12025	C	T	0.18
12026	A	G	0.01
12026	A	T	0.01
12026	A	C	0.01
12037	T	C	0.01
12038	G	A	0.03
12041	G	C	0.01
12042	A	C	0.01
12045	T	C	0.01
12049	C	T	0.04
12052	G	T	0.02
12053	C	T	0.03
12068	C	T	0.08
12070	G	T	0.01
12071	G	A	0.01
12073	C	T	0.06
12076	C	T	0.06
12077	A	G	0.01
12079	G	C	0.01
12081	C	T	0.01
12082	A	T	0.01
12082	A	G	0.01
12084	C	T	0.02
12085	C	T	0.04
12100	C	T	0.01
12102	C	T	0.02
12103	A	G	0.03
12110	A	G	0.01
12111	G	A	0.02
12112	T	C	0.20
12115	C	T	0.04
12118	T	C	0.01
12119	C	T	0.07
12124	A	T	0.03
12130	A	G	0.02
12131	G	T	0.01
12132	C	T	0.03
12140	A	G	0.01
12148	A	T	0.04
12148	A	G	0.01
12149	G	A	0.01
12153	C	T	0.04
12157	T	C	0.01
12160	G	C	0.01
12167	G	A	0.01
12170	G	A	0.01
12171	C	T	0.02
12199	A	G	0.10
12202	G	C	0.01
12202	G	T	0.01
12207	A	G	0.02
12208	G	T	0.01
12211	G	T	0.02
12213	C	T	0.03
12225	C	T	0.03
12229	A	G	0.01
12232	T	C	0.02
12242	C	T	0.01
12243	G	A	0.01
12249	C	T	0.04
12256	G	T	0.07
12268	G	A	0.01
12268	G	T	0.01
12274	G	A	0.01
12274	G	T	0.01
12286	A	G	0.04
12293	A	G	0.01
12298	A	G	0.01
12309	A	G	0.01
12311	G	A	0.01
12315	G	A	0.08
12322	G	A	0.01
12337	A	G	0.01
12347	G	A	0.01
12355	G	C	0.01
12357	C	T	0.02
12361	G	T	0.03
12373	G	T	0.01
12374	C	T	0.02
12378	G	A	0.01
12395	G	A	0.03
12400	C	T	0.07
12402	A	C	0.01
12403	C	T	0.01
12410	A	G	0.06
12415	C	T	0.02
12439	C	T	0.04
12440	T	C	0.01
12459	C	T	0.03
12462	C	T	0.01
12464	G	T	0.01
12467	G	T	0.01
12471	A	C	0.01
12473	C	T	0.12
12478	G	A	0.81
12488	C	T	0.02
12491	G	T	0.01
12493	C	G	0.01
12501	C	T	0.01
12507	A	G	0.01
12511	T	C	0.01
12513	C	T	0.06
12514	G	C	0.01
12514	G	T	0.03
12518	G	A	0.01
12525	C	T	0.07
12530	T	C	0.01
12534	C	T	0.08
12546	C	T	0.01
12555	A	C	0.01
12557	A	C	0.02
12557	A	G	0.24
12565	G	A	0.01
12572	G	T	0.01
12578	G	T	0.01
12582	G	T	0.01
12600	G	A	0.01
12613	G	A	0.01
12616	C	T	0.09
12623	C	T	0.01
12629	T	C	0.01
12631	A	G	0.01
12651	C	T	0.02
12660	G	C	0.01
12664	C	T	0.02
12666	A	G	0.01
12672	C	T	0.01
12674	G	A	0.01
12685	G	C	0.01
12704	G	T	0.01
12709	A	G	0.01
12710	C	T	0.02
12710	C	A	0.01
12718	G	A	0.02
12729	C	T	0.04
12747	C	T	0.02
12750	C	T	0.01
12754	C	T	0.01
12756	C	T	0.01
12757	T	C	0.04
12758	G	A	0.01
12773	G	T	0.01
12778	C	T	0.03
12781	C	T	0.07
12786	C	T	0.02
12787	A	G	0.04
12789	C	T	0.02
12793	G	T	0.03
12794	G	A	0.01
12795	G	A	0.08
12797	G	A	0.01
12806	G	A	0.01
12809	C	T	0.11
12815	C	T	0.01
12817	G	T	0.01
12820	A	G	0.02
12823	C	T	0.02
12828	T	C	0.01
12832	G	T	0.06
12839	A	C	0.01
12846	C	T	0.01
12854	C	T	0.08
12855	C	A	0.01
12859	G	A	0.01
12865	T	C	0.01
12874	T	C	0.01
12875	A	G	0.01
12876	C	T	0.01
12880	C	T	0.46
12883	T	C	0.01
12885	C	T	0.04
12890	C	T	0.01
12895	A	G	0.01
12896	C	T	0.01
12897	C	A	0.02
12910	T	A	0.01
12913	T	A	0.01
12915	C	T	0.01
12919	C	T	0.01
12922	A	G	0.01
12925	T	C	0.02
12933	C	T	0.01
12955	T	C	0.04
12965	T	C	0.01
12967	A	G	0.01
12970	C	T	0.07
12973	C	T	0.01
12974	C	T	0.02
12988	G	T	0.01
12992	C	T	0.01
13005	C	T	0.03
13006	T	C	0.08
13007	G	A	0.03
13011	C	T	0.01
13019	C	T	0.04
13035	C	T	0.01
13059	C	T	0.01
13072	C	T	0.03
13082	G	T	0.01
13083	C	T	0.01
13090	T	C	0.01
13115	C	T	0.04
13118	G	T	0.02
13119	C	T	0.02
13126	G	T	0.01
13130	C	A	0.01
13138	C	T	0.02
13147	T	C	0.01
13168	C	T	0.01
13170	C	T	0.02
13180	T	C	0.08
13182	A	G	0.01
13188	T	C	0.01
13198	A	G	0.01
13201	G	T	0.03
13210	T	C	0.01
13213	G	A	0.01
13216	T	C	0.12
13225	C	T	0.02
13225	CT	GC	0.01
13252	C	T	0.19
13255	C	T	0.01
13261	C	T	0.01
13264	C	T	0.03
13265	A	T	0.03
13269	A	C	0.01
13270	T	C	0.01
13297	C	T	0.04
13308	A	G	0.01
13315	A	G	0.01
13318	A	G	0.03
13326	C	T	0.01
13329	C	T	0.03
13335	C	T	0.04
13345	T	G	0.01
13348	G	T	0.03
13356	C	T	0.02
13380	T	C	0.01
13381	C	A	0.01
13384	C	T	0.03
13399	T	C	0.01
13401	A	G	0.01
13403	G	A	0.01
13408	T	C	0.01
13416	A	G	0.01
13418	C	A	0.01
13419	A	T	0.01
13421	C	A	0.01
13423	C	T	0.01
13424	C	T	0.01
13425	G	A	0.01
13428	A	C	0.01
13430	C	T	0.01
13430	C	A	0.02
13435	G	A	0.02
13438	T	C	0.16
13441	G	A	0.01
13443	C	T	0.01
13455	A	C	0.01
13458	C	T	0.01
13459	G	A	0.01
13459	G	T	0.02
13487	C	T	0.18
13495	C	T	0.01
13498	A	G	0.01
13501	C	T	0.04
13502	C	T	0.01
13503	G	A	0.01
13511	C	T	0.01
13512	AGG	TTA	0.02
13512	AG	TT	0.01
13515	C	T	0.02
13517	C	T	0.08
13522	A	G	0.01
13533	A	G	0.01
13536	C	T	0.34
13554	C	T	0.04
13568	C	T	0.01
13571	G	T	0.04
13572	T	C	0.01
13592	C	T	0.01
13608	C	T	0.01
13617	G	T	0.03
13620	C	T	0.02
13624	G	T	0.01
13627	G	T	0.12
13643	C	T	0.01
13660	A	C	0.01
13663	C	T	0.01
13665	C	T	0.13
13665	C	A	0.01
13667	C	T	0.04
13684	C	T	0.01
13685	A	G	0.01
13693	A	T	0.01
13694	C	T	0.03
13695	A	C	0.03
13703	A	G	0.01
13712	A	G	0.05
13713	G	T	0.01
13721	C	T	0.03
13723	G	A	0.03
13724	C	T	0.04
13730	C	T	0.61
13731	T	A	0.01
13737	T	C	0.01
13740	C	T	0.01
13748	A	G	0.01
13754	G	T	0.01
13755	A	G	0.01
13768	A	G	0.06
13771	G	A	0.01
13771	G	T	0.01
13774	C	T	0.02
13781	T	G	0.01
13782	A	G	0.01
13812	G	T	0.01
13821	C	A	0.01
13822	G	A	0.01
13837	C	T	0.01
13845	T	C	0.02
13857	T	C	0.02
13858	G	T	0.01
13859	A	G	0.02
13860	C	T	0.08
13862	C	T	0.06
13872	A	T	0.01
13900	G	T	0.02
13901	A	G	0.01
13909	T	G	0.01
13911	C	T	0.01
13914	T	C	0.03
13917	A	G	0.01
13922	A	G	0.01
13929	T	C	0.04
13930	G	A	0.03
13932	T	C	0.01
13938	A	C	0.01
13951	A	T	0.01
13951	A	G	0.01
13953	A	G	0.01
13954	T	G	0.01
13962	A	G	0.04
13963	T	C	0.01
13975	G	A	0.01
13981	C	T	0.01
13983	T	A	0.01
13984	G	T	0.01
13986	A	G	0.01
13989	C	T	0.02
13992	A	G	0.02
13994	C	T	0.04
14006	C	A	0.01
14008	G	A	0.04
14008	G	T	0.01
14012	A	T	0.01
14021	A	G	0.01
14028	G	T	0.04
14036	C	T	0.01
14037	T	A	0.01
14041	A	C	0.01
14041	A	T	0.01
14044	G	T	0.01
14053	C	T	0.01
14073	T	C	0.24
14076	C	T	0.01
14086	T	C	0.01
14103	T	C	0.03
14104	T	C	0.03
14118	G	A	0.01
14118	G	T	0.01
14119	C	T	0.02
14120	C	T	0.01
14126	G	A	0.04
14133	T	C	0.02
14134	C	T	0.04
14145	T	C	0.02
14151	T	C	0.01
14152	T	C	0.01
14177	C	T	0.03
14178	C	T	0.04
14183	C	T	0.05
14184	C	T	0.04
14186	G	A	0.01
14186	G	T	0.05
14187	G	A	0.01
14199	A	G	0.03
14209	G	T	0.01
14214	C	T	0.04
14216	C	T	0.06
14217	T	A	0.01
14220	C	T	0.01
14224	A	G	0.01
14229	G	T	0.01
14229	G	A	0.01
14232	T	A	0.01
14235	C	T	0.02
14259	T	C	0.02
14262	C	T	0.03
14267	C	T	0.02
14274	G	A	0.06
14274	G	C	0.02
14277	G	T	0.04
14290	G	T	0.04
14295	T	A	0.01
14307	T	C	0.01
14313	T	C	0.01
14316	G	T	0.03
14318	C	T	0.01
14322	C	T	0.03
14330	A	G	0.01
14335	G	T	0.02
14340	C	T	0.01
14349	T	A	0.01
14350	G	T	0.08
14352	C	T	0.01
14358	C	T	0.01
14361	T	C	0.03
14383	G	T	0.01
14394	T	A	0.01
14396	C	T	0.02
14401	T	C	0.01
14407	CC	TT	0.07
14408	C	T	75.04
14422	C	T	0.01
14425	C	A	0.05
14429	T	A	0.01
14430	G	T	0.01
14438	T	C	0.01
14446	G	A	0.01
14449	G	T	0.01
14454	T	C	0.01
14466	T	C	0.01
14471	C	T	0.01
14476	T	C	0.01
14492	T	C	0.01
14500	G	T	0.02
14501	T	C	0.01
14508	T	C	0.01
14511	G	T	0.02
14514	T	C	0.01
14549	A	G	0.01
14554	C	T	0.01
14561	A	G	0.01
14568	T	C	0.02
14580	G	A	0.01
14580	G	T	0.03
14585	C	T	0.01
14595	T	A	0.01
14599	C	T	0.10
14604	A	G	0.04
14605	C	T	0.01
14621	C	T	0.01
14622	G	A	0.01
14638	G	T	0.01
14645	C	T	0.01
14649	C	T	0.04
14653	G	T	0.01
14655	T	A	0.01
14657	C	T	0.01
14668	G	A	0.01
14673	A	G	0.07
14676	C	T	0.04
14679	T	C	0.01
14681	A	G	0.01
14688	C	T	0.01
14692	G	A	0.01
14697	C	T	0.01
14708	C	T	0.01
14712	G	A	0.04
14718	G	T	0.01
14724	C	T	0.06
14730	G	C	0.01
14734	G	T	0.01
14736	A	G	0.06
14743	G	T	0.01
14747	A	G	0.01
14768	C	T	0.11
14771	A	G	0.01
14772	G	T	0.01
14773	G	T	0.02
14774	A	G	0.01
14778	T	G	0.01
14783	C	T	0.01
14784	T	C	0.02
14785	G	A	0.01
14786	C	T	0.18
14790	C	T	0.01
14805	C	T	3.11
14809	C	T	0.01
14818	C	T	0.05
14829	G	T	0.02
14831	G	T	0.01
14836	A	G	0.01
14856	A	G	0.01
14857	G	T	0.01
14874	G	T	0.10
14877	C	T	0.42
14882	A	G	0.01
14886	T	C	0.01
14898	C	T	0.07
14912	A	G	0.21
14923	G	A	0.01
14925	C	T	0.46
14931	C	T	0.01
14932	C	T	0.01
14937	C	T	0.22
14940	A	G	0.12
14949	T	C	0.01
14980	C	T	0.04
14990	A	G	0.01
15007	G	A	0.03
15017	C	T	0.01
15017	C	A	0.01
15021	T	A	0.01
15024	C	T	0.02
15026	C	T	0.04
15033	A	C	0.01
15047	T	C	0.01
15049	C	T	0.02
15060	T	G	0.01
15081	C	T	0.01
15086	G	A	0.02
15096	T	C	0.01
15101	C	T	0.01
15102	T	C	0.01
15123	T	A	0.01
15126	C	T	0.01
15135	T	C	0.01
15138	G	T	0.02
15141	C	T	0.01
15147	A	G	0.01
15154	C	T	0.01
15166	T	C	0.05
15181	G	A	0.01
15182	C	G	0.01
15183	C	T	0.01
15189	A	G	0.01
15191	G	T	0.01
15193	G	A	0.01
15193	G	T	0.01
15202	G	T	0.06
15204	A	G	0.01
15205	A	G	0.01
15216	C	T	0.01
15222	C	T	0.04
15240	C	T	0.05
15243	G	T	0.04
15251	C	T	0.02
15252	T	C	0.01
15257	A	G	0.01
15260	G	A	0.01
15260	G	T	0.02
15263	A	G	0.01
15264	T	C	0.04
15265	G	A	0.01
15269	A	G	0.01
15277	C	T	0.04
15283	A	G	0.01
15285	G	T	0.01
15290	G	T	0.01
15315	C	T	0.01
15324	C	T	0.77
15325	A	G	0.01
15326	T	C	0.03
15327	G	T	0.02
15342	C	T	0.01
15346	C	T	0.01
15351	T	C	0.01
15352	C	T	0.02
15354	T	A	0.01
15354	T	C	0.54
15363	A	G	0.04
15366	T	C	0.05
15367	A	G	0.02
15368	C	T	0.03
15371	C	T	0.03
15372	G	T	0.03
15380	G	T	0.05
15384	G	A	0.01
15384	G	T	0.02
15396	C	T	0.01
15406	G	A	0.32
15411	T	C	0.01
15414	G	A	0.01
15426	A	G	0.10
15429	G	A	0.01
15432	T	C	0.04
15436	A	G	0.02
15438	G	T	0.01
15439	G	A	0.01
15442	A	C	0.01
15444	G	T	0.02
15450	C	T	0.05
15451	G	A	0.01
15477	A	G	0.02
15480	C	A	0.01
15480	C	T	0.05
15483	A	G	0.01
15493	G	T	0.01
15498	A	G	0.01
15498	A	T	0.02
15525	C	T	0.01
15528	T	C	0.01
15531	T	C	0.01
15540	C	T	0.19
15543	G	T	0.04
15578	A	G	0.01
15579	C	T	0.01
15593	A	G	0.21
15594	G	A	0.01
15597	T	C	0.01
15606	T	C	0.02
15607	T	C	0.01
15613	C	T	0.03
15615	C	T	0.01
15624	T	C	0.01
15641	A	C	0.01
15648	T	C	0.03
15649	G	T	0.01
15654	C	T	0.04
15656	C	T	0.01
15668	A	G	0.01
15669	T	C	0.21
15672	G	T	0.01
15687	G	A	0.01
15706	A	G	0.02
15708	G	T	0.01
15712	C	A	0.01
15714	C	T	0.03
15720	C	T	0.08
15723	T	C	0.01
15724	G	A	0.01
15728	T	C	0.01
15732	G	T	0.04
15738	C	T	0.03
15752	C	T	0.01
15760	G	T	0.02
15760	G	A	0.27
15763	C	T	0.03
15763	C	G	0.01
15765	A	C	0.01
15769	G	A	0.01
15779	A	C	0.02
15780	G	A	0.01
15798	T	C	0.01
15810	C	T	0.03
15817	T	C	0.03
15824	C	T	0.01
15825	T	C	0.01
15842	C	T	0.01
15847	A	G	0.01
15848	C	T	0.01
15849	T	C	0.01
15852	C	T	0.01
15857	C	T	0.09
15861	A	G	0.01
15865	C	T	0.01
15867	T	A	0.01
15868	C	T	0.01
15869	A	T	0.05
15888	T	C	0.01
15895	C	T	0.01
15903	A	G	0.02
15906	G	T	0.06
15910	G	T	0.01
15911	A	G	0.01
15913	G	T	0.01
15915	T	C	0.01
15919	G	T	0.02
15920	T	C	0.01
15922	T	C	0.03
15924	C	T	0.01
15927	T	G	0.12
15928	C	T	0.01
15933	C	T	1.93
15951	C	T	0.01
15960	C	T	0.16
15963	C	T	0.01
15972	A	G	0.07
15982	G	T	0.05
15983	T	A	0.02
15986	A	G	0.01
16017	C	T	0.12
16044	A	T	0.02
16045	C	T	0.02
16047	T	C	0.04
16049	C	T	0.02
16053	A	G	0.01
16060	A	G	0.01
16064	A	G	0.02
16068	G	T	0.01
16068	G	A	0.02
16073	C	T	0.01
16075	G	T	0.02
16076	A	G	0.02
16077	T	C	0.01
16078	G	A	0.13
16084	C	T	0.07
16085	A	G	0.01
16092	C	T	0.02
16095	A	G	0.02
16111	C	T	0.04
16141	G	T	0.02
16157	T	A	0.01
16158	G	T	0.01
16163	C	T	0.01
16165	A	G	0.01
16166	A	G	0.01
16173	C	T	0.02
16178	C	T	0.04
16193	C	T	0.02
16194	T	A	0.01
16210	A	G	0.01
16221	G	A	0.02
16240	G	A	0.01
16242	T	C	0.01
16245	G	A	0.01
16247	C	T	0.01
16257	T	C	0.01
16260	C	T	0.81
16264	T	G	0.01
16272	T	G	0.01
16289	C	T	0.36
16293	C	T	0.03
16299	T	C	0.01
16305	A	G	0.01
16308	C	T	0.02
16323	C	T	0.02
16325	G	C	0.01
16329	C	T	0.02
16338	C	T	0.01
16349	C	T	0.15
16373	A	C	0.01
16375	C	T	0.02
16376	C	T	0.80
16377	G	T	0.04
16381	G	A	0.21
16386	C	T	0.01
16387	A	T	0.02
16393	C	T	0.04
16394	C	T	0.01
16396	G	T	0.01
16405	G	A	0.01
16413	T	C	0.01
16419	T	C	0.01
16428	C	T	0.04
16438	A	G	0.04
16456	T	C	0.03
16456	T	G	0.02
16457	C	T	0.10
16466	C	T	0.04
16467	A	G	0.08
16468	C	T	0.04
16470	C	A	0.01
16473	T	A	0.01
16474	A	G	0.04
16475	G	A	0.02
16480	C	A	0.01
16489	G	T	0.02
16496	G	A	0.01
16506	T	C	0.01
16512	A	G	0.04
16521	T	C	0.09
16534	A	G	0.01
16535	G	T	0.01
16549	G	A	0.01
16568	C	T	0.02
16575	C	T	0.04
16593	T	C	0.01
16605	T	C	0.01
16616	C	T	0.18
16617	T	C	0.03
16622	G	A	0.04
16626	C	A	0.01
16628	A	G	0.01
16636	G	T	0.01
16641	A	G	0.01
16647	G	T	0.10
16658	C	T	0.01
16662	G	A	0.02
16667	C	A	0.01
16679	C	T	0.01
16692	T	A	0.01
16694	C	T	0.04
16699	C	T	0.02
16700	G	T	0.01
16701	T	C	0.01
16707	G	T	0.02
16708	C	G	0.01
16710	G	A	0.03
16716	C	T	0.01
16716	C	A	0.01
16726	C	T	0.02
16727	A	G	0.01
16741	G	A	0.03
16750	C	T	0.05
16752	T	A	0.01
16762	C	T	0.61
16767	C	T	0.01
16795	G	T	0.02
16797	A	G	0.02
16799	C	A	0.01
16813	G	A	0.83
16818	A	G	0.01
16830	C	T	0.12
16836	T	C	0.01
16839	A	G	0.04
16841	A	G	0.01
16843	G	T	0.02
16846	G	A	0.01
16848	C	T	0.01
16852	G	T	0.11
16853	G	T	0.03
16858	G	T	0.03
16859	C	T	0.04
16863	T	C	0.03
16869	C	T	0.02
16872	A	C	0.03
16877	C	T	0.01
16887	C	T	0.61
16897	G	T	0.03
16898	T	C	0.01
16912	G	T	0.52
16915	C	T	0.02
16917	G	T	0.01
16935	G	T	0.04
16937	C	T	0.01
16939	T	C	0.02
16942	A	G	0.02
16945	G	A	0.01
16946	C	T	0.01
16947	A	G	0.01
16950	T	C	0.01
16952	C	T	0.01
16954	C	T	0.04
16957	G	T	0.02
16968	G	T	1.67
16968	G	A	0.02
16975	G	T	0.06
16979	G	T	0.01
16984	A	G	0.02
16985	C	T	0.03
16993	T	C	0.02
16993	T	A	0.08
16997	C	T	0.04
16998	A	T	0.02
17000	C	T	0.01
17002	C	T	0.01
17004	C	T	0.04
17010	C	T	0.45
17010	C	A	0.10
17012	C	T	0.02
17014	G	T	0.33
17019	G	T	0.01
17033	T	C	0.01
17047	A	G	0.01
17049	G	A	0.01
17056	A	G	0.01
17058	G	T	0.01
17058	G	A	0.02
17059	C	A	0.01
17074	C	T	0.04
17079	G	T	0.01
17096	G	T	0.01
17104	C	T	0.14
17105	A	G	0.01
17110	G	T	0.01
17118	C	T	0.02
17122	G	T	0.08
17123	C	T	0.01
17125	C	T	0.04
17126	T	C	0.01
17135	C	A	0.01
17135	C	T	0.03
17137	T	C	0.12
17141	C	A	0.01
17142	T	C	0.01
17145	C	G	0.01
17145	C	T	0.01
17149	G	A	0.03
17151	G	A	0.01
17153	A	G	0.02
17154	T	C	0.01
17158	G	A	0.01
17163	C	T	0.05
17172	C	T	0.02
17193	G	T	0.02
17197	G	A	0.01
17197	G	T	0.02
17207	A	G	0.01
17211	G	T	0.03
17236	A	G	0.01
17247	T	C	0.84
17249	C	T	0.02
17252	G	A	0.03
17259	G	T	0.04
17261	G	A	0.01
17267	A	G	0.02
17274	C	T	0.01
17278	G	T	0.04
17280	G	T	0.01
17285	C	T	0.04
17287	A	G	0.01
17288	C	T	0.03
17289	A	G	0.01
17296	C	A	0.01
17302	G	T	0.04
17304	C	T	0.04
17326	C	T	0.10
17331	G	T	0.02
17333	C	T	0.01
17334	G	T	0.01
17338	G	T	0.03
17339	C	T	0.03
17344	A	G	0.01
17344	AT	GA	0.01
17347	G	T	0.01
17348	T	G	0.01
17372	C	T	0.01
17373	C	T	0.06
17376	A	G	0.02
17380	T	C	0.01
17397	C	T	0.02
17399	A	C	0.03
17402	C	T	0.01
17403	C	T	0.01
17410	C	A	0.06
17410	C	T	0.10
17423	A	G	0.04
17427	G	T	0.03
17440	C	T	0.02
17443	G	A	0.01
17460	A	T	0.01
17463	C	T	0.01
17470	C	T	0.08
17474	C	T	0.03
17475	T	C	0.01
17479	G	T	0.01
17482	A	G	0.08
17491	C	T	0.01
17502	C	T	0.02
17506	T	A	0.01
17509	G	T	0.01
17518	C	T	0.02
17521	A	G	0.01
17523	G	T	0.01
17523	G	C	0.01
17528	C	A	0.01
17531	T	C	0.01
17542	A	G	0.01
17545	T	C	0.01
17550	C	T	0.04
17555	C	T	0.01
17562	G	T	0.01
17569	C	T	0.02
17574	T	A	0.01
17589	T	A	0.01
17590	G	A	0.01
17592	G	T	0.01
17615	A	G	0.15
17622	A	G	0.01
17631	A	G	0.01
17632	G	A	0.01
17634	C	A	0.02
17639	C	T	0.17
17649	C	T	0.01
17658	G	T	0.02
17671	G	T	0.27
17673	T	C	0.06
17676	C	T	0.23
17678	C	T	0.04
17679	G	T	0.05
17686	G	T	0.01
17687	T	C	0.03
17688	T	C	0.02
17690	C	T	0.11
17691	A	G	0.01
17718	C	T	0.02
17718	C	A	0.01
17738	C	A	0.01
17745	C	T	0.07
17746	C	T	0.01
17747	C	T	11.85
17749	G	T	0.01
17750	C	T	0.01
17757	A	G	0.03
17766	C	G	0.01
17766	C	T	0.09
17768	T	C	0.01
17772	T	C	0.02
17790	G	T	0.01
17796	T	G	0.01
17799	A	G	0.04
17802	C	T	0.01
17808	G	T	0.04
17809	A	G	0.01
17814	G	T	0.01
17815	G	A	0.01
17821	C	T	0.01
17822	C	T	0.02
17823	A	C	0.01
17825	C	T	0.03
17826	T	C	0.01
17832	T	C	0.01
17844	A	G	0.01
17850	C	T	0.03
17856	A	G	0.01
17858	A	G	12.21
17859	T	C	0.01
17874	C	T	0.01
17876	C	T	0.01
17877	T	C	0.20
17884	A	G	0.07
17886	T	C	0.01
17892	A	T	0.01
17892	A	G	0.01
17893	G	T	0.03
17894	C	T	0.02
17898	C	T	0.02
17907	T	C	0.01
17919	T	C	0.01
17928	T	C	0.02
17934	C	T	0.10
17938	G	A	0.01
17944	G	T	0.05
17949	C	T	0.01
17961	A	G	0.01
17964	G	T	0.01
17964	G	A	0.01
17972	G	A	0.01
17972	G	T	0.01
17976	C	T	0.03
17977	C	A	0.01
17977	C	T	0.03
17985	C	T	0.01
17988	G	A	0.03
17992	C	A	0.01
17993	A	G	0.01
17999	C	T	0.02
18015	A	G	0.01
18028	G	T	0.01
18029	C	T	0.16
18032	C	T	0.03
18032	C	A	0.01
18040	G	T	0.02
18057	A	G	0.01
18060	C	T	12.31
18082	A	G	0.01
18083	T	C	0.01
18084	C	T	0.02
18086	C	T	0.04
18086	C	A	0.04
18087	T	G	0.01
18090	G	C	0.01
18099	T	C	0.01
18102	A	G	0.01
18105	G	T	0.03
18106	G	T	0.03
18115	C	T	0.12
18121	A	G	0.01
18126	T	C	0.02
18129	C	T	0.03
18131	C	T	0.03
18134	A	G	0.01
18138	C	T	0.01
18139	A	G	0.01
18144	T	C	0.06
18148	G	A	0.01
18149	G	T	0.01
18153	A	G	0.02
18163	A	T	0.01
18166	C	T	0.02
18167	C	T	0.01
18171	C	A	0.04
18171	C	T	0.04
18174	A	G	0.01
18176	C	T	0.01
18177	T	C	0.01
18179	A	G	0.01
18186	G	T	0.01
18189	C	A	0.01
18193	AG	CT	0.01
18199	C	T	0.01
18204	C	T	0.01
18210	G	T	0.01
18215	G	T	0.01
18227	A	C	0.01
18231	T	C	0.01
18239	A	G	0.04
18243	T	A	0.01
18246	C	T	0.01
18247	C	T	0.01
18252	C	T	0.02
18255	G	T	0.12
18264	C	T	0.11
18267	C	T	0.01
18278	T	C	0.04
18281	G	T	0.02
18306	C	T	0.03
18312	C	T	0.07
18314	A	G	0.01
18315	G	A	0.01
18318	G	T	0.03
18322	C	T	0.01
18325	G	T	0.01
18332	G	A	0.01
18340	G	A	0.01
18345	T	C	0.01
18348	C	T	0.06
18375	T	C	0.01
18377	C	T	0.07
18379	G	A	0.02
18380	G	T	0.01
18381	T	C	0.01
18384	T	C	0.01
18395	C	T	0.11
18401	C	T	0.04
18411	T	C	0.01
18417	T	C	0.01
18424	A	G	0.04
18429	T	C	0.01
18431	C	T	0.01
18432	A	C	0.01
18433	G	A	0.02
18441	C	T	0.01
18452	C	T	0.03
18453	T	C	0.01
18457	C	T	0.10
18469	G	T	0.01
18471	T	C	0.04
18478	A	G	0.01
18481	C	T	0.01
18486	C	T	0.04
18493	C	T	0.01
18507	A	G	0.01
18508	C	T	0.03
18511	C	T	0.01
18512	C	T	0.02
18513	T	A	0.02
18513	T	C	0.03
18519	T	C	0.03
18522	A	C	0.01
18523	G	T	0.01
18525	G	T	0.01
18526	C	T	0.01
18546	G	T	0.02
18555	C	T	0.33
18559	C	T	0.01
18568	C	T	0.06
18570	C	T	0.07
18579	A	C	0.05
18580	G	T	0.01
18582	C	A	0.01
18583	G	T	0.02
18585	A	G	0.01
18589	G	T	0.01
18592	T	G	0.01
18600	A	T	0.01
18603	T	C	0.02
18606	C	T	0.01
18613	T	C	0.01
18632	T	G	0.01
18636	G	T	0.01
18647	C	T	0.04
18651	G	T	0.01
18652	C	T	0.01
18653	G	T	0.01
18654	C	T	0.01
18657	C	T	0.03
18671	A	C	0.01
18676	C	T	0.02
18677	G	T	0.01
18679	G	A	0.01
18680	C	T	0.01
18681	C	T	0.01
18687	C	T	0.02
18689	T	A	0.02
18690	T	C	0.01
18693	C	A	0.01
18705	C	T	0.01
18710	A	G	0.01
18713	C	T	0.01
18722	A	T	0.01
18735	A	G	0.01
18736	T	C	2.29
18744	C	T	0.22
18747	C	T	0.05
18751	A	G	0.01
18756	G	T	0.01
18762	G	T	0.01
18765	T	C	0.01
18780	G	T	0.01
18781	G	A	0.05
18782	G	T	0.04
18788	C	T	0.22
18795	C	T	0.02
18796	C	T	0.01
18802	A	G	0.01
18803	G	T	0.13
18807	C	T	0.02
18812	A	G	0.01
18813	T	C	0.01
18814	C	T	0.01
18817	T	C	0.02
18828	C	T	0.05
18834	T	C	0.01
18843	T	C	0.01
18859	G	T	0.04
18863	T	C	0.04
18877	C	T	6.02
18885	C	T	0.01
18888	C	T	0.04
18894	C	T	0.01
18898	G	T	0.35
18904	C	T	0.01
18905	G	A	0.01
18907	G	T	0.06
18912	C	T	0.01
18927	T	C	0.01
18928	C	T	0.06
18929	C	T	0.04
18937	G	T	0.01
18941	A	C	0.01
18945	A	G	0.02
18956	A	G	0.01
18958	G	T	0.01
18972	G	T	0.05
18973	G	T	0.01
18975	T	A	0.01
18981	C	T	0.01
18984	G	T	0.03
18984	G	C	0.01
18985	G	T	0.04
18996	T	C	0.01
18997	G	A	0.01
18998	C	T	1.62
19005	A	G	0.02
19009	G	T	0.04
19011	C	T	0.04
19015	T	A	0.01
19017	C	T	0.04
19018	C	T	0.04
19024	C	A	0.01
19026	T	G	0.03
19029	C	T	0.14
19032	C	T	0.02
19035	T	A	0.01
19041	C	T	0.03
19062	A	C	0.01
19063	C	T	0.02
19065	T	C	0.01
19069	G	T	0.02
19071	T	A	0.02
19072	G	T	0.09
19073	A	G	0.02
19086	G	T	0.06
19101	G	T	0.03
19102	C	T	0.01
19113	C	T	0.01
19118	C	T	0.04
19137	A	G	0.01
19137	A	T	0.01
19143	T	C	0.03
19145	C	T	0.13
19151	C	T	0.01
19153	A	G	0.02
19155	A	G	0.01
19164	C	T	0.04
19166	A	G	0.01
19170	C	T	0.18
19172	C	T	0.01
19175	A	C	0.01
19185	C	T	0.06
19186	C	T	0.01
19203	T	C	0.02
19206	C	T	0.01
19215	T	C	0.01
19217	C	T	0.01
19218	T	C	0.01
19220	C	T	0.04
19225	T	G	0.01
19231	G	A	0.01
19254	G	T	0.04
19263	C	T	0.04
19264	C	T	0.02
19269	C	T	0.03
19275	T	C	0.01
19276	G	A	0.01
19290	C	T	0.01
19300	G	T	0.01
19308	A	G	0.35
19315	T	C	0.01
19323	A	C	0.01
19325	C	T	0.01
19334	A	G	0.03
19340	G	T	0.01
19348	G	T	0.01
19366	C	T	0.02
19369	T	C	0.01
19374	C	T	0.01
19378	T	A	0.01
19383	T	C	0.01
19384	G	A	0.06
19385	A	C	0.01
19391	C	T	0.01
19395	T	C	0.01
19398	G	T	0.01
19399	T	S	0.01
19402	C	T	0.02
19414	G	C	0.01
19414	G	T	0.01
19417	G	T	0.02
19449	T	A	0.01
19452	T	A	0.01
19453	A	C	0.01
19454	C	T	0.05
19455	G	A	0.01
19459	A	G	0.01
19473	T	C	0.01
19476	A	G	0.04
19481	G	T	0.01
19488	C	T	0.12
19491	T	C	0.01
19492	A	G	0.01
19506	T	C	0.02
19508	A	C	0.01
19509	G	A	0.06
19515	A	G	0.01
19516	TTGTATCTCGATGCTTATAAC	.....................	0.01
19518	G	T	0.03
19518	GTA	...	0.01
19524	C	T	0.26
19525	G	T	0.04
19527	T	C	0.10
19533	T	C	0.01
19540	A	G	0.01
19542	G	T	0.06
19547	C	T	0.01
19554	C	T	0.01
19560	C	T	0.01
19563	G	T	0.02
19572	C	T	0.01
19586	C	A	0.02
19590	T	C	0.01
19602	C	T	0.01
19610	C	T	0.02
19632	T	A	0.07
19635	G	C	0.01
19645	G	T	0.07
19648	G	A	0.01
19648	G	T	0.02
19655	A	T	0.01
19656	G	T	0.03
19658	G	A	0.01
19662	C	T	0.04
19684	G	T	0.52
19692	T	C	0.01
19700	T	C	0.01
19711	G	A	0.01
19718	C	T	0.07
19722	A	G	0.01
19727	A	C	0.01
19735	G	T	0.03
19763	C	T	0.03
19764	A	G	0.02
19770	T	G	0.01
19783	T	C	0.02
19791	T	C	0.02
19800	G	A	0.01
19813	C	T	0.02
19816	G	T	0.04
19818	A	G	0.02
19821	A	G	0.02
19825	G	T	0.01
19836	C	T	0.01
19839	T	C	2.94
19847	G	A	0.04
19854	C	T	0.01
19859	C	T	0.01
19862	C	T	0.10
19872	G	T	0.08
19872	G	A	0.01
19881	C	T	0.02
19883	A	G	0.01
19884	C	T	0.03
19891	G	T	0.02
19895	C	T	0.01
19896	T	C	0.01
19900	G	T	0.01
19903	C	G	0.01
19909	T	G	0.01
19919	G	A	0.01
19931	T	G	0.01
19938	C	T	0.02
19941	A	G	0.02
19951	C	T	0.04
19952	C	T	0.02
19955	C	G	0.01
19961	C	T	0.02
19962	G	C	0.01
19962	G	T	0.03
19962	G	A	0.06
19963	A	C	0.01
19967	G	T	0.01
19967	G	A	0.01
19969	G	A	0.12
19969	G	T	0.01
19970	C	T	0.01
19973	C	T	0.01
19983	C	T	0.04
19999	G	T	0.29
19999	G	A	0.01
20002	G	T	0.06
20003	A	G	0.01
20005	G	A	0.12
20006	G	A	0.02
20014	G	T	0.02
20016	C	T	0.01
20030	C	T	0.01
20031	C	T	0.03
20031	C	A	0.02
20032	C	T	0.01
20033	G	C	0.01
20037	T	C	0.03
20049	T	C	0.06
20051	C	T	0.01
20056	G	A	0.02
20060	G	T	0.02
20062	G	T	0.01
20063	T	C	0.04
20073	A	G	0.01
20074	C	A	0.01
20077	C	T	0.01
20081	C	T	0.01
20097	A	G	0.02
20099	C	T	0.18
20102	G	A	0.01
20104	C	T	0.01
20112	A	G	0.01
20115	C	T	0.02
20125	G	A	0.02
20126	G	A	0.01
20128	G	A	0.01
20131	G	A	0.01
20132	C	T	0.02
20133	C	T	0.01
20134	G	T	0.11
20134	G	A	0.01
20135	T	C	0.01
20138	A	G	0.02
20142	A	G	0.01
20148	C	T	0.23
20151	T	C	0.03
20157	T	C	0.01
20163	A	G	0.06
20172	T	G	0.01
20178	C	T	0.04
20184	A	C	0.01
20199	C	T	0.02
20204	C	T	0.01
20223	A	G	0.01
20233	C	T	0.04
20234	C	T	0.03
20235	C	T	0.01
20236	A	G	0.01
20238	G	T	0.01
20246	T	C	0.01
20247	G	T	0.01
20247	G	A	0.01
20253	T	C	0.01
20256	T	C	0.02
20262	A	G	0.01
20268	A	G	3.85
20270	C	T	0.02
20273	T	A	0.02
20274	G	T	0.01
20275	G	T	0.03
20281	T	C	0.02
20284	A	G	0.04
20298	A	G	0.02
20298	ATT	...	0.01
20312	C	T	0.01
20315	T	A	0.02
20316	C	T	0.19
20320	C	T	0.04
20325	C	T	0.02
20326	G	A	0.01
20339	TTA	...	0.03
20342	G	T	0.01
20354	T	C	0.01
20356	G	T	0.01
20361	T	C	0.01
20371	C	A	0.02
20371	C	T	0.04
20374	A	G	0.20
20378	G	T	0.01
20382	A	G	0.01
20384	C	T	0.01
20389	C	T	0.01
20390	G	T	0.02
20397	G	T	0.01
20401	T	C	0.01
20402	C	T	0.06
20404	C	T	0.01
20405	C	T	0.03
20406	T	A	0.01
20408	T	A	0.01
20414	T	C	0.01
20424	TAT	...	0.01
20424	T	G	0.01
20428	C	T	0.02
20431	A	G	0.04
20433	G	T	0.01
20433	G	A	0.01
20436	C	T	0.02
20439	T	C	0.03
20450	A	C	0.01
20451	C	T	0.01
20457	C	T	0.01
20458	A	T	0.01
20463	A	.	0.01
20464	G	T	0.01
20466	TG	.A	0.01
20466	T	C	0.04
20466	TG	CA	0.01
20469	G	A	0.02
20472	A	C	0.01
20475	A	G	0.09
20476	GG.T	CTAA	0.01
20477	G	T	0.01
20480	C	T	0.02
20481	A	G	0.01
20483	C	T	0.03
20502	T	C	0.01
20503	A	G	0.01
20527	G	A	0.01
20528	T	C	0.01
20537	T	C	0.01
20547	A	G	0.01
20549	A	G	0.01
20553	A	G	0.07
20555	C	A	0.01
20555	C	T	0.02
20571	T	G	0.01
20572	G	T	0.02
20574	C	T	0.01
20578	G	T	0.05
20580	G	T	0.20
20580	G	A	0.01
20594	C	T	0.01
20603	C	T	0.01
20611	C	T	0.01
20616	G	T	0.02
20626	G	T	0.01
20628	C	T	0.07
20629	C	T	0.02
20645	A	G	0.02
20646	C	T	0.01
20650	A	C	0.01
20655	A	G	0.01
20667	A	G	0.01
20670	G	A	0.01
20677	C	T	0.01
20679	G	T	0.04
20692	C	T	0.04
20698	C	T	0.01
20703	C	T	0.04
20706	A	G	0.02
20709	G	T	0.02
20718	G	T	0.01
20719	C	T	0.09
20722	TT	CC	0.01
20724	A	T	0.06
20736	C	T	0.02
20741	A	G	0.02
20742	A	G	0.01
20749	G	A	0.01
20752	G	T	0.03
20752	G	A	0.01
20755	A	G	0.02
20755	A	C	0.24
20759	C	T	0.03
20762	C	T	0.02
20769	T	C	0.01
20799	T	C	0.01
20801	C	T	0.02
20806	C	T	0.01
20808	G	C	0.01
20810	G	T	0.01
20823	C	T	0.16
20825	C	T	0.01
20831	C	T	0.02
20833	T	C	0.01
20838	T	C	0.01
20844	C	T	0.01
20853	G	T	0.01
20859	T	G	0.01
20887	G	A	0.03
20890	G	A	0.02
20891	T	C	0.01
20893	G	T	0.01
20898	A	G	0.01
20916	A	G	0.01
20930	C	T	0.02
20931	G	T	0.02
20936	C	T	0.01
20938	C	T	0.01
20940	G	A	0.01
20944	G	T	0.03
20946	C	T	0.01
20951	C	T	0.01
20958	T	C	0.01
20970	C	T	0.01
20976	T	C	0.01
20979	A	T	0.02
20980	G	C	0.01
20980	G	T	0.01
20982	T	C	0.02
20991	G	T	0.17
20991	G	C	0.01
20995	G	T	0.03
20996	G	T	0.01
21004	G	T	0.04
21005	C	T	0.03
21012	A	T	0.01
21018	A	G	0.01
21024	T	C	0.01
21057	C	T	0.08
21058	C	T	0.04
21072	T	C	0.01
21075	T	C	0.02
21077	C	T	0.02
21080	A	C	0.02
21102	T	G	0.01
21110	C	T	0.17
21111	T	C	0.05
21114	C	T	0.02
21119	G	T	0.01
21121	G	A	0.01
21123	G	C	0.01
21123	G	T	0.12
21126	T	C	0.08
21131	A	G	0.04
21137	A	G	0.27
21138	G	A	0.01
21139	C	T	0.01
21142	G	A	0.02
21144	T	C	0.01
21146	T	A	0.06
21147	T	C	0.01
21151	G	T	0.04
21157	G	A	0.01
21158	T	C	0.02
21159	G	A	0.01
21162	T	C	0.01
21163	A	G	0.01
21180	T	C	0.01
21191	C	T	0.02
21204	G	T	0.05
21205	C	T	0.01
21214	C	T	0.01
21215	A	G	0.03
21219	C	T	0.01
21220	G	T	0.03
21221	C	T	0.02
21225	G	T	0.01
21231	A	G	0.01
21232	G	A	0.03
21233	C	T	0.01
21254	C	T	0.01
21255	G	T	0.01
21255	G	A	0.02
21255	G	C	0.40
21260	C	T	0.01
21261	A	G	0.02
21267	A	G	0.01
21294	TGG	AAA	0.01
21302	C	T	0.04
21304	C	A	0.01
21304	C	T	0.03
21304	CG	AA	0.04
21305	G	A	0.03
21306	C	T	0.01
21312	A	G	0.03
21316	G	A	0.01
21322	T	A	0.01
21334	G	T	0.02
21357	T	G	0.01
21363	T	C	0.02
21364	C	T	0.04
21365	C	T	0.02
21372	G	T	0.01
21372	G	A	0.01
21377	C	G	0.01
21377	C	A	0.01
21384	.	T	0.01
21386	.	T	0.01
21386	C	T	0.01
21399	G	A	0.01
21404	A	T	0.01
21405	A	T	0.01
21410	C	T	0.01
21412	C	A	0.01
21417	A	T	0.01
21431	C	T	0.01
21432	T	C	0.01
21439	T	C	0.01
21440	C	T	0.01
21452	G	T	0.27
21458	T	C	0.02
21467	T	C	0.01
21468	G	A	0.01
21468	G	T	0.01
21511	A	G	0.01
21513	C	T	0.01
21518	G	A	0.01
21522	T	A	0.01
21526	A	G	0.01
21541	C	T	0.02
21542	TT	AA	0.01
21552	C	T	0.01
21556	A	C	0.01
21562	A	T	0.01
21562	A	G	0.01
21568	T	A	0.02
21569	G	T	0.01
21575	C	A	0.01
21575	C	T	0.94
21578	G	T	0.20
21581	T	G	0.01
21584	T	G	0.03
21587	C	T	0.01
21588	C	T	0.01
21595	C	G	0.01
21595	C	T	0.04
21597	C	T	0.01
21597	C	G	0.01
21600	G	T	0.01
21604	G	T	0.15
21606	G	T	0.01
21613	T	G	0.01
21614	C	T	0.05
21616	T	C	0.01
21618	C	T	0.01
21621	C	T	0.03
21622	C	A	0.02
21625	A	G	0.03
21626	A	G	0.01
21627	C	A	0.06
21627	C	T	0.04
21628	T	G	0.02
21629	C	A	0.01
21635	C	T	0.02
21636	C	T	0.02
21637	C	T	0.03
21638	C	T	0.01
21641	G	T	0.04
21642	C	T	0.02
21643	A	C	0.02
21644	T	C	0.01
21644	T	A	0.01
21646	C	T	0.04
21647	A	G	0.01
21648	C	T	0.06
21656	T	C	0.09
21658	C	G	0.02
21658	C	T	0.14
21675	A	G	0.01
21684	A	T	0.01
21691	C	T	0.02
21697	C	T	0.02
21707	C	T	0.14
21711	C	T	0.07
21714	C	T	0.02
21717	A	T	0.04
21718	G	A	0.04
21718	G	T	0.02
21721	C	T	0.01
21723	T	G	0.01
21724	G	C	0.05
21724	G	T	0.12
21725	T	A	0.01
21727	C	T	0.04
21732	C	T	0.01
21736	C	T	0.02
21742	C	T	0.05
21745	T	C	0.02
21746	G	C	0.01
21757	C	T	0.02
21759	A	G	0.01
21762	C	T	0.01
21765	T	G	0.01
21767	C	T	0.03
21772	C	T	0.27
21774	C	T	0.04
21775	T	G	0.01
21777	G	A	0.01
21777	G	T	0.01
21781	C	T	0.01
21784	T	A	0.03
21785	G	A	0.01
21786	G	T	0.06
21787	T	C	0.01
21789	C	T	0.05
21790	T	C	0.01
21792	AG	TT	0.01
21793	G	C	0.01
21795	G	T	0.09
21796	G	A	0.02
21797	T	C	0.01
21800	G	T	0.03
21802	T	C	0.04
21805	C	T	0.01
21811	C	T	0.04
21819	T	C	0.01
21821	A	T	0.01
21823	TG	CA	0.01
21824	G	T	0.02
21825	A	C	0.01
21830	G	T	0.01
21835	T	C	0.01
21838	T	C	0.02
21845	A	G	0.04
21846	C	T	0.05
21849	A	G	0.01
21850	G	T	0.01
21855	C	T	0.02
21859	C	T	0.03
21867	G	T	0.01
21890	T	C	0.02
21893	G	A	0.02
21898	G	A	0.01
21900	A	G	0.01
21901	G	A	0.01
21906	A	G	0.01
21910	C	T	0.01
21911	C	T	0.04
21914	C	T	0.01
21917	A	G	0.03
21928	C	T	0.01
21931	T	C	0.01
21944	A	T	0.02
21951	T	C	0.01
21952	C	T	0.01
21952	C	G	0.02
21958	A	C	0.01
21968	T	C	0.01
21974	G	C	0.20
21975	ATCCATTTTTGGGTGTTT	..................	0.01
21981	TTT	...	0.01
21983	TTGGGTGTTTAT	............	0.03
21986	G	A	0.09
21987	G	T	0.01
21989	G	T	0.01
21993	ATT	...	0.05
21993	A	T	0.08
21994	T	C	0.01
21995	T	C	0.05
21997	C	T	0.03
21998	C	T	0.04
21999	A	G	0.02
22000	C	T	0.03
22003	A	G	0.06
22004	A	T	0.01
22005	A	G	0.04
22007	A	T	0.08
22013	A	G	0.01
22014	G	T	0.02
22020	T	C	0.01
22021	G	T	0.05
22023	A	T	0.01
22030	G	T	0.01
22033	C	A	0.01
22033	C	T	0.01
22036	A	C	0.01
22036	A	G	0.01
22047	G	T	0.01
22051	G	A	0.01
22051	G	T	0.01
22054	T	C	0.03
22078	T	C	0.02
22081	G	T	0.01
22088	C	T	0.04
22088	C	A	0.01
22092	T	A	0.01
22093	G	T	0.03
22094	G	A	0.01
22099	T	C	0.01
22103	G	C	0.01
22104	G	T	0.03
22117	T	G	0.02
22119	T	C	0.02
22120	C	T	0.04
22124	A	G	0.01
22126	T	G	0.01
22127	C	T	0.01
22131	G	A	0.01
22132	G	C	0.01
22151	A	G	0.03
22157	G	C	0.01
22171	A	T	0.03
22171	A	G	0.02
22183	C	T	0.02
22190	ATT	...	0.01
22199	G	T	0.02
22201	G	T	0.01
22201	G	A	0.03
22203	G	T	0.02
22206	A	G	0.01
22207	T	C	0.01
22208	C	T	0.05
22210	C	T	0.01
22211	C	T	0.01
22215	A	T	0.01
22219	T	C	0.01
22220	T	C	0.12
22224	C	G	0.01
22224	C	T	0.29
22225	G	A	0.01
22225	G	C	0.02
22225	G	T	0.03
22226	G	C	0.01
22227	C	T	0.04
22241	G	T	0.01
22244	G	C	0.01
22249	G	T	0.01
22252	A	G	0.06
22278	A	G	0.01
22281	C	T	0.02
22286	C	T	0.01
22289	G	T	0.04
22290	C	T	0.01
22291	T	C	0.14
22295	C	T	0.01
22296	A	G	0.01
22299	G	A	0.01
22302	G	A	0.01
22303	T	G	0.02
22305	A	C	0.01
22314	C	A	0.01
22317	G	A	0.02
22318	T	C	0.01
22319	G	T	0.06
22320	A	G	0.21
22323	C	T	0.04
22326	C	T	0.02
22329	CA	TT	0.01
22329	C	T	0.01
22330	A	T	0.01
22335	G	T	0.04
22343	G	C	0.02
22344	G	A	0.04
22344	G	T	0.01
22346	G	T	0.04
22346	G	A	0.04
22352	G	T	0.02
22356	A	G	0.01
22361	G	T	0.01
22363	G	T	0.03
22365	G	A	0.01
22374	A	G	0.01
22376	C	T	0.01
22378	T	C	0.01
22380	G	A	0.01
22381	G	T	0.02
22384	T	C	0.01
22388	C	T	0.05
22408	T	C	0.01
22417	T	C	0.01
22422	A	G	0.01
22424	G	A	0.01
22424	G	T	0.01
22432	C	T	0.05
22435	T	C	0.01
22436	G	T	0.01
22437	C	T	0.01
22438	A	T	0.04
22439	CT	.A	0.01
22439	C	G	0.01
22443	.	T	0.01
22444	C	T	0.76
22444	CC	AT	0.01
22446	C	A	0.01
22447	T	C	0.01
22448	C	T	0.01
22450	C	G	0.01
22450	C	T	0.43
22452	CA	GG	0.01
22455	A	G	0.01
22458	C	T	0.02
22468	G	T	0.19
22477	C	T	0.06
22478	T	C	0.01
22480	C	T	0.03
22482	C	T	0.07
22483	T	C	0.01
22484	G	T	0.06
22487	G	C	0.04
22498	C	T	0.03
22502	C	A	0.04
22503	A	G	0.01
22503	A	T	0.02
22504	A	C	0.01
22506	C	T	0.01
22516	T	C	0.01
22524	A	T	0.02
22525	A	G	0.04
22528	A	G	0.01
22530	C	T	0.03
22546	A	G	0.01
22550	C	T	0.02
22570	C	T	0.02
22572	C	G	0.01
22588	T	C	0.06
22591	C	T	0.02
22595	A	T	0.01
22596	C	T	0.01
22604	G	T	0.02
22604	G	A	0.01
22606	A	T	0.04
22624	C	A	0.01
22624	C	T	0.04
22661	G	T	0.06
22665	T	C	0.01
22666	A	G	0.01
22675	C	T	0.02
22678	A	G	0.02
22687	C	T	0.03
22690	T	C	0.02
22698	G	T	0.01
22699	T	C	0.01
22707	T	A	0.01
22708	G	T	0.04
22713	C	T	0.02
22735	C	T	0.02
22739	A	C	0.01
22741	T	C	0.02
22745	G	A	0.02
22770	G	A	0.09
22781	G	A	0.01
22783	C	A	0.01
22785	G	T	0.02
22793	G	T	0.05
22794	C	A	0.01
22795	T	C	0.01
22798	A	G	0.02
22799	G	A	0.01
22855	C	T	0.01
22858	C	T	0.14
22872	A	G	0.01
22883	C	A	0.01
22899	G	T	0.03
22918	G	T	0.01
22918	G	A	0.01
22920	A	T	0.04
22922	A	C	0.01
22929	T	A	0.01
22932	G	A	0.01
22934	A	C	0.01
22939	T	C	0.04
22965	T	C	0.02
22972	T	C	0.02
22973	G	C	0.01
22984	G	A	0.10
22986	C	T	0.01
22987	C	A	0.01
22988	G	A	0.07
22992	G	A	0.08
22993	C	T	0.02
22995	C	A	0.01
22998	C	T	0.01
23010	T	C	0.24
23012	G	C	0.01
23015	G	C	0.08
23018	T	C	0.01
23024	T	C	0.01
23029	C	T	0.02
23030	T	G	0.01
23034	C	T	0.01
23040	A	T	0.01
23042	T	C	0.01
23046	A	.	0.01
23048	GG	..	0.01
23064	A	C	0.01
23075	T	C	0.02
23083	A	G	0.02
23084	T	C	0.01
23086	C	T	0.08
23095	A	G	0.01
23111	C	T	0.01
23114	C	T	0.04
23119	T	A	0.03
23120	G	T	0.06
23122	A	T	0.01
23123	C	T	0.01
23126	G	T	0.04
23127	C	T	0.04
23147	A	G	0.01
23155	T	C	0.05
23185	C	T	0.08
23191	C	T	0.02
23195	G	A	0.01
23202	C	T	0.05
23206	C	T	0.01
23220	C	A	0.01
23220	C	T	0.02
23221	T	A	0.02
23224	G	T	0.12
23230	C	T	0.07
23235	A	G	0.01
23236	G	T	0.03
23242	G	T	0.01
23244	C	T	0.01
23248	C	T	0.05
23255	T	C	0.01
23266	C	T	0.01
23271	C	T	0.04
23277	C	T	0.13
23281	T	C	0.01
23282	G	T	0.02
23284	T	C	0.01
23287	T	C	0.03
23293	T	C	0.01
23297	C	T	0.01
23305	A	C	0.01
23311	G	T	0.12
23312	A	G	0.03
23332	T	C	0.01
23345	G	A	0.01
23354	A	G	0.01
23370	A	G	0.01
23382	A	T	0.01
23393	C	T	0.01
23400	A	G	0.02
23401	G	A	0.07
23401	G	T	0.03
23403	A	G	75.18
23405	G	T	0.01
23410	C	T	0.01
23414	A	G	0.02
23416	A	T	0.03
23422	C	T	0.01
23423	C	T	0.02
23426	G	A	0.01
23426	G	T	0.04
23427	T	C	0.01
23429	G	T	0.01
23429	GC	AT	0.02
23429	G	A	0.02
23434	T	C	0.01
23439	C	T	0.02
23440	A	G	0.01
23449	T	C	0.03
23452	T	C	0.01
23453	C	T	0.05
23463	G	T	0.01
23476	A	G	0.01
23478	G	T	0.01
23481	C	T	0.03
23482	T	C	0.01
23491	T	A	0.01
23502	C	T	0.02
23503	A	G	0.02
23506	C	T	0.02
23516	G	A	0.01
23518	G	A	0.05
23520	C	T	0.04
23522	G	A	0.02
23525	C	T	0.08
23534	A	T	0.01
23536	C	T	0.02
23545	G	T	0.01
23551	C	T	0.01
23557	C	T	0.03
23560	T	C	0.01
23564	G	T	0.01
23565	C	T	0.01
23575	C	T	0.04
23577	C	A	0.01
23577	C	T	0.01
23584	T	C	0.01
23587	G	C	0.03
23587	G	T	0.03
23587	G	A	0.01
23588	A	T	0.01
23589	C	T	0.02
23592	A	G	0.04
23593	G	T	0.06
23593	G	C	0.03
23595	C	T	0.01
23596	T	G	0.01
23597	AATTCTCCTCGGCGGGCACGTAGTGTAGCT	..............................	0.01
23599	T	C	0.04
23602	T	C	0.04
23604	C	A	0.01
23604	C	T	0.22
23606	C	T	0.02
23607	G	A	0.02
23608	G	T	0.04
23611	G	A	0.01
23612	G	T	0.01
23612	G	A	0.01
23613	C	T	0.02
23618	A	G	0.01
23621	G	A	0.02
23625	C	T	0.03
23634	C	T	0.01
23635	C	T	0.12
23638	C	T	0.08
23655	C	T	0.06
23673	C	T	0.04
23677	T	C	0.04
23678	G	T	0.02
23679	C	T	0.01
23683	C	T	0.03
23701	C	T	0.02
23704	A	G	0.01
23707	C	T	0.19
23709	C	T	0.02
23720	A	G	0.01
23724	G	T	0.01
23731	C	T	0.29
23733	C	A	0.03
23746	A	G	0.01
23755	G	C	0.01
23755	G	T	0.04
23756	A	G	0.03
23758	C	T	0.04
23782	G	T	0.01
23785	C	T	0.01
23793	G	T	0.03
23796	A	G	0.01
23813	A	G	0.01
23822	T	C	0.01
23824	G	T	0.02
23848	A	G	0.01
23854	C	T	0.01
23855	C	A	0.01
23856	G	T	0.02
23856	G	A	0.01
23865	C	T	0.01
23868	G	T	0.01
23868	G	C	0.01
23873	G	T	0.02
23876	G	A	0.01
23883	A	G	0.01
23895	C	T	0.02
23896	C	T	0.01
23902	A	T	0.01
23902	A	C	0.01
23909	G	T	0.02
23927	T	G	0.01
23929	C	T	0.56
23932	A	G	0.01
23934	C	T	0.06
23947	A	G	0.24
23952	T	G	0.01
23955	G	C	0.01
23959	T	C	0.01
23977	A	G	0.01
23985	A	T	0.01
23985	A	G	0.02
23986	T	C	0.01
23987	C	T	0.02
23989	A	G	0.01
23992	A	T	0.01
23994	A	C	0.04
23996	C	T	0.04
24014	A	G	0.03
24022	T	C	0.02
24023	C	T	0.03
24026	C	T	0.02
24034	C	T	2.47
24041	A	G	0.01
24042	C	T	0.01
24047	G	A	0.09
24050	G	C	0.01
24050	G	T	0.01
24064	C	T	0.01
24069	A	T	0.04
24069	A	C	0.01
24073	T	C	0.01
24075	G	A	0.07
24076	T	C	0.81
24077	G	T	0.01
24079	T	C	0.01
24095	G	T	0.13
24096	C	A	0.52
24096	C	T	0.02
24097	T	C	0.01
24099	C	T	0.02
24102	G	T	0.01
24106	C	T	0.01
24121	A	G	0.03
24123	A	G	0.01
24129	A	G	0.01
24130	C	T	0.02
24138	C	T	0.27
24145	G	A	0.01
24152	T	C	0.01
24157	C	T	0.01
24161	G	A	0.01
24170	A	G	0.01
24193	G	A	0.01
24197	G	T	0.06
24198	C	T	0.01
24213	C	T	0.01
24236	G	T	0.01
24237	C	T	0.01
24240	C	T	0.01
24240	C	A	0.01
24260	A	T	0.02
24269	G	T	0.01
24292	A	T	0.01
24292	A	G	0.01
24295	T	C	0.01
24301	G	T	0.01
24310	C	T	0.01
24325	A	G	0.03
24328	G	T	0.01
24328	G	C	0.13
24332	G	T	0.03
24333	C	T	0.01
24340	A	G	0.01
24348	G	T	0.06
24351	C	T	0.01
24358	C	T	0.03
24364	T	C	0.01
24367	A	G	0.01
24368	G	T	0.14
24368	G	C	0.05
24370	C	T	0.04
24374	C	T	0.02
24378	C	A	0.01
24378	C	T	0.12
24381	C	T	0.03
24382	C	T	0.25
24382	C	G	0.01
24384	C	T	0.01
24385	A	T	0.01
24399	G	T	0.01
24404	C	A	0.01
24421	C	T	0.01
24434	G	T	0.02
24442	C	T	0.10
24464	T	G	0.01
24468	A	G	0.01
24472	T	C	0.01
24478	A	T	0.01
24482	T	C	0.01
24484	A	T	0.02
24502	C	T	0.01
24503	C	T	0.01
24520	A	G	0.01
24565	T	G	0.01
24565	T	C	0.01
24566	C	G	0.01
24584	GTG	ACA	0.01
24588	C	T	0.02
24608	G	T	0.01
24621	C	T	0.02
24628	T	C	0.01
24631	T	C	0.01
24643	T	A	0.01
24667	A	G	0.01
24670	A	G	0.01
24694	A	T	1.16
24697	G	A	0.01
24700	C	T	0.01
24719	C	A	0.01
24725	T	G	0.01
24736	T	C	0.02
24736	T	G	0.01
24748	C	T	0.02
24749	T	C	0.01
24751	G	T	0.04
24755	G	T	0.03
24757	G	T	0.02
24763	T	C	0.01
24764	G	T	0.01
24771	C	T	0.01
24775	A	T	0.01
24776	G	C	0.01
24781	G	T	0.01
24784	C	T	0.01
24794	G	T	0.05
24795	C	T	0.06
24797	C	T	0.03
24809	C	T	0.01
24810	A	G	0.01
24811	T	A	0.02
24812	G	T	0.02
24815	G	A	0.01
24815	G	C	0.03
24820	A	T	0.01
24832	T	C	0.01
24834	G	T	0.01
24835	T	C	0.04
24844	C	T	0.02
24862	A	G	0.37
24863	C	T	0.07
24865	C	T	0.02
24872	G	T	0.03
24877	A	G	0.01
24887	T	C	0.01
24893	G	A	0.01
24896	C	T	0.01
24897	C	T	0.01
24904	C	T	0.27
24909	C	A	0.03
24913	A	T	0.02
24914	G	C	0.01
24914	G	T	0.04
24919	C	T	0.06
24921	C	T	0.02
24922	A	G	0.02
24926	G	T	0.02
24928	G	T	0.01
24929	T	C	0.01
24932	G	T	0.01
24933	G	T	0.18
24948	T	C	0.02
24952	A	G	0.02
24956	A	G	0.01
24969	C	T	0.04
24977	G	C	0.01
24977	G	T	0.01
24979	T	C	0.02
24982	T	C	0.66
24985	G	T	0.07
24992	G	C	0.01
24998	G	C	0.01
25000	C	T	0.02
25002	C	T	0.02
25006	C	T	0.01
25012	G	A	0.16
25019	G	T	0.01
25027	T	C	0.01
25036	T	C	0.01
25046	C	T	0.03
25047	C	T	0.02
25047	C	A	0.02
25049	G	T	0.01
25050	A	G	0.02
25060	A	G	0.01
25061	G	A	0.01
25062	G	T	0.02
25063	T	C	0.01
25064	G	C	0.01
25066	C	T	0.01
25073	G	A	0.01
25083	C	T	0.02
25088	G	T	0.02
25091	G	T	0.01
25094	A	G	0.01
25096	C	T	0.04
25104	A	G	0.01
25105	A	G	0.01
25116	G	A	0.01
25121	A	G	0.01
25121	A	T	0.03
25123	T	C	0.01
25126	G	A	0.02
25135	G	T	0.04
25137	A	C	0.01
25137	A	G	0.01
25145	G	C	0.02
25156	C	T	0.01
25162	CC	AA	0.01
25177	G	T	0.02
25182	A	C	0.02
25183	G	A	0.01
25207	C	T	0.06
25214	C	T	0.02
25217	G	A	0.01
25217	G	T	0.03
25218	G	T	0.01
25231	C	T	0.01
25237	T	A	0.02
25244	G	T	0.04
25244	G	C	0.09
25246	A	C	0.01
25249	G	C	0.01
25249	G	T	0.08
25250	G	T	0.02
25251	T	A	0.01
25252	G	A	0.01
25252	G	T	0.04
25253	A	G	0.02
25254	C	T	0.01
25265	T	A	0.01
25271	A	G	0.01
25272	T	C	0.01
25273	G	C	0.01
25275	C	T	0.01
25276	C	T	0.01
25284	G	A	0.01
25287	G	T	0.01
25290	G	T	0.03
25297	G	T	0.01
25299	G	C	0.01
25302	G	T	0.01
25304	T	C	0.01
25305	G	T	0.01
25311	G	T	0.02
25313	G	A	0.01
25315	A	G	0.02
25318	C	T	0.04
25327	A	G	0.02
25337	G	C	0.02
25339	C	T	0.04
25340	G	C	0.01
25340	G	A	0.04
25344	C	T	0.01
25350	C	T	0.52
25352	G	T	0.01
25354	G	T	0.01
25386	C	T	0.02
25387	G	A	0.01
25396	G	T	0.04
25397	A	G	0.03
25405	A	G	0.01
25409	G	C	0.01
25412	T	C	0.02
25413	C	T	0.04
25416	CACAATTGG	.........	0.01
25418	C	T	0.02
25418	C	A	0.04
25423	GGAACTGTA	.........	0.01
25429	G	A	0.01
25429	G	T	0.38
25430	T	C	0.01
25433	C	T	0.01
25437	G	T	0.11
25440	G	A	0.01
25442	A	G	0.01
25444	G	T	0.02
25445	G	T	0.01
25446	T	G	0.01
25449	A	G	0.02
25451	T	C	0.12
25452	C	T	0.04
25456	G	T	0.04
25459	G	T	0.16
25460	C	T	0.01
25465	C	T	0.02
25466	C	T	0.02
25469	C	T	0.04
25471	G	T	0.05
25471	G	C	0.13
25473	T	C	0.04
25476	T	C	0.01
25482	C	T	0.02
25487	C	T	0.04
25489	G	T	0.03
25490	C	A	0.01
25492	A	G	0.01
25494	G	T	0.08
25496	T	C	0.03
25498	CCGATA	......	0.03
25499	C	T	0.01
25500	G	A	0.01
25500	G	T	0.20
25505	A	C	0.12
25507	G	A	0.01
25509	C	T	0.02
25510	T	C	0.01
25511	C	T	0.02
25512	A	C	0.01
25513	C	A	0.04
25513	C	T	0.04
25516	C	T	0.03
25517	C	T	0.01
25518	T	C	0.04
25520	T	A	0.03
25521	C	T	0.05
25523	G	T	0.15
25525	T	A	0.07
25528	C	T	0.04
25534	G	T	0.06
25536	T	C	0.01
25539	C	T	0.01
25540	G	A	0.01
25541	T	C	0.03
25543	G	T	0.01
25546	C	A	0.03
25548	T	A	0.02
25548	T	C	0.01
25549	C	T	0.04
25551	T	C	0.01
25552	G	T	0.02
25552	G	A	0.01
25554	T	G	0.01
25555	G	T	0.16
25556	T	G	0.01
25559	T	G	0.03
25561	C	T	0.01
25563	G	T	53.32
25566	C	T	0.16
25568	C	T	0.03
25572	C	T	0.27
25575	A	C	0.01
25578	C	T	0.01
25584	C	T	0.12
25585	C	T	0.16
25587	C	T	0.13
25590	A	G	0.01
25593	G	C	0.02
25593	G	T	0.01
25598	G	T	0.03
25599	G	T	0.01
25603	C	T	0.03
25606	G	T	0.02
25609	C	T	0.02
25612	T	C	0.01
25613	C	T	0.02
25614	C	A	0.01
25614	C	T	0.10
25615	A	G	0.02
25616	A	G	0.01
25621	G	A	0.01
25621	G	T	0.01
25624	C	A	0.03
25624	C	T	0.04
25626	C	T	0.01
25626	C	G	0.01
25641	G	C	0.07
25644	G	T	0.12
25647	G	T	0.03
25649	T	G	0.01
25650	G	T	0.04
25651	TTTGTAACAGTT	............	0.01
25651	T	C	0.01
25653	T	C	0.01
25654	G	T	0.02
25655	T	C	0.12
25658	C	T	0.04
25660	G	T	0.06
25660	G	A	0.01
25665	C	T	0.04
25667	C	T	0.01
25669	C	T	0.02
25671	C	T	0.01
25672	C	T	0.02
25672	C	A	0.01
25673	T	C	0.01
25676	T	C	0.01
25677	G	T	0.02
25682	T	C	0.01
25686	T	A	0.01
25687	G	A	0.01
25687	G	T	0.03
25688	C	A	0.07
25688	C	T	0.08
25691	G	T	0.01
25691	.	A	0.03
25692	C	T	0.32
25693	C	T	0.01
25702	C	T	0.03
25703	C	T	0.01
25707	T	G	0.01
25708	C	T	0.07
25710	C	T	0.10
25712	A	T	0.01
25714	C	T	0.08
25720	G	T	0.06
25721	C	T	0.02
25724	T	C	0.01
25726	G	T	0.01
25728	C	T	0.05
25731	C	T	0.04
25733	T	G	0.01
25740	G	T	0.01
25744	A	G	0.02
25750	T	C	0.01
25757	G	A	0.02
25759	A	G	0.04
25767	G	T	0.01
25769	G	T	0.02
25770	G	T	0.01
25771	C	A	0.01
25773	T	C	0.01
25775	G	T	0.04
25776	G	T	0.01
25782	C	T	0.01
25783	T	C	0.48
25784	G	T	0.01
25784	G	C	0.01
25785	G	C	0.01
25785	G	T	0.06
25792	C	T	0.01
25793	G	T	0.02
25795	T	C	0.01
25803	C	T	0.01
25806	A	T	0.01
25810	C	A	0.02
25810	C	T	0.04
25812	T	C	0.01
25819	G	T	0.01
25821	C	T	0.03
25822	A	T	0.01
25831	C	T	0.02
25835	G	A	0.01
25838	G	T	0.01
25842	T	C	0.02
25844	C	T	0.02
25847	A	T	0.01
25847	A	G	0.01
25850	G	A	0.01
25853	A	G	0.01
25854	C	T	0.02
25855	G	T	0.06
25859	A	G	0.02
25864	A	G	0.09
25865	T	C	0.01
25870	T	C	0.03
25872	C	T	0.02
25879	G	T	0.03
25884	TTC	AAT	0.01
25885	T	G	0.01
25886	C	T	0.07
25889	C	T	0.03
25894	G	A	0.01
25900	A	T	0.01
25904	C	T	0.15
25906	G	T	0.04
25907	G	T	0.09
25916	C	T	0.53
25916	C	A	0.02
25919	C	T	0.03
25922	G	T	0.01
25927	A	G	0.01
25931	C	T	0.01
25936	C	T	0.01
25941	C	T	0.01
25942	T	C	0.01
25944	C	T	0.01
25946	A	T	0.01
25947	G	T	0.02
25947	G	C	0.43
25954	G	T	0.01
25956	T	C	0.01
25959	T	C	0.01
25961	C	T	0.01
25962	T	G	0.01
25963	G	A	0.01
25969	T	C	0.03
25971	G	T	0.01
25976	C	A	0.21
25978	G	A	0.01
25979	G	T	0.90
25980	A	C	0.02
25980	A	T	0.02
25981	G	T	0.03
25981	G	A	0.02
25993	G	A	0.01
25998	A	G	0.01
26013	C	T	0.23
26014	A	G	0.02
26019	A	G	0.02
26020	G	T	0.02
26022	C	T	0.06
26024	A	G	0.01
26028	C	T	0.03
26029	C	A	0.01
26031	G	T	0.04
26032	C	T	0.01
26035	T	C	0.01
26037	C	T	0.03
26038	T	C	0.02
26041	A	G	0.01
26045	A	G	0.11
26047	T	G	0.02
26048	T	C	0.01
26055	A	G	0.01
26057	A	G	0.01
26058	C	T	0.02
26060	C	T	0.01
26062	G	T	0.50
26063	G	T	0.02
26065	G	T	0.06
26078	C	T	0.03
26082	C	T	0.01
26084	.	T	0.01
26088	C	T	0.12
26094	T	C	0.02
26101	G	T	0.01
26102	T	C	0.06
26104	G	A	0.01
26106	T	G	0.01
26108	A	G	0.01
26109	G	T	0.02
26111	C	T	0.04
26112	T	A	0.01
26114	A	T	0.01
26116	G	T	0.01
26117	A	C	0.01
26124	C	T	0.08
26126	A	T	0.01
26130	T	C	0.02
26143	G	T	0.02
26144	G	T	2.29
26151	C	T	0.05
26152	G	A	0.08
26157	TGT	...	0.04
26158	GTTA	....	0.02
26158	G	T	0.02
26159	TTA	...	0.01
26161	AATCCAGTA	.........	0.01
26168	T	A	0.01
26171	T	A	0.01
26172	G	A	0.02
26173	G	A	0.01
26176	C	T	0.02
26177	C	T	0.04
26181	T	G	0.01
26182	T	C	0.01
26183	A	G	0.02
26191	C	T	0.01
26192	C	T	0.01
26193	G	T	0.02
26195	C	A	0.01
26196	G	T	0.01
26198	C	T	0.01
26199	G	T	0.01
26204	C	T	0.03
26207	G	T	0.01
26208	C	T	0.03
26209	G	T	0.03
26211	G	T	0.09
26222	C	A	0.01
26224	C	T	0.01
26227	G	A	0.03
26227	G	T	0.01
26228	C	T	0.06
26233	G	A	0.01
26233	G	T	1.88
26234	A	G	0.03
26256	C	T	0.25
26262	G	A	0.02
26263	G	C	0.01
26266	G	A	0.01
26268	G	T	0.01
26270	C	T	0.02
26271	A	T	0.01
26299	C	T	0.02
26313	C	T	0.04
26319	A	G	0.01
26320	T	C	0.03
26322	C	T	0.05
26326	C	T	0.02
26327	T	C	0.01
26333	C	T	0.03
26342	T	C	0.01
26351	C	T	0.01
26354	T	A	0.01
26355	T	A	0.01
26359	T	A	0.01
26365	G	T	0.01
26366	C	T	0.02
26372	G	T	0.01
26373	C	T	0.01
26379	T	C	0.02
26389	G	T	0.02
26391	G	T	0.01
26395	C	T	0.02
26409	T	C	0.01
26428	G	T	0.15
26433	A	G	0.13
26434	A	G	0.01
26447	C	T	0.04
26447	C	G	0.01
26447	C	A	0.01
26455	C	T	0.02
26456	C	T	0.08
26458	G	T	0.01
26461	C	T	0.05
26464	C	T	0.02
26466	G	A	0.02
26491	TA	CT	0.01
26493	G	A	0.01
26496	T	C	0.01
26499	C	T	0.01
26499	C	G	0.02
26500	T	C	0.01
26506	G	A	0.01
26509	C	T	0.01
26511	T	G	0.01
26520	G	A	0.01
26526	G	T	0.04
26526	G	A	0.01
26527	C	T	0.02
26529	G	T	0.02
26530	A	G	0.34
26533	C	T	0.01
26534	C	T	0.01
26559	C	T	0.01
26562	A	G	0.07
26566	A	G	0.29
26567	G	A	0.02
26589	G	A	0.03
26596	G	T	0.01
26601	C	T	0.02
26606	C	T	0.04
26607	C	T	0.04
26609	T	C	0.01
26624	T	C	0.01
26625	C	T	0.21
26634	G	T	0.01
26636	C	T	0.01
26642	C	A	0.01
26645	C	T	0.06
26660	G	T	0.01
26677	T	C	0.02
26681	C	T	0.14
26684	C	T	0.02
26690	G	T	0.31
26697	C	A	0.01
26709	G	A	0.01
26713	G	T	0.03
26717	T	C	0.01
26720	G	T	0.01
26720	G	C	0.04
26727	G	T	0.04
26728	C	T	0.01
26729	T	C	2.32
26730	G	A	0.08
26730	G	T	0.17
26735	C	T	1.33
26744	T	C	0.01
26750	C	T	0.01
26753	C	A	0.01
26756	T	A	0.01
26759	A	G	0.01
26768	C	T	0.04
26769	G	T	0.01
26775	G	T	0.04
26779	G	T	0.01
26780	T	C	0.01
26781	C	T	0.01
26787	G	A	0.01
26801	C	G	0.02
26801	C	T	0.11
26803	G	T	0.01
26814	G	T	0.01
26819	T	C	0.01
26820	T	C	0.03
26822	C	T	0.01
26828	G	T	0.02
26834	G	A	0.01
26834	G	T	0.04
26840	G	T	0.01
26842	G	T	0.01
26849	G	T	0.04
26858	C	T	0.01
26861	T	C	0.01
26864	A	T	0.01
26864	A	G	0.12
26873	C	T	0.04
26882	C	T	0.03
26885	C	T	0.04
26892	C	T	0.01
26895	C	T	0.03
26899	G	A	0.01
26907	C	T	0.02
26907	C	G	0.05
26909	G	T	0.01
26912	C	T	0.02
26916	C	T	0.01
26918	GC	CA	0.01
26918	G	A	0.01
26918	G	T	0.01
26921	T	G	0.01
26929	G	A	0.01
26934	C	A	0.01
26936	C	T	0.13
26947	C	T	0.01
26955	C	T	0.03
26959	G	A	0.05
26960	T	C	0.04
26978	T	A	0.02
26985	C	T	0.03
26995	G	T	0.02
26996	C	T	0.01
27005	C	T	0.08
27011	C	T	0.01
27014	G	T	0.01
27026	C	A	0.01
27043	G	T	0.01
27046	C	T	0.26
27047	G	T	0.01
27056	T	C	0.01
27059	C	T	0.06
27062	A	G	0.01
27074	G	A	0.01
27086	A	G	0.02
27090	G	A	0.01
27092	C	T	0.01
27098	T	G	0.01
27110	C	T	0.01
27122	G	A	0.01
27128	C	T	0.01
27131	C	T	0.01
27137	A	G	0.04
27145	C	T	0.01
27147	G	T	0.03
27163	G	T	0.02
27167	C	T	0.01
27169	A	G	0.03
27171	A	G	0.01
27185	A	G	0.01
27193	T	A	0.01
27196	C	T	0.01
27200	A	G	0.04
27208	C	T	0.01
27210	T	C	0.02
27211	C	A	0.01
27212	T	A	0.01
27213	C	T	0.10
27214	G	T	0.01
27217	G	T	0.01
27220	T	C	0.02
27222	T	C	0.02
27225	G	T	0.01
27226	G	T	0.02
27228	T	A	0.05
27240	G	T	0.03
27246	A	.	0.01
27247	C	T	0.02
27248	.	C	0.01
27252	T	C	0.01
27253	A	G	0.04
27255	T	G	0.01
27261	G	T	0.01
27263	C	T	0.01
27265	TTTAAAGTTTCCATTTGGAATCTTGAT	...........................	0.03
27272	T	C	0.01
27276	C	T	0.02
27281	G	T	0.02
27282	G	T	0.01
27285	T	C	0.01
27288	T	A	0.01
27292	T	C	0.03
27294	C	T	0.04
27297	C	T	0.02
27299	T	C	0.25
27302	A	G	0.01
27311	T	C	0.01
27316	A	T	0.01
27317	A	G	0.01
27318	T	A	0.13
27322	T	G	0.01
27327	G	T	0.12
27331	C	T	0.01
27338	A	G	0.02
27340	A	C	0.01
27341	A	G	0.01
27341	A	C	0.01
27342	T	G	0.01
27344	A	G	0.01
27347	A	G	0.01
27348	T	C	0.02
27351	T	G	0.01
27357	A	G	0.01
27358	G	T	0.02
27359	A	G	0.24
27364	G	T	0.01
27367	C	T	0.01
27371	C	T	0.05
27372	A	T	0.01
27373	A	T	0.02
27374	T	C	0.01
27380	T	C	0.01
27381	TGAT	....	0.01
27382	G	C	0.01
27382	GAT	CTC	0.03
27382	G	T	0.02
27384	T	C	0.46
27387	A	.	0.01
27388	A	C	0.01
27389	C	T	0.02
27390	G	A	0.01
27393	C	T	0.02
27397	A	G	0.01
27398	A	G	0.01
27404	TTCTTTTCTTGGCACTGATAACACTCGCTACTTGTGAGCTTTATCACTACCAAGAGTGTGTTAGAGGTACAACAGTACTTT	.................................................................................	0.01
27408	T	C	0.02
27415	G	A	0.02
27416	C	T	0.04
27417	A	C	0.01
27418	C	T	0.01
27420	G	T	0.01
27421	A	G	0.01
27425	C	T	0.01
27430	G	A	0.01
27431	C	T	0.01
27434	C	T	0.02
27437	G	T	0.01
27446	A	G	0.01
27447	T	C	0.05
27456	A	G	0.01
27461	G	T	0.01
27463	G	T	0.01
27474	A	G	0.01
27476	C	T	0.02
27478	G	T	0.04
27484	T	C	0.04
27489	A	T	0.01
27491	A	G	0.01
27493	C	T	0.01
27494	C	T	0.01
27495	T	G	0.01
27495	T	A	0.01
27498	C	T	0.02
27500	C	T	0.03
27503	C	T	0.03
27504	T	A	0.03
27506	G	T	0.04
27506	G	C	0.03
27509	C	T	0.03
27511	T	C	0.01
27513	C	T	0.02
27515	A	G	0.01
27520	A	T	0.01
27521	A	G	0.01
27525	A	G	0.11
27527	C	T	0.03
27532	C	T	0.01
27534	T	C	0.01
27535	C	T	0.01
27544	G	A	0.01
27546	T	C	0.01
27549	C	T	0.04
27550	AAATTTGCACTGACTTGCTTTAGCACTCAATTTGCTTTTGCTTGTCCTGACGGCGTAAAACACGTCTATCAGTT	..........................................................................	0.01
27553	T	C	0.01
27553	T	G	0.01
27559	C	T	0.02
27560	T	C	0.01
27561	G	T	0.02
27572	G	A	0.01
27573	C	T	0.01
27575	C	T	0.01
27577	C	T	0.04
27579	ATTT	....	0.01
27584	C	A	0.01
27586	T	C	0.01
27587	T	A	0.01
27588	T	A	0.01
27593	G	A	0.02
27595	C	T	0.02
27600	C	T	0.02
27603	C	A	0.01
27603	C	T	0.04
27604	G	A	0.03
27610	C	T	0.01
27612	C	T	0.01
27619	C	T	0.01
27621	GTT	...	0.01
27621	G	T	0.01
27621	G	A	0.03
27625	C	T	0.02
27630	C	T	0.33
27634	T	C	0.02
27635	C	T	0.80
27637	G	A	0.01
27640	T	G	0.01
27641	C	T	0.02
27644	C	T	0.02
27645	T	C	0.01
27649	C	T	0.01
27654	C	T	0.02
27654	C	A	0.01
27657	C	T	0.01
27657	C	A	0.01
27660	A	C	0.04
27669	A	G	0.01
27670	G	T	0.13
27672	T	C	0.04
27673	C	A	0.01
27673	C	T	0.03
27675	A	C	0.01
27676	G	C	0.01
27677	AACTTT	......	0.01
27679	C	T	0.01
27683	ACTCTCCAATTTTTCTTATTGTTGCGGCAATAGTGTTTATAACACTTTGCTTCACACTCAAAAGAAAGACAG	........................................................................	0.01
27684	C	T	0.02
27686	C	A	0.01
27686	C	T	0.01
27688	CCAATTTTTCTTATTGTTGCGGCAATAGTGTTTATAACACTTTGCTTCACACTCAAAAGAAAG	...............................................................	0.01
27688	C	T	0.09
27689	C	T	0.02
27690	A	T	0.01
27694	T	A	0.01
27698	T	G	0.03
27702	T	C	0.01
27702	TGTTGCGGCAATAGTGTTTATAACACTTTGCTTCACACTC	........................................	0.01
27703	G	T	0.07
27707	C	T	0.01
27710	C	T	0.01
27715	G	T	0.01
27717	G	A	0.01
27718	T	C	0.01
27722	T	C	0.02
27733	T	A	0.01
27735	C	T	0.01
27739	C	T	0.02
27741	C	T	0.04
27746	G	T	0.01
27752	C	T	0.01
27753	A	T	0.01
27759	ATT	...	0.02
27767	T	A	0.01
27770	A	G	0.02
27775	TTG	CGA	0.03
27794	T	C	0.01
27796	TAGCCTT	.......	0.01
27804	C	T	0.20
27806	G	A	0.01
27807	C	T	0.01
27810	T	C	0.01
27812	C	T	0.06
27821	A	G	0.48
27827	G	T	0.01
27832	T	C	0.01
27838	T	A	0.01
27843	T	C	0.02
27847	C	T	0.14
27849	C	T	0.02
27855	C	T	0.01
27860	A	G	0.01
27863	T	C	0.02
27869	T	G	0.01
27869	T	C	0.15
27874	C	T	0.04
27877	G	T	0.05
27879	C	T	0.03
27881	C	T	0.05
27883	C	T	0.01
27890	G	T	0.01
27895	T	C	0.01
27903	C	T	0.02
27904	T	C	0.01
27906	G	T	0.02
27911	C	T	0.01
27914	A	T	0.03
27915	G	A	0.15
27916	G	T	0.01
27916	G	A	0.01
27920	C	T	0.01
27922	T	C	0.01
27923	C	T	0.27
27924	A	G	0.05
27925	C	A	0.02
27925	C	T	0.02
27928	C	A	0.01
27933	G	A	0.01
27938	A	G	0.01
27940	T	C	0.01
27941	T	G	0.03
27942	C	T	0.01
27944	C	G	0.01
27944	C	T	0.03
27950	A	C	0.23
27955	G	T	0.01
27956	T	C	0.01
27964	C	T	7.17
27967	G	T	0.01
27970	C	T	0.01
27972	C	T	0.02
27984	T	C	0.01
27987	G	T	0.06
27989	A	G	0.01
27993	G	A	0.04
27994	A	G	0.01
27996	G	T	0.02
27998	C	A	0.02
27998	C	T	0.07
27999	C	T	0.05
28000	C	T	0.01
28001	G	T	0.06
28003	G	T	0.02
28004	TCCTATTCACTTCTATTCTAAATGGTA	...........................	0.02
28005	C	T	0.01
28006	C	T	0.01
28009	T	C	0.01
28027	G	C	0.02
28027	G	T	0.03
28028	G	T	0.01
28043	A	G	0.01
28044	G	T	0.02
28045	C	T	0.01
28048	G	A	0.01
28048	G	T	0.05
28055	A	G	0.01
28057	C	T	0.01
28061	T	C	0.01
28074	T	C	0.01
28076	C	T	0.01
28077	G	T	0.09
28077	G	A	0.01
28077	G	C	2.36
28079	G	T	0.04
28080	G	A	0.06
28081	A	G	0.01
28083	G	T	0.03
28084	A	G	0.02
28085	G	A	0.01
28086	G	T	0.40
28087	C	T	0.03
28089	G	T	0.01
28090	GTTCTA	......	0.01
28090	G	C	0.01
28093	C	T	0.11
28098	T	C	0.01
28099	C	T	0.27
28100	A	G	0.04
28103	C	G	0.01
28108	A	T	0.04
28109	G	T	0.06
28110	T	C	0.01
28115	C	T	0.02
28118	T	C	0.04
28122	G	T	0.01
28135	T	C	0.02
28144	T	C	16.73
28151	T	C	0.01
28160	T	C	0.01
28163	C	T	0.02
28167	G	A	0.01
28171	C	T	0.01
28178	G	T	0.03
28179	G	C	0.02
28179	G	T	0.01
28191	G	T	0.01
28193	G	T	0.01
28199	T	C	0.01
28202	G	T	0.02
28202	G	A	0.01
28204	T	C	0.01
28209	G	T	0.01
28210	A	G	0.01
28212	G	A	0.01
28218	T	C	0.01
28220	A	T	0.01
28221	G	C	0.03
28221	G	T	0.02
28222	A	G	0.04
28229	T	G	0.02
28233	G	T	0.01
28242	G	T	0.01
28244	T	C	0.01
28250	T	G	0.01
28251	T	G	0.01
28251	T	C	0.01
28253	C	T	0.09
28254	A	C	0.01
28254	A	.	0.04
28254	A	T	0.01
28256	C	T	0.40
28259	A	G	0.01
28262	G	C	0.01
28264	A	C	0.01
28268	A	G	0.01
28269	C	T	0.01
28280	G	T	0.01
28282	T	C	0.11
28283	A	G	0.01
28289	C	A	0.03
28291	C	T	0.03
28292	C	A	0.02
28297	T	C	0.02
28300	G	T	0.04
28302	G	A	0.01
28308	C	T	0.01
28310	C	A	0.06
28311	C	T	1.28
28312	C	T	0.01
28313	C	G	0.01
28314	G	A	0.04
28315	C	T	0.01
28318	T	C	0.03
28321	G	A	0.04
28321	G	T	0.06
28325	G	T	0.04
28328	G	A	0.02
28329	G	T	0.01
28332	C	A	0.01
28332	C	T	0.02
28333	C	T	0.01
28337	G	T	0.04
28338	A	G	0.12
28340	T	A	0.01
28344	C	T	0.03
28346	GG	TT	0.01
28358	A	T	0.01
28360	T	C	0.02
28361	G	C	0.03
28362	G	C	0.01
28364	G	A	0.01
28365	A	G	0.01
28366	A	C	0.01
28368	G	T	0.01
28369	C	T	0.01
28370	A	G	0.01
28371	G	T	0.03
28373	GG	TT	0.02
28373	G	T	0.04
28374	G	A	0.01
28376	G	T	0.04
28376	G	A	0.01
28377	C	T	0.01
28378	G	T	0.12
28380	G	T	0.01
28389	A	G	0.01
28390	A	G	0.01
28391	C	T	0.03
28392	G	T	0.01
28393	T	C	0.01
28396	G	A	0.02
28399	C	T	0.01
28409	C	T	0.01
28432	C	T	0.02
28435	C	T	0.01
28450	T	C	0.01
28451	G	C	0.01
28453	C	T	0.05
28457	G	C	0.01
28458	A	T	0.37
28460	G	T	0.01
28460	G	A	0.01
28472	C	A	0.02
28472	C	T	0.02
28480	A	T	0.04
28498	C	T	0.01
28514	G	T	0.01
28516	T	C	0.01
28519	C	T	0.25
28528	C	T	0.01
28531	C	T	0.04
28539	G	T	0.04
28541	G	A	0.01
28541	G	T	0.01
28549	AC	CA	0.01
28550	C	A	0.04
28557	G	T	0.01
28582	T	C	0.03
28591	A	T	0.03
28603	C	T	0.37
28606	C	T	0.01
28609	C	T	0.03
28618	T	A	0.01
28628	G	T	0.02
28629	C	T	0.04
28631	G	A	0.01
28638	C	T	0.03
28646	G	A	0.01
28648	T	C	0.05
28651	C	T	0.03
28655	G	T	0.03
28657	C	T	0.95
28674	C	T	0.03
28675	A	G	0.01
28675	A	T	0.01
28677	C	T	0.02
28678	T	C	0.01
28680	A	G	0.01
28688	T	C	0.56
28690	G	T	0.06
28692	A	C	0.02
28693	T	C	0.01
28695	C	T	0.01
28697	C	T	0.04
28703	G	C	0.03
28703	G	T	0.16
28706	C	T	0.01
28708	C	T	0.09
28709	A	T	0.02
28714	C	T	0.01
28715	A	T	0.01
28717	C	T	0.05
28719	G	T	0.01
28720	C	T	0.02
28723	T	C	0.01
28724	C	T	0.01
28725	C	T	0.04
28727	G	T	0.04
28732	C	T	0.01
28733	A	T	0.01
28738	T	A	0.01
28739	G	T	0.05
28741	A	T	0.01
28742	A	G	0.01
28744	C	T	0.02
28757	C	T	0.01
28759	T	C	0.07
28760	C	A	0.01
28761	A	G	0.01
28763	G	A	0.02
28768	AAC	...	0.01
28770	C	T	0.01
28775	C	T	0.03
28779	A	G	0.04
28790	G	A	0.01
28791	C	T	0.01
28792	A	T	0.02
28798	G	A	0.01
28807	C	T	0.01
28808	G	T	0.02
28810	C	T	0.03
28811	A	G	0.01
28812	G	T	0.27
28817	G	T	0.02
28817	G	A	0.01
28819	C	A	0.02
28821	C	A	0.77
28824	C	T	0.01
28826	C	T	0.15
28827	G	T	0.04
28828	T	C	0.01
28830	C	T	0.03
28833	C	T	0.04
28835	T	C	0.04
28836	C	T	0.15
28841	A	G	0.07
28842	G	T	0.11
28845	G	T	0.04
28846	C	T	0.15
28848	A	G	0.01
28849	C	T	0.14
28851	G	C	0.10
28851	G	T	0.07
28851	G	A	0.03
28854	C	T	3.34
28855	A	G	0.02
28856	AGAAATTCA	.........	0.02
28857	G	C	0.01
28857	G	T	0.05
28857	G	A	0.01
28858	A	G	0.06
28860	A	G	0.01
28861	T	C	0.08
28863	C	T	0.93
28866	C	T	0.02
28868	C	T	0.04
28869	C	T	0.04
28871	G	A	0.02
28873	C	T	0.02
28874	A	G	0.01
28875	G	A	0.01
28877	A	G	0.01
28878	G	T	0.04
28878	G	A	0.47
28881	GGG	AAC	10.88
28881	G	T	0.07
28881	G	A	0.05
28882	G	T	0.04
28883	G	C	0.01
28885	A	G	0.03
28887	C	T	0.35
28890	C	T	0.02
28895	G	T	0.02
28896	C	G	0.81
28899	G	C	0.02
28899	G	T	0.34
28899	G	A	0.01
28903	G	T	0.01
28904	G	T	0.02
28905	C	T	0.01
28907	G	T	0.01
28908	G	T	0.02
28910	A	T	0.02
28913	G	T	0.01
28915	C	T	0.05
28916	G	C	0.01
28916	G	A	0.01
28921	T	C	0.01
28922	G	T	0.01
28924	T	C	0.10
28926	C	T	0.01
28930	T	C	0.03
28931	G	A	0.01
28937	C	T	0.01
28948	C	T	0.04
28955	A	T	0.01
28957	C	T	0.02
28960	G	T	0.35
28961	C	T	0.01
28963	T	A	0.01
28967	A	G	0.01
28968	GC	CT	0.03
28968	G	T	0.03
28969	C	T	0.01
28969	C	A	0.03
28975	G	C	0.01
28975	G	T	0.30
28976	T	C	0.01
28977	C	T	0.19
28979	G	T	0.01
28980	G	T	0.01
28985	G	T	0.05
28986	G	T	0.01
29000	G	T	0.04
29002	C	T	0.02
29004	A	C	0.01
29008	T	C	0.02
29012	A	G	0.01
29013	C	T	0.02
29019	A	G	0.01
29021	T	C	0.01
29022	C	T	0.01
29024	G	T	0.01
29025	C	T	0.04
29026	T	C	0.01
29026	T	A	0.01
29027	G	T	0.02
29028	C	T	0.02
29029	T	C	0.01
29036	T	G	0.01
29037	C	T	0.02
29045	C	T	0.01
29050	G	T	0.01
29051	C	G	0.01
29065	C	A	0.01
29077	C	T	0.17
29081	G	T	0.02
29085	C	T	0.04
29095	C	T	0.18
29112	A	T	0.02
29118	C	T	0.01
29119	C	T	0.08
29124	G	A	0.01
29128	T	C	0.02
29131	T	C	0.01
29139	A	T	0.01
29140	G	T	0.02
29144	C	T	0.02
29147	A	G	0.01
29148	T	C	0.24
29149	C	T	0.02
29153	C	A	0.01
29154	A	T	0.02
29162	G	T	0.01
29163	A	T	0.01
29167	C	T	0.02
29171	C	T	0.04
29173	T	G	0.01
29176	G	C	0.01
29176	G	T	0.01
29177	C	T	0.01
29179	G	T	0.09
29188	A	T	0.38
29194	T	C	0.02
29195	G	T	0.01
29199	C	T	0.01
29200	C	T	0.04
29205	C	T	0.01
29206	T	C	0.03
29210	G	T	0.01
29211	C	T	0.01
29212	G	T	0.06
29212	G	A	0.01
29218	C	T	0.03
29230	C	T	0.01
29231	A	G	0.02
29236	C	T	0.02
29239	G	A	0.01
29245	C	T	0.01
29247	C	G	0.01
29247	C	T	0.04
29249	C	T	0.01
29250	C	T	0.07
29253	C	T	0.10
29254	G	A	0.02
29254	G	T	0.10
29259	C	T	0.04
29260	G	A	0.02
29260	G	T	0.03
29262	G	T	0.01
29269	C	T	0.03
29272	C	T	0.11
29274	C	T	0.01
29279	G	T	0.01
29282	A	T	0.01
29284	C	T	0.01
29291	G	A	0.02
29292	A	G	0.01
29296	C	T	0.15
29299	A	T	0.01
29300	G	T	0.03
29301	A	T	0.01
29302	T	C	0.01
29303	C	T	0.02
29308	T	C	0.01
29311	C	T	0.03
29315	G	A	0.01
29315	G	T	0.04
29315	G	C	0.02
29317	T	C	0.01
29323	C	T	0.01
29344	T	C	0.03
29347	C	T	0.02
29348	G	T	0.01
29350	A	G	0.02
29353	C	T	0.29
29355	A	T	0.01
29355	A	G	0.01
29358	C	T	0.16
29359	A	T	0.01
29362	C	T	0.02
29364	C	T	0.03
29364	C	G	0.01
29366	C	T	0.03
29367	C	T	0.05
29370	C	T	0.02
29370	C	G	0.02
29374	G	A	0.04
29375	C	T	0.01
29382	A	T	0.01
29383	G	A	0.01
29384	G	T	0.15
29388	A	G	0.01
29392	G	T	0.01
29402	G	T	0.09
29403	A	G	0.04
29408	A	G	0.01
29409	C	T	0.03
29410	T	C	0.13
29413	A	T	0.01
29415	C	T	0.03
29416	C	T	0.01
29418	T	C	0.02
29420	C	T	0.11
29421	C	T	0.07
29422	G	T	0.06
29422	G	A	0.01
29425	G	T	0.01
29426	A	C	0.01
29429	C	A	0.01
29431	G	T	0.03
29436	A	G	0.01
29437	A	G	0.01
29440	GCAAACTGT	.........	0.01
29440	G	A	0.01
29442	A	T	0.01
29445	C	T	0.03
29449	G	T	0.14
29451	C	T	0.17
29452	T	C	0.04
29460	C	A	0.01
29462	G	T	0.02
29463	C	T	0.01
29465	G	T	0.01
29466	C	T	0.04
29470	T	A	0.01
29473	G	A	0.01
29474	G	T	0.02
29477	G	T	0.02
29500	A	G	0.01
29503	C	T	0.01
29507	A	T	0.01
29509	C	T	0.01
29511	G	T	0.02
29515	T	A	0.01
29520	C	T	0.02
29524	T	A	0.01
29527	G	A	0.03
29527	G	T	0.01
29528	G	T	0.01
29530	C	T	0.03
29537	C	A	0.01
29540	G	A	1.61
29540	G	T	0.03
29540	GC	AT	0.01
29541	C	T	0.04
29543	G	C	0.01
29543	G	A	0.01
29543	G	T	0.14
29545	C	T	0.06
29546	C	T	0.02
29546	C	A	0.01
29548	C	A	0.02
29551	A	G	0.02
29553	G	A	3.94
29554	G	T	0.01
29555	C	T	0.02
29557	G	T	0.04
29562	G	A	0.01
29563	C	T	0.01
29567	A	C	0.20
29568	.	T	0.01
29572	C	T	0.01
29573	G	A	0.01
29585	C	T	0.02
29587	G	A	0.01
29596	A	G	0.01
29597	T	C	0.01
29598	A	G	0.02
29613	G	T	0.01
29614	C	T	0.15
29616	G	A	0.02
29616	G	T	0.01
29625	C	T	0.08
29626	T	G	0.01
29627	C	T	0.03
29628	G	T	0.02
29633	T	C	0.01
29635	C	T	0.04
29640	C	T	0.04
29642	C	T	0.01
29645	G	T	0.02
29646	T	C	0.01
29648	G	T	0.04
29659	C	T	0.01
29666	C	T	0.04
29667	T	C	0.01
29668	C	T	0.24
29670	C	T	0.01
29675	C	.	0.55
29677	A	G	0.01
29679	C	T	0.01
29681	T	C	0.02
29683	A	T	0.02
29685	T	C	0.04
29686	C	T	0.04
29686	C	A	0.01
29688	G	T	0.06
29690	G	T	0.09
29692	G	T	0.02
29695	A	G	0.01
29697	AT	GA	0.01
29697	ATT	...	0.01
29700	AG	GA	0.06
29700	A	G	2.41
29701	G	C	0.01
29702	G	A	0.01
29703	.	A	0.01
29705	G	T	0.01
29705	GG	TT	0.01
29706	G	T	0.02
29708	C	T	0.07
29708	C	A	0.01
29710	T	C	0.02
29711	G	T	1.43
29712	A	.	0.01
29712	A	C	0.01
29715	.	A	0.01
29718	C	T	0.01
29719	C	T	0.02
29721	C	A	0.01
29722	C	T	0.03
29724	C	T	0.02
29725	A	G	0.02
29728	T	.	0.01
29728	TTC	...	0.02
29728	TTC	GGG	0.01
29729	TCACCGAGGCCACGCGGAGTACGATCGAGTGTA	.................................	0.01
29729	TCACCGAGGCCACGCGGAG	...................	0.01
29730	C	T	0.01
29730	CACCGAGGCCACGCGGAGTACGATCGAGTGTACAGTG	.....................................	0.02
29731	A	T	0.03
29732	C	G	0.01
29732	C	T	0.02
29732	CC	GA	0.01
29733	C	T	0.11
29733	CGAGGC	......	0.01
29734	GAGGCCACGCGGAGTACGATCGAGT	.........................	0.01
29734	G	T	0.04
29734	G	C	0.36
29735	AGGCCACGCGGAGT	..............	0.01
29735	A	G	0.01
29735	AG	CT	0.01
29736	G	T	0.08
29736	GGCCACGCGGAGTACGATCGAGTG	........................	0.01
29737	G	C	0.01
29738	C	T	0.04
29738	CCACGCGGAGTACGATCGAGTGTA	........................	0.01
29738	CCACGCGGAGTACGATCGAGTGT	.......................	0.02
29739	C	A	0.01
29739	C	T	0.04
29740	A	T	0.01
29740	A	G	0.01
29741	C	T	0.01
29742	G	T	0.59
29742	G	A	0.43
29743	C	T	0.06
29743	.	A	0.01
29744	G	T	0.01
29744	GGAGTACGATCGAGT	...............	0.03
29744	G	A	0.06
29745	G	T	0.03
29745	GAGTACGATCGAGT	..............	0.04
29745	G	A	0.01
29747	G	T	0.03
29747	G	A	0.02
29747	GTACGATC	........	0.01
29748	T	G	0.01
29748	T	C	0.01
29749	ACGATCG	.......	0.01
29750	C	T	0.04
29750	CGATCGAGTG	..........	0.01
29751	G	C	0.03
29751	G	T	0.04
29753	T	G	0.01
29754	C	T	0.03
29755	G	T	0.04
29757	G	T	0.01
29758	T	C	0.01
29759	GTACAGT	.......	0.01
29760	T	A	0.02
29760	TA	..	0.01
29761	AC	..	0.04
29762	C	T	0.02
29762	CAGTG	.....	0.03
29764	G	T	0.02
29764	G	A	0.01
29764	GTG	...	0.01
29766	GAACAATGCTA	...........	0.01
29768	A	C	0.01
29769	C	T	0.20
29771	A	C	0.01
29773	G	T	0.03
29774	C	T	0.11
29775	.	A	0.01
29776	A	T	0.02
29777	G	T	0.01
29778	G	C	0.01
29779	G	T	0.05
29780	AG	CC	0.01
29781	G	T	0.02
29781	G	C	0.02
29782	A	G	0.01
29783	G	T	0.01
29784	C	T	2.31
29792	A	G	0.01
29793	T	C	0.01
29794	G	C	0.01
29797	A	G	0.01
29803	C	T	0.01
29804	T	C	0.01
29806	A	T	0.05
29806	A	G	0.01
29808	G	T	0.01
29810	G	T	0.04
29810	G	A	0.01
29811	T	C	0.02
29813	A	G	0.02
29817	T	G	0.02
29820	T	C	0.01
29821	T	A	0.01
29821	T	C	0.01
29822	.	T	0.02
29822	T	C	0.01
29824	A	G	0.01
29824	A	C	0.01
29828	G	T	0.01
29831	C	T	0.01
29832	T	C	0.01
29835	C	T	0.01
29836	C	T	0.03
29837	C	T	0.06
29838	C	T	0.02
29844	A	G	0.01
29844	AT	GG	0.01
29845	TTT	...	0.01
29845	TT	GA	0.01
29847	TT	GG	0.01
29847	T	G	0.01
29853	.	V	0.01
29855	T	G	0.01
29857	C	T	0.01
29858	T	C	0.01
29859	T	A	0.02
29860	A	C	0.01
29861	GG	AA	0.09
29861	G	A	0.03
29862	G	C	0.01
29862	G	A	0.14
29864	GAA	TCT	0.01
29864	G	.	0.01
29864	G	A	0.33
29865	A	G	0.04
29865	A	C	0.01
29865	A	.	0.02
29865	AA	..	0.01
29866	A	C	0.01
29866	A	G	0.05
29866	A	T	0.01
29867	T	C	0.01
29867	TG	..	0.01
29867	T	A	0.08
29867	TG	AA	0.60
29867	TG	.A	0.03
29867	T	M	0.06
29867	TG	CA	0.01
29867	T	G	0.02
29868	G	T	0.01
29868	GA	..	0.02
29868	G	.	0.04
29868	GA	CT	0.05
29868	G	C	0.08
29868	G	A	0.23
29868	GAC	...	0.01
29869	A	C	0.01
29869	A	T	0.14
29869	A	G	0.02
29869	AC	..	0.01
29869	.	C	0.01
29869	A	.	0.01
29870	C	.	0.02
29870	C	G	0.04
29870	C	A	2.44
29870	CA	TG	0.01
29870	C	T	0.01
29871	A	G	0.02
29871	.	A	0.01
29872	AAA	TTT	0.01
29872	AA	GT	0.01
29874	A	C	0.01
29874	A	T	0.01
29875	A	C	0.01
29879	AAA	TTT	0.01
29880	A	C	0.01
29880	.	C	0.01
29882	AAAA	CGCT	0.01
29884	A	C	0.01
29884	A	G	0.02
29886	.	C	0.01
29888	A	G	0.01
29889	A	T	0.01
29890	A	G	0.02
29896	A	G	0.01
29897	A	C	0.01
29898	A	G	0.03
