8	G	A	0.02
10	T	G	0.02
10	T	A	0.05
11	TA	GT	0.04
12	A	T	0.05
13	T	A	0.05
13	T	C	0.02
17	T	C	0.02
18	TC	GG	0.04
18	TCCC	GGGA	0.02
18	T	G	0.04
19	C	T	0.09
21	C	T	0.02
23	G	A	0.02
26	A	.	0.02
28	C	T	0.05
30	AACC	CTTT	0.02
31	A	T	0.30
34	AAC	TTT	0.44
34	A	T	0.02
34	AACC	TTTA	0.25
34	AA	TT	0.02
34	AACC	CTTT	0.02
35	A	T	0.16
35	ACC	TTT	0.02
35	ACC	TTA	0.02
35	AC	TT	0.32
36	C	T	1.38
37	C	A	0.02
40	C	T	0.02
46	A	G	0.02
48	C	T	0.02
54	.	C	0.02
55	A	C	0.04
64	C	T	0.04
66	C	T	0.11
74	A	C	0.02
75	C	A	0.02
76	TT	AC	0.02
77	T	A	0.02
79	A	G	0.02
82	.	C	0.02
84	C	A	0.02
84	CT	TC	0.02
84	C	G	0.02
85	T	.	0.02
90	GG	.C	0.04
91	G	C	0.02
94	.	A	0.04
96	C	G	0.04
97	A	G	0.07
98	C	.	0.04
100	C	T	0.02
101	G	A	0.07
104	T	A	0.02
105	G	T	0.32
106	C	T	0.09
111	TT	CG	0.02
114	G	A	0.02
116	G	C	0.02
119	CT	GC	0.02
120	T	C	0.02
124	G	A	0.02
127	G	T	0.04
137	T	C	0.02
140	C	T	0.07
147	C	T	0.02
149	G	T	0.02
150	T	C	0.09
153	T	G	0.11
160	G	A	0.07
163	AC	CG	0.02
167	GT	CA	0.02
167	G	A	0.02
168	T	C	0.02
174	G	T	0.02
183	C	T	0.02
185	G	T	0.02
186	C	A	0.02
186	C	T	0.05
187	A	G	0.18
197	CGG	...	0.02
199	G	T	0.02
202	T	G	0.02
203	C	T	0.04
204	GT	AG	0.02
204	G	T	0.12
206	C	T	0.02
208	.	T	0.02
210	G	A	0.02
210	G	T	0.02
212	T	A	0.02
219	G	T	0.04
221	T	C	0.02
222	C	T	0.02
222	C	.	0.02
225	C	T	0.02
228	C	T	0.07
229	A	C	0.02
232	TC	GA	0.02
232	TCT	CAC	0.02
233	C	T	0.02
235	AGG	...	0.02
241	C	T	61.59
247	G	T	0.02
253	A	G	0.02
254	C	T	0.04
257	A	T	0.02
261	G	T	0.02
263	A	G	0.04
270	A	G	0.02
271	G	A	0.02
274	C	A	0.02
285	G	C	0.02
285	G	A	0.02
287	T	G	0.02
300	C	T	0.02
305	G	A	0.02
313	C	T	0.74
319	G	A	0.02
327	T	C	0.02
330	A	C	0.02
332	G	T	0.02
334	T	C	0.07
335	C	T	0.02
337	C	T	0.02
346	C	T	0.02
349	A	C	0.02
354	G	A	0.05
361	A	G	0.07
368	G	A	0.02
373	G	A	0.02
374	G	A	0.12
379	C	A	1.82
383	T	C	0.02
388	G	T	0.02
400	T	C	0.02
401	C	T	0.02
410	G	T	0.02
425	GTA	...	0.05
425	G	A	0.02
431	G	A	0.04
460	A	G	0.02
490	T	A	3.45
491	G	A	0.02
509	GGTCAT	......	0.04
509	GGTCATGTTATGGTT	...............	0.04
510	GTCATGTTA	.........	0.07
514	T	C	0.04
515	GTTATGGTT	.........	0.04
517	TATGGT	......	0.34
518	ATG	...	0.04
519	TGGTTG	......	0.02
521	G	T	0.02
526	G	T	0.02
527	C	T	0.02
532	A	G	0.02
541	C	T	0.07
545	G	T	0.04
558	G	T	0.02
564	G	T	0.02
565	T	C	0.02
570	A	G	0.02
577	T	A	0.02
578	G	A	0.02
586	T	A	0.02
598	G	T	0.07
599	G	A	0.02
601	C	T	0.05
602	G	A	0.02
606	T	C	0.02
613	G	A	0.07
614	G	A	0.04
618	A	G	0.02
619	C	T	0.14
625	G	T	0.02
629	C	T	0.04
652	A	T	0.07
652	A	G	0.02
654	G	A	0.02
658	T	C	0.05
669	G	A	0.02
669	GTT	...	0.04
673	C	T	0.02
676	C	T	0.02
679	C	T	0.02
683	C	T	0.02
684	TAAAGTCAT	.........	0.02
686	AAGTCATTT	.........	0.53
703	C	T	0.02
713	G	T	0.02
714	G	C	0.02
718	T	A	0.02
720	A	C	0.02
721	T	C	0.02
751	C	T	0.04
761	A	G	0.04
775	C	T	0.02
778	T	C	0.02
787	G	T	0.02
799	C	T	0.04
809	T	A	0.02
815	C	T	0.04
816	G	A	0.02
817	C	T	0.02
823	C	T	0.02
826	T	C	0.02
829	C	T	0.05
832	C	T	0.04
833	T	C	2.32
835	C	T	0.02
838	T	C	0.02
843	C	T	0.02
875	C	T	0.02
884	C	T	0.16
895	A	G	0.16
897	C	T	0.02
900	C	T	0.04
913	C	T	0.02
918	A	T	0.02
920	C	T	0.07
922	G	A	0.32
932	G	A	0.02
936	C	T	0.02
940	G	A	0.02
942	G	A	0.02
956	T	A	0.02
957	G	A	0.09
958	C	T	0.02
959	C	A	0.02
960	G	A	0.07
963	A	G	0.05
988	C	T	0.04
994	A	G	0.09
1001	G	A	0.02
1015	A	G	0.04
1043	G	A	0.02
1059	C	T	41.31
1076	C	T	0.18
1077	C	A	0.02
1079	A	C	0.14
1087	A	G	0.02
1098	A	G	0.04
1102	C	T	0.07
1116	T	C	0.02
1123	A	G	0.02
1124	A	C	0.02
1145	G	A	0.02
1148	G	T	0.02
1148	G	A	0.02
1150	C	T	0.04
1163	A	T	0.02
1178	C	T	0.02
1179	C	T	0.02
1191	C	T	0.11
1191	C	A	0.02
1211	T	G	0.04
1218	C	T	0.02
1221	C	T	0.02
1222	T	C	0.02
1231	G	T	0.02
1238	C	T	0.18
1262	A	G	0.02
1263	C	T	0.02
1267	C	T	0.04
1274	G	T	0.04
1288	C	T	0.02
1314	C	T	0.02
1319	G	A	0.02
1326	C	T	0.04
1329	C	T	0.02
1333	TT	AA	0.02
1347	C	T	0.02
1348	C	T	0.04
1368	T	C	0.04
1372	T	C	0.02
1380	C	T	0.09
1385	C	T	0.02
1387	C	T	0.09
1397	G	A	0.80
1399	A	G	0.02
1401	G	A	0.18
1403	C	T	0.02
1404	C	T	0.02
1419	C	T	0.04
1420	C	T	0.02
1426	C	T	0.04
1427	C	T	0.07
1430	A	G	0.02
1431	ATG	...	0.02
1440	G	A	0.44
1441	C	T	0.04
1450	C	T	0.02
1457	C	T	0.07
1463	G	A	0.02
1467	G	A	0.02
1469	C	T	0.04
1471	C	T	0.02
1473	C	T	0.04
1514	C	T	0.02
1515	A	G	0.23
1545	C	T	0.04
1547	A	G	0.07
1548	G	A	0.02
1549	C	T	0.02
1570	T	C	0.02
1580	G	T	0.02
1589	G	A	0.02
1590	G	A	0.02
1592	T	C	0.02
1593	C	T	0.02
1594	C	T	0.04
1595	G	A	0.05
1598	G	A	0.04
1603	TAATGACAACCTTCT	...............	0.02
1605	ATG	...	0.16
1616	C	T	0.02
1623	T	C	0.02
1625	C	T	0.11
1632	A	T	0.02
1646	A	G	0.04
1652	A	G	0.02
1663	C	T	0.07
1666	T	C	0.02
1667	A	G	0.02
1681	G	A	0.02
1684	C	T	0.07
1685	G	A	0.02
1691	A	G	0.02
1697	G	A	0.02
1719	G	A	0.02
1722	C	T	0.04
1734	C	T	0.04
1736	G	A	0.02
1757	G	A	0.02
1762	C	T	0.02
1815	A	G	0.02
1817	A	G	0.02
1819	A	G	0.02
1820	G	A	0.12
1835	G	A	0.04
1853	C	T	0.02
1855	G	T	0.02
1873	T	G	0.02
1878	C	T	0.02
1884	C	T	0.02
1887	C	T	0.60
1890	G	T	0.02
1895	G	T	0.02
1912	C	T	0.12
1913	C	T	0.02
1917	C	T	0.53
1918	T	C	0.23
1926	C	T	0.02
1928	G	A	0.02
1929	C	T	0.12
1946	G	T	0.02
1947	T	G	0.02
1973	C	T	0.02
1997	C	T	0.04
2003	C	T	0.09
2018	A	G	0.49
2037	C	T	0.02
2041	T	C	0.02
2048	C	T	0.02
2061	C	T	0.09
2062	C	T	0.04
2091	C	T	0.04
2094	C	T	0.02
2106	C	T	0.02
2110	C	T	0.05
2113	C	T	0.05
2116	T	A	0.16
2143	C	T	0.02
2144	G	T	0.02
2146	C	T	0.02
2149	T	C	0.04
2153	T	A	0.02
2156	C	T	0.05
2160	A	G	0.02
2165	A	G	0.09
2167	G	T	0.02
2198	G	A	0.07
2203	G	T	0.02
2229	G	A	0.02
2232	C	T	0.02
2244	T	C	0.95
2263	C	A	0.02
2266	T	C	0.07
2269	A	T	0.02
2277	T	C	0.02
2288	G	A	0.04
2305	G	T	0.04
2318	T	C	0.02
2329	G	A	0.02
2340	C	T	0.02
2380	A	G	0.04
2388	C	T	0.02
2397	C	T	0.02
2416	C	T	4.07
2422	G	A	0.04
2430	A	C	0.02
2434	C	T	0.04
2439	A	G	0.02
2442	A	C	0.02
2446	T	C	0.04
2447	G	T	0.02
2448	G	A	0.02
2450	C	T	0.02
2453	C	T	0.02
2469	C	T	0.02
2480	A	G	0.99
2485	C	T	0.02
2497	A	G	0.02
2501	A	G	0.02
2507	C	T	0.05
2508	C	T	0.05
2523	C	T	0.12
2527	G	A	0.02
2528	G	A	0.04
2534	G	A	0.02
2536	C	T	0.14
2547	GT	AG	0.02
2551	T	C	0.02
2558	C	T	1.11
2561	T	C	0.02
2590	A	G	0.02
2591	G	A	0.02
2592	C	T	0.02
2592	C	A	0.02
2600	G	A	0.04
2632	G	T	0.04
2644	C	T	0.02
2651	A	G	0.02
2676	C	T	0.09
2687	G	A	0.02
2695	C	T	0.02
2701	C	A	0.02
2706	C	T	0.02
2710	C	T	0.02
2716	C	T	0.02
2717	G	A	0.02
2723	C	T	0.02
2737	T	A	0.02
2745	A	C	0.02
2764	G	T	0.04
2782	G	T	0.02
2800	T	C	0.02
2808	G	A	0.07
2809	G	T	0.02
2840	G	A	0.19
2862	C	T	0.02
2863	A	G	0.02
2875	G	A	0.02
2884	T	C	0.02
2891	G	A	0.44
2902	C	T	0.02
2914	G	A	0.04
2939	C	T	0.07
2940	C	T	0.02
2942	C	T	0.21
2945	G	A	0.02
2948	A	G	0.02
2951	G	T	0.02
2952	A	G	0.02
2956	AG	TT	0.02
2969	A	G	0.04
2971	G	T	0.02
2980	C	T	0.04
2992	T	C	0.02
3003	A	T	0.02
3004	G	T	0.02
3011	T	C	0.09
3014	G	A	0.02
3037	C	T	64.65
3040	C	T	0.02
3041	C	T	0.02
3042	C	T	0.02
3044	C	T	0.02
3046	A	G	0.11
3068	G	A	0.02
3081	A	C	0.02
3091	G	A	0.02
3094	A	G	0.02
3096	C	T	0.25
3099	C	T	0.05
3113	G	C	0.02
3117	C	T	0.02
3122	G	T	0.02
3130	C	T	0.02
3140	C	T	0.04
3141	C	A	0.02
3142	T	C	0.02
3144	T	C	0.02
3145	G	T	0.02
3157	C	T	0.04
3160	T	C	0.02
3165	C	G	0.02
3168	C	T	0.02
3172	T	C	0.02
3176	C	T	0.02
3177	C	A	0.04
3177	C	T	3.54
3178	T	G	0.02
3219	A	G	0.02
3229	T	C	0.02
3231	G	T	0.05
3239	G	T	0.02
3241	C	T	0.02
3242	G	A	0.02
3246	G	T	0.02
3248	G	A	0.02
3253	C	T	0.11
3259	G	T	0.04
3259	G	A	0.04
3283	T	A	0.02
3293	C	T	0.02
3294	C	T	0.02
3299	T	C	0.02
3304	G	T	0.02
3307	G	A	0.02
3311	C	T	0.02
3311	C	A	0.02
3312	T	C	0.02
3317	C	T	0.04
3330	C	T	0.02
3333	TTG	...	0.02
3365	C	T	0.05
3369	C	T	0.02
3371	G	A	0.02
3373	C	A	0.34
3380	T	C	0.02
3406	A	C	0.02
3409	A	G	0.04
3410	G	A	0.02
3411	C	T	0.04
3419	G	A	0.02
3421	A	G	0.02
3428	A	C	0.02
3429	C	T	0.02
3455	T	C	0.02
3463	A	G	0.02
3464	C	A	0.02
3476	G	A	0.05
3478	T	A	0.04
3483	G	T	0.02
3484	A	G	0.02
3492	A	C	0.04
3499	T	C	0.02
3518	G	T	0.04
3526	T	C	0.02
3532	T	G	0.02
3536	A	G	0.02
3553	A	G	0.02
3559	A	G	0.02
3564	G	T	0.28
3569	A	G	0.02
3587	C	T	0.02
3589	C	T	0.09
3593	C	T	0.07
3602	C	T	0.02
3625	A	C	0.04
3628	T	C	0.04
3632	A	G	0.02
3634	C	T	0.04
3635	A	G	0.04
3638	G	T	0.02
3692	G	T	0.02
3698	C	A	0.02
3736	C	T	0.04
3737	C	T	0.02
3738	C	T	0.04
3759	G	T	0.02
3766	T	C	0.02
3768	C	T	0.04
3778	A	G	0.02
3784	C	T	0.05
3790	A	G	0.02
3796	C	T	0.02
3815	G	A	0.02
3817	C	T	0.04
3828	C	T	0.02
3832	C	T	0.04
3852	A	C	0.02
3871	G	T	0.23
3876	C	T	0.02
3877	TGAGATTCCTAAAGAGGAAGT	.....................	0.04
3885	C	T	0.02
3889	A	G	0.02
3892	G	T	0.02
3923	C	T	0.02
3938	A	C	0.02
3947	G	T	0.02
3955	G	T	0.14
3965	G	A	0.02
3992	C	T	0.04
4002	C	T	0.11
4015	A	G	0.02
4034	A	G	0.02
4084	C	T	0.05
4091	A	G	0.02
4096	T	C	0.02
4113	C	T	0.12
4115	C	T	0.02
4120	T	C	0.02
4148	G	T	0.04
4155	C	A	0.02
4158	C	T	0.02
4198	A	T	0.02
4201	G	T	0.02
4202	C	T	0.05
4226	C	T	0.04
4231	A	G	0.05
4234	C	T	0.02
4236	A	G	0.18
4246	C	T	0.04
4252	C	T	0.02
4255	G	T	0.12
4282	A	G	0.02
4285	G	T	0.02
4288	G	T	0.02
4293	A	G	0.02
4297	A	G	0.02
4300	G	T	0.02
4307	A	C	0.02
4331	C	T	0.04
4340	A	G	0.02
4345	C	T	0.02
4357	G	T	0.02
4386	A	G	0.09
4390	G	T	0.19
4400	C	T	0.02
4402	T	C	0.16
4404	C	T	0.02
4421	C	T	0.02
4423	C	T	0.02
4454	G	T	0.02
4455	C	T	0.04
4456	C	T	0.04
4475	C	T	0.02
4494	A	G	0.04
4504	G	A	0.04
4504	G	T	0.02
4510	G	T	0.05
4523	G	A	0.34
4528	A	G	0.02
4540	C	T	0.44
4543	C	T	0.07
4544	A	T	0.04
4550	A	G	0.02
4551	C	T	0.02
4560	C	T	0.02
4575	C	T	0.02
4579	T	A	0.02
4582	C	T	0.07
4589	A	C	0.02
4590	A	G	0.02
4595	A	G	0.02
4597	T	C	0.02
4631	G	A	0.04
4633	C	T	0.04
4642	G	A	0.02
4655	C	T	0.04
4657	G	A	0.09
4668	C	T	0.02
4678	G	A	0.02
4683	C	T	0.14
4720	G	T	0.04
4720	G	A	0.02
4755	C	T	0.05
4776	C	T	0.12
4779	T	C	0.02
4780	C	T	0.02
4784	C	T	0.02
4790	G	A	0.02
4795	C	T	0.02
4809	C	T	0.02
4810	C	T	0.02
4880	AGT	...	0.09
4885	T	C	0.02
4886	C	T	0.05
4890	C	T	0.02
4892	A	G	0.02
4900	C	T	0.02
4904	G	T	0.07
4905	A	G	0.02
4911	A	T	0.02
4912	A	C	0.14
4940	C	T	0.02
4946	T	C	0.02
4949	T	C	0.02
4951	G	A	0.02
4965	C	T	0.04
4975	G	T	0.07
4987	A	G	0.02
4990	C	T	0.02
4999	C	T	0.05
5000	C	T	0.02
5005	C	T	0.02
5007	C	T	0.04
5008	G	T	0.02
5010	A	T	0.02
5011	A	C	0.37
5019	A	G	0.02
5052	C	T	0.02
5062	G	T	0.16
5069	G	T	0.02
5084	A	G	0.04
5093	C	T	0.02
5098	T	C	0.02
5124	T	G	0.02
5140	C	T	0.02
5142	C	T	0.04
5144	C	T	0.04
5148	G	T	0.02
5165	T	C	0.02
5170	C	T	0.12
5173	C	T	0.02
5183	C	T	0.12
5184	C	T	0.02
5194	G	T	0.04
5206	G	T	0.07
5211	C	T	0.02
5218	T	C	0.02
5230	G	T	0.02
5239	C	T	0.02
5273	G	A	0.02
5277	A	G	0.02
5281	C	T	0.02
5284	C	T	0.04
5301	C	T	0.02
5310	C	T	0.04
5317	A	G	0.09
5338	T	C	0.09
5339	C	T	0.04
5348	C	T	0.04
5356	T	C	0.04
5421	A	G	0.02
5461	G	T	0.02
5467	C	T	0.19
5468	T	C	0.02
5542	G	C	0.02
5544	C	T	0.02
5557	T	C	0.02
5572	G	T	0.18
5612	G	A	0.02
5622	C	T	0.02
5654	C	T	0.02
5665	G	A	0.02
5681	A	G	0.02
5698	T	C	0.02
5700	C	T	0.02
5707	T	C	0.02
5714	A	G	0.02
5716	G	T	0.02
5725	A	G	0.04
5730	C	T	0.05
5742	A	T	0.04
5784	C	T	0.32
5796	C	T	0.05
5797	T	C	0.02
5806	C	T	0.02
5816	G	A	0.02
5822	C	T	0.02
5826	C	T	0.04
5838	A	G	0.02
5845	A	T	0.02
5849	C	T	0.02
5860	T	C	0.04
5861	G	A	0.02
5869	C	T	0.11
5884	C	T	0.11
5907	C	T	0.02
5917	G	A	0.02
5934	C	T	0.02
5941	T	G	0.02
5956	C	T	0.04
5986	C	T	0.04
5995	A	G	0.02
6016	C	A	0.02
6026	C	T	0.14
6027	C	T	0.14
6027	C	A	0.02
6030	A	G	0.02
6031	C	T	0.04
6032	G	A	0.02
6035	A	G	0.05
6036	G	A	0.02
6040	C	T	1.31
6042	A	G	0.02
6051	A	C	0.04
6069	T	C	0.04
6070	C	T	0.02
6079	T	C	0.02
6091	C	T	0.02
6119	T	C	0.02
6120	C	T	0.02
6170	G	C	0.02
6178	T	C	0.02
6190	C	T	0.02
6195	C	T	0.02
6196	C	T	0.02
6198	C	T	0.02
6220	G	A	0.02
6228	A	G	0.04
6255	C	T	0.05
6258	C	T	0.02
6268	C	A	0.02
6273	A	G	0.02
6277	A	G	0.02
6285	C	T	0.07
6286	C	T	0.02
6294	T	C	0.04
6310	C	T	0.30
6310	C	A	0.07
6312	C	T	0.02
6312	C	A	0.60
6312	C	G	0.04
6317	C	T	0.04
6324	A	G	0.02
6337	G	T	0.02
6341	G	A	0.02
6342	A	C	0.02
6345	T	C	0.02
6354	C	T	0.04
6361	C	T	0.02
6362	G	A	0.07
6391	A	G	0.02
6394	T	C	0.05
6395	C	T	0.04
6398	A	C	0.04
6401	C	T	0.02
6402	C	T	0.09
6404	G	T	0.02
6407	T	C	0.11
6419	G	A	0.02
6424	A	C	0.02
6443	G	A	0.02
6445	C	T	0.02
6446	G	A	0.18
6449	C	T	0.02
6454	G	A	0.02
6463	G	T	0.02
6501	C	T	0.05
6504	C	T	0.11
6505	A	G	0.02
6513	G	T	0.04
6525	C	T	0.04
6530	G	A	0.02
6539	C	T	0.02
6541	C	T	0.04
6543	C	T	0.02
6548	C	T	0.02
6551	A	G	0.04
6555	C	T	0.02
6558	C	T	0.02
6573	C	T	0.05
6576	G	T	0.02
6578	C	T	0.02
6582	C	T	0.02
6584	A	G	0.02
6589	G	T	0.02
6606	C	T	0.02
6628	C	T	0.02
6629	C	T	0.09
6633	C	T	0.02
6636	C	T	0.05
6638	C	T	0.07
6639	A	G	0.02
6640	T	C	0.02
6646	A	G	0.04
6651	C	T	0.02
6653	G	A	0.02
6670	G	T	0.02
6674	A	G	0.02
6684	A	G	0.02
6691	T	C	0.04
6693	A	G	0.53
6695	C	T	0.02
6696	C	T	0.02
6701	C	T	0.02
6720	C	T	0.04
6723	C	T	0.09
6746	T	C	0.02
6762	C	T	0.02
6779	T	A	0.02
6786	C	T	0.02
6813	C	T	0.02
6814	T	C	0.07
6818	A	G	0.05
6819	G	T	0.05
6821	A	G	0.02
6843	C	T	0.04
6852	C	T	0.02
6865	G	T	0.02
6867	A	G	0.02
6877	G	T	0.02
6884	G	T	0.05
6894	G	T	0.02
6896	C	T	0.02
6905	T	G	0.14
6926	C	T	0.02
6936	C	T	0.11
6944	A	G	0.04
6950	A	G	0.02
6961	G	T	0.02
6963	TT	AC	0.02
6968	C	A	0.02
6971	T	C	0.05
6975	G	T	0.07
6977	G	A	0.05
6982	C	T	0.02
6990	C	T	0.04
6996	T	C	0.05
7006	C	T	0.05
7011	C	T	0.14
7016	G	A	0.02
7039	C	T	0.02
7042	G	T	0.04
7067	G	A	0.04
7079	A	G	0.02
7083	C	T	0.02
7084	T	C	0.02
7093	C	T	0.02
7113	C	T	0.04
7119	C	T	0.04
7128	G	A	0.02
7162	C	T	0.02
7164	C	T	0.07
7165	C	T	0.02
7168	T	C	0.02
7169	C	T	0.02
7198	T	C	0.02
7225	T	C	0.12
7240	A	G	0.02
7267	C	T	0.05
7270	T	C	0.02
7279	C	T	0.02
7291	A	G	0.02
7296	C	T	0.02
7318	C	A	0.02
7321	C	T	0.02
7334	C	T	0.05
7380	T	C	0.02
7386	T	C	0.02
7393	G	T	0.02
7427	G	T	0.02
7438	T	C	0.28
7452	G	T	0.05
7479	A	G	0.18
7487	A	G	0.02
7513	T	C	0.02
7518	C	T	0.02
7521	C	T	0.02
7528	C	T	0.05
7540	T	C	0.02
7546	T	C	0.02
7553	G	A	0.05
7557	G	A	0.02
7560	G	A	0.37
7561	G	A	0.02
7564	C	T	0.02
7576	T	C	0.02
7582	T	C	0.02
7594	C	T	0.02
7609	C	T	0.02
7641	G	A	0.02
7675	G	T	0.02
7684	G	A	0.02
7716	C	T	0.02
7728	C	A	0.02
7728	C	T	0.02
7732	C	T	0.02
7736	G	A	0.02
7757	A	G	0.02
7764	C	T	0.04
7765	C	A	0.02
7765	C	T	0.09
7768	C	T	0.02
7770	A	G	0.02
7798	G	T	0.05
7815	C	T	0.02
7834	C	T	0.02
7843	C	T	0.05
7858	C	T	0.02
7866	G	T	0.02
7901	A	G	0.02
7936	G	T	0.05
7945	C	T	0.11
7966	A	G	0.02
8001	A	C	0.02
8004	T	C	0.02
8011	T	C	0.02
8016	C	T	0.04
8025	C	T	0.04
8031	A	G	0.07
8043	C	T	0.02
8053	T	C	0.02
8072	A	G	0.12
8073	A	G	0.02
8078	C	T	0.09
8090	C	T	0.04
8092	C	T	0.12
8102	G	T	0.11
8115	A	G	0.02
8116	A	G	0.02
8123	C	T	0.02
8131	G	T	0.07
8139	C	T	0.02
8145	A	G	0.02
8160	C	T	0.02
8170	A	G	0.02
8201	G	A	0.02
8208	C	T	0.02
8212	A	G	0.04
8222	G	A	0.02
8228	C	T	0.02
8248	T	A	0.02
8252	A	G	0.11
8266	C	T	0.05
8278	T	C	0.02
8281	C	T	0.02
8290	C	T	0.02
8296	T	C	0.04
8299	C	T	0.02
8316	C	T	0.02
8318	C	A	0.04
8336	T	C	0.02
8357	C	T	0.04
8371	G	T	0.14
8388	A	G	0.02
8389	C	T	0.32
8422	G	A	0.02
8439	T	C	0.02
8523	T	C	0.02
8561	G	A	0.02
8575	G	A	0.02
8599	T	C	0.02
8600	G	T	0.02
8602	G	A	0.18
8616	C	T	0.02
8626	C	T	0.02
8633	A	G	0.02
8637	C	A	0.02
8653	G	T	0.12
8655	C	T	0.04
8658	A	G	0.04
8660	C	T	0.02
8664	C	T	0.02
8665	T	G	0.02
8676	G	T	0.12
8681	A	G	0.04
8683	C	T	0.02
8697	C	T	0.04
8707	T	C	0.02
8719	T	C	0.02
8722	C	T	0.02
8728	A	G	0.02
8730	C	T	0.02
8734	A	G	0.02
8768	G	A	0.02
8770	C	T	0.02
8772	C	T	0.02
8781	G	A	0.02
8782	C	T	23.63
8790	G	T	0.11
8792	G	T	0.02
8796	G	T	0.02
8802	C	T	0.02
8818	C	T	0.04
8821	A	G	0.02
8828	G	A	0.04
8855	T	C	0.02
8876	G	A	0.02
8882	A	G	0.04
8883	T	C	0.07
8885	TT	AA	0.05
8886	T	C	0.09
8890	C	T	0.02
8891	A	G	0.02
8892	C	T	0.11
8917	C	T	0.11
8937	C	T	0.02
8945	A	G	0.02
8950	C	T	0.21
8956	C	T	0.05
8977	G	A	0.02
8987	T	A	0.02
8996	T	G	0.02
9019	A	G	0.02
9034	A	G	0.02
9037	T	C	0.04
9039	C	T	0.02
9046	T	C	0.02
9048	A	G	0.02
9049	G	T	0.02
9053	G	C	0.02
9058	A	G	0.02
9070	T	C	0.02
9092	G	A	0.02
9102	A	G	0.02
9104	A	G	0.02
9105	G	A	0.02
9113	C	T	0.07
9116	G	A	0.05
9127	T	C	0.02
9136	G	A	0.02
9142	C	T	0.02
9157	T	C	0.02
9159	C	T	0.02
9166	C	T	0.02
9169	C	T	0.02
9170	C	T	0.05
9172	T	C	0.12
9179	T	C	0.02
9180	C	T	0.04
9190	G	T	0.04
9195	C	T	0.02
9204	A	G	0.02
9207	C	T	0.02
9214	C	T	0.02
9218	A	G	0.02
9223	C	T	0.19
9246	C	T	0.02
9274	A	G	0.02
9307	A	G	0.04
9319	C	T	0.14
9333	C	T	0.02
9357	T	C	0.02
9370	T	G	0.02
9388	G	A	0.02
9429	T	C	0.02
9430	C	A	0.04
9430	C	T	0.12
9433	A	G	0.02
9438	C	T	0.02
9454	T	C	0.02
9474	C	T	0.05
9477	T	A	0.78
9479	G	T	0.09
9491	C	T	0.02
9496	A	G	0.04
9507	A	G	0.04
9510	C	T	0.04
9511	T	C	0.02
9514	A	G	0.11
9518	T	C	0.04
9520	C	T	0.07
9534	C	A	0.02
9534	C	T	0.04
9561	C	T	0.04
9565	C	T	0.04
9584	G	T	0.02
9598	C	T	0.12
9601	G	A	0.02
9611	C	T	0.02
9634	A	T	0.02
9652	G	A	0.02
9661	C	T	0.04
9693	C	T	0.02
9697	T	C	0.02
9698	A	G	0.02
9704	TG	CT	0.02
9707	A	G	0.02
9708	T	C	0.02
9714	C	G	0.02
9721	TTTCTATTGGTTCTT	...............	0.02
9724	C	T	0.02
9733	C	T	0.02
9743	T	C	0.02
9749	A	G	0.02
9753	G	A	0.02
9758	G	A	0.04
9802	G	T	0.02
9803	C	T	0.02
9805	G	T	0.02
9836	C	T	0.02
9848	A	G	0.04
9857	C	T	0.02
9866	C	T	0.02
9874	A	G	0.02
9891	C	T	0.05
9899	AA	TT	0.02
9924	C	T	0.18
9928	G	T	0.02
9935	A	G	0.02
9951	C	T	0.04
9961	T	C	0.02
9962	C	T	0.07
9967	C	T	0.11
9968	G	A	0.04
9976	T	C	0.02
9979	C	T	0.02
9995	T	G	0.02
9996	C	T	0.02
10002	C	T	0.04
10015	C	T	0.09
10029	C	T	0.02
10036	C	T	0.05
10070	A	C	0.04
10081	A	T	0.02
10097	G	A	0.12
10116	C	T	0.02
10129	T	C	0.05
10156	C	T	0.04
10162	T	C	0.02
10188	C	T	0.53
10202	C	T	0.02
10207	C	T	0.02
10216	T	C	0.07
10228	C	T	0.04
10232	C	T	0.04
10236	A	G	0.12
10256	G	T	0.02
10256	G	A	0.02
10260	A	G	0.02
10265	G	A	0.19
10277	C	T	0.02
10279	C	T	0.02
10286	A	G	0.02
10288	T	A	0.02
10312	A	G	0.02
10317	A	G	0.02
10319	C	T	1.48
10323	A	G	0.12
10360	G	A	0.02
10368	G	A	0.02
10369	C	T	0.04
10376	C	T	0.02
10377	C	T	0.02
10394	G	T	0.02
10416	C	T	0.04
10432	C	T	0.02
10440	C	T	0.05
10450	C	T	0.02
10456	C	T	0.02
10479	A	G	0.02
10480	T	C	0.05
10507	C	T	0.07
10512	A	G	0.04
10519	C	T	0.02
10523	G	C	0.11
10524	T	C	0.02
10525	C	T	0.04
10533	G	A	0.02
10561	T	C	0.04
10572	C	T	0.02
10579	A	G	0.05
10582	C	T	0.09
10623	C	T	0.02
10626	C	T	0.14
10631	G	A	0.04
10631	G	T	0.04
10632	C	T	0.05
10635	C	T	0.02
10641	C	T	0.02
10642	G	T	0.02
10669	A	G	0.02
10670	G	C	0.02
10697	G	A	0.02
10705	G	A	0.02
10712	C	T	0.65
10714	C	T	0.02
10719	G	A	0.02
10753	G	T	0.02
10755	C	T	0.02
10761	A	G	0.23
10771	T	C	0.09
10786	A	G	0.02
10793	G	T	0.02
10811	C	T	0.02
10813	T	A	0.02
10818	C	T	0.04
10830	T	C	0.02
10844	A	G	0.02
10846	G	T	0.02
10851	C	T	0.53
10870	G	T	0.02
10874	A	G	0.02
10889	C	T	0.07
10908	C	T	0.07
10933	T	C	0.02
10948	A	G	0.12
10956	C	T	0.02
10960	T	C	0.02
10989	C	T	0.04
10995	A	G	0.02
11003	C	T	0.04
11008	C	T	0.02
11022	C	T	0.02
11042	G	T	0.02
11074	C	T	0.05
11075	.	T	0.02
11081	.	T	0.07
11083	G	C	0.02
11083	G	T	6.10
11095	C	T	0.02
11101	A	G	0.02
11102	C	T	0.04
11108	G	T	0.02
11109	C	T	0.02
11124	C	T	0.05
11138	G	T	0.02
11142	T	C	0.02
11161	G	A	0.04
11182	T	C	0.04
11191	T	A	0.02
11195	C	T	0.05
11200	C	T	0.02
11207	G	C	0.02
11217	A	G	0.02
11222	G	T	0.04
11224	C	T	0.16
11233	T	G	0.02
11270	ATGGTTGAT	.........	0.04
11274	T	.	0.02
11276	G	A	0.02
11278	.	C	0.02
11289	C	T	0.07
11291	G	A	0.02
11305	A	G	0.02
11320	T	C	0.99
11348	A	G	0.09
11365	G	T	0.04
11375	G	A	0.02
11376	G	T	0.02
11379	C	T	0.02
11401	G	T	0.04
11410	G	A	0.04
11412	C	T	0.02
11414	C	T	0.02
11417	G	T	0.27
11425	A	G	0.05
11455	C	T	0.04
11479	C	T	0.02
11515	T	A	0.02
11521	G	T	0.02
11526	T	C	0.02
11534	G	A	0.07
11535	G	T	0.12
11538	T	C	0.02
11539	T	C	0.02
11542	TTT	...	0.02
11557	G	A	0.02
11566	T	A	0.02
11585	A	G	0.02
11591	C	T	0.02
11595	A	G	0.04
11596	G	T	0.02
11609	G	A	0.02
11620	C	T	0.02
11635	T	C	0.02
11638	T	C	0.07
11653	C	T	0.02
11671	C	T	0.05
11674	C	T	0.05
11704	C	T	0.11
11725	T	C	0.02
11737	T	C	0.02
11742	A	T	0.02
11750	C	T	0.02
11752	C	T	0.02
11758	C	T	0.02
11781	A	G	0.02
11782	A	G	0.04
11789	A	G	0.02
11807	G	A	0.02
11824	C	T	0.04
11830	A	G	0.02
11832	C	T	0.02
11851	G	T	0.02
11866	C	T	0.04
11878	C	A	0.02
11893	G	T	0.02
11916	C	T	1.75
11918	T	G	0.04
11919	C	T	0.02
11937	G	A	0.02
11941	C	T	0.04
11956	C	T	0.04
11957	A	G	0.02
11959	T	C	0.02
11967	C	T	0.02
11974	T	C	0.02
12013	T	C	0.02
12014	G	A	0.02
12025	C	T	0.02
12038	G	A	0.02
12041	G	C	0.02
12045	T	C	0.02
12049	C	T	0.04
12052	G	T	0.02
12053	C	T	0.02
12068	C	T	0.02
12070	G	T	0.02
12073	C	T	0.02
12076	C	T	0.04
12079	G	C	0.02
12081	C	T	0.02
12084	C	T	0.02
12085	C	T	0.04
12102	C	T	0.02
12103	A	G	0.02
12111	G	A	0.04
12112	T	C	0.02
12115	C	T	0.05
12118	T	C	0.02
12119	C	T	0.11
12130	A	G	0.04
12132	C	T	0.02
12140	A	G	0.02
12148	A	T	0.04
12148	A	G	0.02
12153	C	T	0.02
12160	G	C	0.02
12167	G	A	0.02
12199	A	G	0.02
12202	G	C	0.02
12207	A	G	0.04
12208	G	T	0.02
12213	C	T	0.05
12242	C	T	0.02
12249	C	T	0.02
12274	G	A	0.02
12274	G	T	0.02
12298	A	G	0.02
12309	A	G	0.02
12311	G	A	0.02
12337	A	G	0.02
12355	G	C	0.02
12361	G	T	0.05
12374	C	T	0.02
12378	G	A	0.02
12400	C	T	0.02
12403	C	T	0.02
12415	C	T	0.02
12439	C	T	0.04
12459	C	T	0.02
12464	G	T	0.02
12467	G	T	0.02
12473	C	T	0.04
12478	G	A	0.92
12488	C	T	0.02
12491	G	T	0.02
12501	C	T	0.02
12511	T	C	0.02
12514	G	C	0.02
12514	G	T	0.04
12525	C	T	0.02
12530	T	C	0.02
12534	C	T	0.04
12546	C	T	0.02
12555	A	C	0.02
12572	G	T	0.02
12578	G	T	0.02
12582	G	T	0.02
12600	G	A	0.02
12613	G	A	0.02
12623	C	T	0.02
12629	T	C	0.02
12631	A	G	0.02
12651	C	T	0.04
12660	G	C	0.02
12664	C	T	0.02
12685	G	C	0.02
12704	G	T	0.02
12709	A	G	0.02
12729	C	T	0.02
12747	C	T	0.04
12750	C	T	0.02
12754	C	T	0.02
12756	C	T	0.02
12758	G	A	0.02
12773	G	T	0.02
12778	C	T	0.02
12781	C	T	0.09
12786	C	T	0.02
12787	A	G	0.07
12789	C	T	0.04
12793	G	T	0.04
12797	G	A	0.02
12809	C	T	0.18
12839	A	C	0.02
12846	C	T	0.02
12854	C	T	0.02
12859	G	A	0.02
12865	T	C	0.02
12876	C	T	0.02
12880	C	T	0.27
12890	C	T	0.02
12919	C	T	0.02
12933	C	T	0.02
12955	T	C	0.07
12970	C	T	0.07
12992	C	T	0.02
13006	T	C	0.09
13007	G	A	0.02
13019	C	T	0.07
13059	C	T	0.02
13072	C	T	0.02
13082	G	T	0.02
13115	C	T	0.02
13118	G	T	0.04
13119	C	T	0.02
13138	C	T	0.02
13147	T	C	0.02
13170	C	T	0.04
13180	T	C	0.07
13188	T	C	0.02
13225	C	T	0.02
13225	CT	GC	0.02
13261	C	T	0.02
13264	C	T	0.04
13265	A	T	0.05
13270	T	C	0.02
13297	C	T	0.04
13308	A	G	0.02
13315	A	G	0.02
13329	C	T	0.02
13335	C	T	0.02
13345	T	G	0.02
13384	C	T	0.04
13399	T	C	0.02
13419	A	T	0.02
13423	C	T	0.02
13430	C	T	0.02
13430	C	A	0.04
13435	G	A	0.04
13438	T	C	0.05
13459	G	T	0.02
13487	C	T	0.12
13495	C	T	0.02
13501	C	T	0.02
13511	C	T	0.02
13512	AGG	TTA	0.04
13512	AG	TT	0.02
13515	C	T	0.02
13517	C	T	0.11
13536	C	T	0.14
13568	C	T	0.02
13571	G	T	0.05
13592	C	T	0.02
13608	C	T	0.02
13620	C	T	0.04
13624	G	T	0.02
13627	G	T	0.23
13660	A	C	0.02
13665	C	T	0.02
13693	A	T	0.02
13721	C	T	0.02
13730	C	T	0.64
13740	C	T	0.02
13748	A	G	0.02
13755	A	G	0.02
13768	A	G	0.04
13781	T	G	0.02
13845	T	C	0.04
13860	C	T	0.02
13901	A	G	0.02
13911	C	T	0.02
13922	A	G	0.02
13929	T	C	0.07
13951	A	T	0.02
13953	A	G	0.02
13954	T	G	0.02
13975	G	A	0.02
13984	G	T	0.02
13994	C	T	0.04
14006	C	A	0.02
14012	A	T	0.02
14028	G	T	0.02
14041	A	T	0.02
14044	G	T	0.02
14073	T	C	0.23
14086	T	C	0.02
14104	T	C	0.02
14118	G	A	0.02
14126	G	A	0.05
14133	T	C	0.04
14134	C	T	0.02
14145	T	C	0.02
14152	T	C	0.02
14177	C	T	0.04
14183	C	T	0.02
14184	C	T	0.05
14186	G	T	0.11
14199	A	G	0.05
14214	C	T	0.04
14220	C	T	0.02
14224	A	G	0.02
14229	G	T	0.02
14235	C	T	0.02
14259	T	C	0.04
14262	C	T	0.02
14267	C	T	0.04
14277	G	T	0.02
14290	G	T	0.04
14313	T	C	0.02
14316	G	T	0.04
14322	C	T	0.05
14330	A	G	0.02
14349	T	A	0.02
14350	G	T	0.02
14358	C	T	0.02
14396	C	T	0.04
14407	CC	TT	0.11
14408	C	T	64.84
14429	T	A	0.02
14438	T	C	0.02
14471	C	T	0.02
14511	G	T	0.02
14514	T	C	0.02
14549	A	G	0.02
14554	C	T	0.02
14561	A	G	0.02
14580	G	T	0.02
14580	G	A	0.02
14585	C	T	0.02
14599	C	T	0.04
14604	A	G	0.05
14622	G	A	0.02
14638	G	T	0.02
14657	C	T	0.02
14676	C	T	0.04
14681	A	G	0.02
14688	C	T	0.02
14697	C	T	0.02
14712	G	A	0.09
14718	G	T	0.02
14724	C	T	0.07
14734	G	T	0.02
14747	A	G	0.02
14768	C	T	0.02
14772	G	T	0.02
14774	A	G	0.02
14785	G	A	0.02
14786	C	T	0.27
14805	C	T	4.14
14829	G	T	0.02
14836	A	G	0.02
14877	C	T	0.55
14882	A	G	0.02
14898	C	T	0.04
14912	A	G	0.16
14925	C	T	0.39
14931	C	T	0.02
14937	C	T	0.05
14940	A	G	0.02
14980	C	T	0.04
15017	C	A	0.02
15026	C	T	0.02
15033	A	C	0.02
15047	T	C	0.02
15101	C	T	0.02
15138	G	T	0.02
15147	A	G	0.02
15154	C	T	0.02
15166	T	C	0.04
15193	G	T	0.02
15205	A	G	0.02
15216	C	T	0.02
15222	C	T	0.05
15240	C	T	0.07
15243	G	T	0.04
15251	C	T	0.02
15257	A	G	0.02
15264	T	C	0.05
15265	G	A	0.02
15269	A	G	0.02
15277	C	T	0.02
15285	G	T	0.02
15324	C	T	0.80
15325	A	G	0.02
15327	G	T	0.02
15342	C	T	0.02
15346	C	T	0.02
15351	T	C	0.02
15354	T	A	0.02
15354	T	C	0.18
15366	T	C	0.11
15371	C	T	0.02
15380	G	T	0.07
15384	G	A	0.02
15384	G	T	0.02
15396	C	T	0.02
15411	T	C	0.02
15414	G	A	0.02
15429	G	A	0.02
15451	G	A	0.02
15477	A	G	0.04
15480	C	A	0.02
15480	C	T	0.07
15498	A	G	0.02
15525	C	T	0.02
15528	T	C	0.02
15540	C	T	0.25
15593	A	G	0.02
15594	G	A	0.02
15597	T	C	0.02
15607	T	C	0.02
15613	C	T	0.05
15641	A	C	0.02
15654	C	T	0.04
15668	A	G	0.02
15672	G	T	0.02
15687	G	A	0.02
15712	C	A	0.02
15720	C	T	0.11
15724	G	A	0.02
15728	T	C	0.02
15732	G	T	0.02
15738	C	T	0.04
15752	C	T	0.02
15760	G	A	0.42
15779	A	C	0.04
15780	G	A	0.02
15798	T	C	0.02
15824	C	T	0.02
15825	T	C	0.02
15842	C	T	0.02
15848	C	T	0.02
15849	T	C	0.02
15852	C	T	0.02
15869	A	T	0.04
15888	T	C	0.02
15903	A	G	0.04
15906	G	T	0.04
15910	G	T	0.02
15911	A	G	0.02
15913	G	T	0.02
15919	G	T	0.04
15922	T	C	0.04
15924	C	T	0.02
15927	T	G	0.25
15928	C	T	0.02
15951	C	T	0.02
15960	C	T	0.11
15963	C	T	0.02
15982	G	T	0.02
15983	T	A	0.04
16017	C	T	0.02
16045	C	T	0.04
16047	T	C	0.04
16049	C	T	0.02
16053	A	G	0.02
16060	A	G	0.02
16068	G	A	0.02
16073	C	T	0.02
16075	G	T	0.04
16076	A	G	0.02
16077	T	C	0.02
16084	C	T	0.07
16092	C	T	0.04
16095	A	G	0.04
16111	C	T	0.07
16157	T	A	0.02
16163	C	T	0.02
16178	C	T	0.04
16210	A	G	0.02
16240	G	A	0.02
16242	T	C	0.02
16245	G	A	0.02
16247	C	T	0.02
16260	C	T	0.55
16272	T	G	0.02
16289	C	T	0.07
16293	C	T	0.04
16299	T	C	0.02
16308	C	T	0.04
16325	G	C	0.02
16329	C	T	0.04
16376	C	T	0.05
16377	G	T	0.02
16381	G	A	0.34
16386	C	T	0.02
16387	A	T	0.04
16393	C	T	0.02
16396	G	T	0.02
16413	T	C	0.02
16419	T	C	0.02
16428	C	T	0.07
16456	T	G	0.04
16457	C	T	0.11
16466	C	T	0.07
16467	A	G	0.16
16468	C	T	0.07
16470	C	A	0.02
16534	A	G	0.02
16535	G	T	0.02
16549	G	A	0.02
16575	C	T	0.02
16605	T	C	0.02
16616	C	T	0.09
16622	G	A	0.07
16628	A	G	0.02
16641	A	G	0.02
16647	G	T	0.04
16658	C	T	0.02
16662	G	A	0.02
16679	C	T	0.02
16694	C	T	0.04
16699	C	T	0.04
16701	T	C	0.02
16707	G	T	0.02
16716	C	T	0.02
16726	C	T	0.04
16750	C	T	0.04
16762	C	T	0.55
16795	G	T	0.04
16830	C	T	0.02
16841	A	G	0.02
16846	G	A	0.02
16848	C	T	0.02
16852	G	T	0.04
16853	G	T	0.02
16858	G	T	0.05
16859	C	T	0.05
16863	T	C	0.02
16869	C	T	0.02
16877	C	T	0.02
16887	C	T	0.18
16897	G	T	0.02
16912	G	T	0.23
16917	G	T	0.02
16935	G	T	0.02
16947	A	G	0.02
16952	C	T	0.02
16957	G	T	0.02
16968	G	A	0.02
16975	G	T	0.07
16984	A	G	0.04
16985	C	T	0.02
16997	C	T	0.02
17000	C	T	0.02
17004	C	T	0.04
17010	C	A	0.18
17010	C	T	0.04
17014	G	T	0.09
17049	G	A	0.02
17058	G	A	0.02
17059	C	A	0.02
17074	C	T	0.07
17096	G	T	0.02
17104	C	T	0.12
17118	C	T	0.02
17122	G	T	0.02
17125	C	T	0.04
17141	C	A	0.02
17142	T	C	0.02
17145	C	T	0.02
17149	G	A	0.04
17158	G	A	0.02
17193	G	T	0.04
17197	G	T	0.02
17247	T	C	1.41
17249	C	T	0.02
17259	G	T	0.02
17274	C	T	0.02
17278	G	T	0.05
17280	G	T	0.02
17285	C	T	0.02
17287	A	G	0.02
17289	A	G	0.02
17296	C	A	0.02
17302	G	T	0.05
17304	C	T	0.05
17326	C	T	0.09
17331	G	T	0.02
17334	G	T	0.02
17338	G	T	0.02
17344	A	G	0.02
17347	G	T	0.02
17372	C	T	0.02
17373	C	T	0.12
17376	A	G	0.04
17397	C	T	0.04
17399	A	C	0.05
17403	C	T	0.02
17410	C	A	0.04
17410	C	T	0.09
17423	A	G	0.07
17427	G	T	0.04
17440	C	T	0.04
17470	C	T	0.12
17474	C	T	0.04
17475	T	C	0.02
17502	C	T	0.02
17521	A	G	0.02
17531	T	C	0.02
17550	C	T	0.07
17555	C	T	0.02
17562	G	T	0.02
17569	C	T	0.02
17615	A	G	0.19
17622	A	G	0.02
17631	A	G	0.02
17632	G	A	0.02
17634	C	A	0.04
17639	C	T	0.19
17649	C	T	0.02
17658	G	T	0.02
17671	G	T	0.02
17673	T	C	0.12
17676	C	T	0.04
17679	G	T	0.02
17686	G	T	0.02
17688	T	C	0.04
17690	C	T	0.07
17718	C	T	0.02
17738	C	A	0.02
17747	C	T	17.02
17766	C	T	0.07
17772	T	C	0.02
17790	G	T	0.02
17796	T	G	0.02
17799	A	G	0.05
17808	G	T	0.07
17809	A	G	0.02
17814	G	T	0.02
17815	G	A	0.02
17821	C	T	0.02
17822	C	T	0.02
17823	A	C	0.02
17825	C	T	0.02
17826	T	C	0.02
17850	C	T	0.02
17858	A	G	17.54
17874	C	T	0.02
17877	T	C	0.32
17884	A	G	0.09
17894	C	T	0.04
17898	C	T	0.04
17907	T	C	0.02
17934	C	T	0.04
17938	G	A	0.02
17944	G	T	0.09
17949	C	T	0.02
17961	A	G	0.02
17964	G	T	0.02
17964	G	A	0.02
17977	C	T	0.02
17985	C	T	0.02
17992	C	A	0.02
17993	A	G	0.02
18029	C	T	0.05
18032	C	A	0.02
18060	C	T	17.68
18086	C	T	0.07
18086	C	A	0.09
18087	T	G	0.02
18105	G	T	0.04
18106	G	T	0.02
18115	C	T	0.05
18121	A	G	0.02
18126	T	C	0.04
18129	C	T	0.02
18131	C	T	0.02
18148	G	A	0.02
18149	G	T	0.02
18153	A	G	0.02
18167	C	T	0.02
18171	C	A	0.05
18171	C	T	0.02
18176	C	T	0.02
18177	T	C	0.02
18215	G	T	0.02
18231	T	C	0.02
18255	G	T	0.07
18264	C	T	0.09
18267	C	T	0.02
18281	G	T	0.02
18314	A	G	0.02
18318	G	T	0.04
18340	G	A	0.02
18348	C	T	0.07
18377	C	T	0.04
18381	T	C	0.02
18384	T	C	0.02
18401	C	T	0.07
18411	T	C	0.02
18431	C	T	0.02
18433	G	A	0.02
18457	C	T	0.05
18469	G	T	0.02
18471	T	C	0.02
18481	C	T	0.02
18486	C	T	0.05
18508	C	T	0.02
18513	T	A	0.04
18513	T	C	0.05
18519	T	C	0.05
18555	C	T	0.04
18568	C	T	0.02
18583	G	T	0.02
18585	A	G	0.02
18589	G	T	0.02
18603	T	C	0.04
18613	T	C	0.02
18632	T	G	0.02
18647	C	T	0.04
18680	C	T	0.02
18681	C	T	0.02
18689	T	A	0.04
18705	C	T	0.02
18710	A	G	0.02
18736	T	C	3.38
18744	C	T	0.07
18756	G	T	0.02
18762	G	T	0.02
18765	T	C	0.02
18780	G	T	0.02
18781	G	A	0.11
18782	G	T	0.04
18788	C	T	0.04
18795	C	T	0.02
18796	C	T	0.02
18802	A	G	0.02
18812	A	G	0.02
18814	C	T	0.02
18828	C	T	0.02
18834	T	C	0.02
18859	G	T	0.02
18877	C	T	3.96
18894	C	T	0.02
18898	G	T	0.07
18904	C	T	0.02
18907	G	T	0.02
18929	C	T	0.04
18937	G	T	0.02
18956	A	G	0.02
18973	G	T	0.02
18975	T	A	0.02
18981	C	T	0.02
18984	G	T	0.05
18984	G	C	0.02
18985	G	T	0.05
18996	T	C	0.02
18998	C	T	1.24
19011	C	T	0.05
19015	T	A	0.02
19017	C	T	0.05
19018	C	T	0.07
19026	T	G	0.05
19029	C	T	0.02
19035	T	A	0.02
19063	C	T	0.04
19065	T	C	0.02
19071	T	A	0.04
19072	G	T	0.04
19086	G	T	0.05
19101	G	T	0.04
19118	C	T	0.04
19137	A	T	0.02
19137	A	G	0.02
19143	T	C	0.02
19155	A	G	0.02
19164	C	T	0.02
19166	A	G	0.02
19170	C	T	0.18
19175	A	C	0.02
19185	C	T	0.04
19186	C	T	0.02
19203	T	C	0.04
19217	C	T	0.02
19220	C	T	0.07
19225	T	G	0.02
19263	C	T	0.02
19264	C	T	0.02
19269	C	T	0.04
19276	G	A	0.02
19290	C	T	0.02
19325	C	T	0.02
19366	C	T	0.04
19374	C	T	0.02
19398	G	T	0.02
19453	A	C	0.02
19454	C	T	0.11
19476	A	G	0.09
19481	G	T	0.02
19488	C	T	0.05
19491	T	C	0.02
19492	A	G	0.02
19506	T	C	0.02
19509	G	A	0.07
19516	TTGTATCTCGATGCTTATAAC	.....................	0.02
19518	G	T	0.02
19518	GTA	...	0.02
19524	C	T	0.11
19525	G	T	0.02
19527	T	C	0.05
19542	G	T	0.09
19547	C	T	0.02
19554	C	T	0.02
19586	C	A	0.04
19610	C	T	0.04
19632	T	A	0.02
19645	G	T	0.09
19648	G	T	0.02
19656	G	T	0.02
19662	C	T	0.02
19684	G	T	0.90
19711	G	A	0.02
19722	A	G	0.02
19763	C	T	0.04
19783	T	C	0.02
19791	T	C	0.04
19800	G	A	0.02
19818	A	G	0.04
19821	A	G	0.04
19825	G	T	0.02
19839	T	C	0.21
19847	G	A	0.07
19854	C	T	0.02
19862	C	T	0.18
19872	G	T	0.07
19883	A	G	0.02
19884	C	T	0.04
19895	C	T	0.02
19909	T	G	0.02
19919	G	A	0.02
19952	C	T	0.02
19961	C	T	0.02
19962	G	C	0.02
19962	G	T	0.02
19962	G	A	0.02
19963	A	C	0.02
19967	G	T	0.02
19999	G	T	0.32
20002	G	T	0.05
20005	G	A	0.18
20014	G	T	0.02
20016	C	T	0.02
20030	C	T	0.02
20031	C	T	0.02
20031	C	A	0.04
20051	C	T	0.02
20056	G	A	0.02
20060	G	T	0.02
20104	C	T	0.02
20112	A	G	0.02
20115	C	T	0.04
20125	G	A	0.04
20128	G	A	0.02
20134	G	T	0.16
20138	A	G	0.04
20148	C	T	0.09
20157	T	C	0.02
20223	A	G	0.02
20233	C	T	0.02
20234	C	T	0.04
20235	C	T	0.02
20253	T	C	0.02
20256	T	C	0.02
20268	A	G	1.73
20270	C	T	0.04
20274	G	T	0.02
20275	G	T	0.05
20281	T	C	0.04
20298	A	G	0.02
20298	ATT	...	0.02
20312	C	T	0.02
20316	C	T	0.30
20320	C	T	0.02
20325	C	T	0.02
20326	G	A	0.02
20339	TTA	...	0.04
20356	G	T	0.02
20361	T	C	0.02
20371	C	A	0.02
20374	A	G	0.04
20389	C	T	0.02
20401	T	C	0.02
20402	C	T	0.04
20457	C	T	0.02
20463	A	.	0.02
20466	TG	.A	0.02
20466	TG	CA	0.02
20469	G	A	0.04
20472	A	C	0.02
20476	GG.T	CTAA	0.02
20477	G	T	0.02
20483	C	T	0.04
20527	G	A	0.02
20549	A	G	0.02
20553	A	G	0.04
20555	C	T	0.02
20572	G	T	0.04
20578	G	T	0.11
20580	G	T	0.02
20580	G	A	0.02
20603	C	T	0.02
20628	C	T	0.04
20629	C	T	0.02
20646	C	T	0.02
20667	A	G	0.02
20679	G	T	0.02
20692	C	T	0.07
20698	C	T	0.02
20703	C	T	0.04
20718	G	T	0.02
20749	G	A	0.02
20752	G	T	0.04
20755	A	C	0.39
20762	C	T	0.02
20769	T	C	0.02
20801	C	T	0.02
20810	G	T	0.02
20823	C	T	0.04
20831	C	T	0.02
20833	T	C	0.02
20844	C	T	0.02
20853	G	T	0.02
20887	G	A	0.04
20916	A	G	0.02
20931	G	T	0.04
20936	C	T	0.02
20938	C	T	0.02
20944	G	T	0.04
20951	C	T	0.02
20979	A	T	0.04
20980	G	T	0.02
20980	G	C	0.02
21005	C	T	0.04
21012	A	T	0.02
21024	T	C	0.02
21058	C	T	0.04
21072	T	C	0.02
21077	C	T	0.04
21110	C	T	0.04
21114	C	T	0.02
21123	G	T	0.05
21131	A	G	0.04
21137	A	G	0.21
21139	C	T	0.02
21144	T	C	0.02
21146	T	A	0.11
21147	T	C	0.02
21151	G	T	0.05
21158	T	C	0.04
21162	T	C	0.02
21180	T	C	0.02
21204	G	T	0.04
21219	C	T	0.02
21220	G	T	0.05
21221	C	T	0.04
21225	G	T	0.02
21231	A	G	0.02
21255	G	A	0.02
21255	G	T	0.02
21255	G	C	0.12
21267	A	G	0.02
21294	TGG	AAA	0.02
21302	C	T	0.02
21304	C	A	0.02
21304	CG	AA	0.02
21304	C	T	0.04
21305	G	A	0.02
21306	C	T	0.02
21316	G	A	0.02
21357	T	G	0.02
21364	C	T	0.02
21365	C	T	0.02
21377	C	G	0.02
21384	.	T	0.02
21386	.	T	0.02
21386	C	T	0.02
21399	G	A	0.02
21405	A	T	0.02
21410	C	T	0.02
21417	A	T	0.02
21432	T	C	0.02
21439	T	C	0.02
21440	C	T	0.02
21452	G	T	0.28
21458	T	C	0.04
21467	T	C	0.02
21562	A	T	0.02
21562	A	G	0.02
21575	C	T	0.74
21578	G	T	0.09
21584	T	G	0.05
21588	C	T	0.02
21595	C	T	0.04
21597	C	T	0.02
21604	G	T	0.07
21614	C	T	0.09
21616	T	C	0.02
21618	C	T	0.02
21625	A	G	0.02
21626	A	G	0.02
21627	C	T	0.07
21629	C	A	0.02
21635	C	T	0.02
21636	C	T	0.04
21641	G	T	0.05
21642	C	T	0.02
21643	A	C	0.04
21644	T	C	0.02
21644	T	A	0.02
21646	C	T	0.04
21648	C	T	0.11
21675	A	G	0.02
21691	C	T	0.02
21697	C	T	0.04
21707	C	T	0.11
21711	C	T	0.11
21721	C	T	0.02
21723	T	G	0.02
21724	G	C	0.02
21724	G	T	0.04
21725	T	A	0.02
21727	C	T	0.05
21732	C	T	0.02
21736	C	T	0.02
21742	C	T	0.04
21745	T	C	0.02
21765	T	G	0.02
21767	C	T	0.04
21772	C	T	0.04
21774	C	T	0.09
21777	G	A	0.02
21781	C	T	0.02
21784	T	A	0.04
21789	C	T	0.05
21793	G	C	0.02
21796	G	A	0.04
21800	G	T	0.04
21811	C	T	0.05
21819	T	C	0.02
21825	A	C	0.02
21830	G	T	0.02
21835	T	C	0.02
21838	T	C	0.02
21846	C	T	0.04
21849	A	G	0.02
21850	G	T	0.02
21893	G	A	0.02
21906	A	G	0.02
21910	C	T	0.02
21911	C	T	0.05
21917	A	G	0.02
21944	A	T	0.02
21952	C	T	0.02
21958	A	C	0.02
21968	T	C	0.02
21974	G	C	0.02
21983	TTGGGTGTTTAT	............	0.04
21986	G	A	0.02
21993	ATT	...	0.05
21995	T	C	0.07
22000	C	T	0.02
22003	A	G	0.12
22005	A	G	0.04
22007	A	T	0.02
22013	A	G	0.02
22014	G	T	0.02
22020	T	C	0.02
22021	G	T	0.05
22033	C	A	0.02
22036	A	C	0.02
22051	G	T	0.02
22054	T	C	0.05
22078	T	C	0.02
22088	C	T	0.05
22088	C	A	0.02
22092	T	A	0.02
22103	G	C	0.02
22104	G	T	0.02
22117	T	G	0.02
22120	C	T	0.05
22124	A	G	0.02
22126	T	G	0.02
22151	A	G	0.05
22183	C	T	0.04
22201	G	T	0.02
22203	G	T	0.04
22206	A	G	0.02
22207	T	C	0.02
22210	C	T	0.02
22224	C	G	0.02
22224	C	T	0.07
22225	G	A	0.02
22226	G	C	0.02
22241	G	T	0.02
22249	G	T	0.02
22278	A	G	0.02
22281	C	T	0.04
22286	C	T	0.02
22295	C	T	0.02
22296	A	G	0.02
22303	T	G	0.02
22314	C	A	0.02
22318	T	C	0.02
22323	C	T	0.05
22335	G	T	0.09
22344	G	A	0.02
22346	G	T	0.04
22346	G	A	0.07
22361	G	T	0.02
22363	G	T	0.04
22380	G	A	0.02
22417	T	C	0.02
22422	A	G	0.02
22424	G	A	0.02
22432	C	T	0.07
22435	T	C	0.02
22436	G	T	0.02
22437	C	T	0.02
22439	CT	.A	0.02
22439	C	G	0.02
22443	.	T	0.02
22444	C	T	0.11
22444	CC	AT	0.02
22446	C	A	0.02
22447	T	C	0.02
22448	C	T	0.02
22450	C	G	0.02
22450	C	T	0.85
22452	CA	GG	0.02
22455	A	G	0.02
22468	G	T	0.14
22480	C	T	0.05
22487	G	C	0.02
22498	C	T	0.02
22503	A	G	0.02
22516	T	C	0.02
22524	A	T	0.02
22525	A	G	0.02
22528	A	G	0.02
22530	C	T	0.04
22588	T	C	0.12
22604	G	T	0.02
22604	G	A	0.02
22606	A	T	0.09
22661	G	T	0.07
22666	A	G	0.02
22687	C	T	0.02
22698	G	T	0.02
22707	T	A	0.02
22708	G	T	0.02
22735	C	T	0.02
22739	A	C	0.02
22741	T	C	0.02
22745	G	A	0.04
22781	G	A	0.02
22783	C	A	0.02
22785	G	T	0.02
22798	A	G	0.02
22858	C	T	0.09
22899	G	T	0.02
22918	G	T	0.02
22939	T	C	0.05
22965	T	C	0.02
22972	T	C	0.04
22984	G	A	0.19
22986	C	T	0.02
22988	G	A	0.14
22992	G	A	0.04
23010	T	C	0.46
23012	G	C	0.02
23029	C	T	0.02
23034	C	T	0.02
23042	T	C	0.02
23086	C	T	0.07
23119	T	A	0.04
23120	G	T	0.09
23126	G	T	0.02
23147	A	G	0.02
23155	T	C	0.11
23185	C	T	0.16
23191	C	T	0.02
23202	C	T	0.02
23206	C	T	0.02
23220	C	A	0.02
23230	C	T	0.02
23235	A	G	0.02
23236	G	T	0.02
23242	G	T	0.02
23244	C	T	0.02
23271	C	T	0.04
23277	C	T	0.11
23282	G	T	0.02
23284	T	C	0.02
23305	A	C	0.02
23345	G	A	0.02
23354	A	G	0.02
23393	C	T	0.02
23401	G	A	0.02
23403	A	G	64.96
23405	G	T	0.02
23416	A	T	0.02
23423	C	T	0.04
23426	G	A	0.02
23426	G	T	0.04
23434	T	C	0.02
23439	C	T	0.04
23440	A	G	0.02
23453	C	T	0.07
23482	T	C	0.02
23491	T	A	0.02
23502	C	T	0.04
23503	A	G	0.04
23506	C	T	0.02
23516	G	A	0.02
23518	G	A	0.05
23520	C	T	0.04
23525	C	T	0.11
23536	C	T	0.02
23545	G	T	0.02
23551	C	T	0.02
23557	C	T	0.05
23565	C	T	0.02
23575	C	T	0.09
23584	T	C	0.02
23587	G	C	0.05
23589	C	T	0.04
23592	A	G	0.04
23593	G	T	0.07
23595	C	T	0.02
23597	AATTCTCCTCGGCGGGCACGTAGTGTAGCT	..............................	0.02
23599	T	C	0.02
23604	C	A	0.02
23606	C	T	0.02
23607	G	A	0.04
23613	C	T	0.04
23621	G	A	0.02
23625	C	T	0.02
23635	C	T	0.02
23638	C	T	0.02
23673	C	T	0.04
23677	T	C	0.04
23683	C	T	0.02
23707	C	T	0.05
23709	C	T	0.02
23724	G	T	0.02
23731	C	T	0.12
23733	C	A	0.05
23755	G	C	0.02
23755	G	T	0.07
23758	C	T	0.09
23848	A	G	0.02
23856	G	T	0.02
23865	C	T	0.02
23868	G	T	0.02
23876	G	A	0.02
23895	C	T	0.02
23896	C	T	0.02
23909	G	T	0.04
23927	T	G	0.02
23929	C	T	0.62
23934	C	T	0.12
23947	A	G	0.23
23952	T	G	0.02
23986	T	C	0.02
23989	A	G	0.02
23992	A	T	0.02
23996	C	T	0.02
24014	A	G	0.02
24022	T	C	0.02
24023	C	T	0.02
24034	C	T	3.57
24047	G	A	0.18
24050	G	T	0.02
24064	C	T	0.02
24069	A	C	0.02
24073	T	C	0.02
24076	T	C	0.05
24095	G	T	0.18
24096	C	A	0.12
24099	C	T	0.04
24121	A	G	0.05
24129	A	G	0.02
24130	C	T	0.02
24138	C	T	0.11
24152	T	C	0.02
24161	G	A	0.02
24170	A	G	0.02
24213	C	T	0.02
24236	G	T	0.02
24240	C	T	0.02
24292	A	G	0.02
24295	T	C	0.02
24301	G	T	0.02
24310	C	T	0.02
24325	A	G	0.05
24328	G	T	0.02
24332	G	T	0.05
24340	A	G	0.02
24348	G	T	0.04
24351	C	T	0.02
24364	T	C	0.02
24367	A	G	0.02
24368	G	T	0.07
24370	C	T	0.02
24374	C	T	0.02
24378	C	T	0.07
24381	C	T	0.04
24382	C	G	0.02
24384	C	T	0.02
24442	C	T	0.02
24520	A	G	0.02
24565	T	C	0.02
24566	C	G	0.02
24584	GTG	ACA	0.02
24621	C	T	0.02
24643	T	A	0.02
24667	A	G	0.02
24694	A	T	1.80
24700	C	T	0.02
24725	T	G	0.02
24736	T	C	0.02
24736	T	G	0.02
24749	T	C	0.02
24755	G	T	0.04
24757	G	T	0.02
24784	C	T	0.02
24794	G	T	0.04
24795	C	T	0.12
24797	C	T	0.02
24815	G	C	0.02
24832	T	C	0.02
24844	C	T	0.04
24862	A	G	0.11
24863	C	T	0.04
24872	G	T	0.02
24877	A	G	0.02
24896	C	T	0.02
24904	C	T	0.02
24913	A	T	0.04
24914	G	C	0.02
24919	C	T	0.04
24921	C	T	0.02
24922	A	G	0.02
24926	G	T	0.02
24928	G	T	0.02
24933	G	T	0.28
24952	A	G	0.02
24956	A	G	0.02
24977	G	T	0.02
24982	T	C	0.53
24985	G	T	0.02
24998	G	C	0.02
25000	C	T	0.04
25012	G	A	0.11
25046	C	T	0.04
25047	C	T	0.04
25050	A	G	0.04
25060	A	G	0.02
25061	G	A	0.02
25064	G	C	0.02
25088	G	T	0.02
25094	A	G	0.02
25096	C	T	0.04
25135	G	T	0.02
25137	A	C	0.02
25145	G	C	0.04
25156	C	T	0.02
25182	A	C	0.02
25207	C	T	0.04
25214	C	T	0.02
25217	G	T	0.02
25218	G	T	0.02
25244	G	T	0.02
25249	G	T	0.02
25250	G	T	0.04
25252	G	A	0.02
25273	G	C	0.02
25275	C	T	0.02
25276	C	T	0.02
25284	G	A	0.02
25297	G	T	0.02
25302	G	T	0.02
25304	T	C	0.02
25305	G	T	0.02
25315	A	G	0.04
25337	G	C	0.04
25339	C	T	0.07
25340	G	A	0.05
25350	C	T	0.27
25352	G	T	0.02
25386	C	T	0.04
25412	T	C	0.02
25416	CACAATTGG	.........	0.02
25418	C	T	0.02
25418	C	A	0.07
25429	G	T	0.14
25430	T	C	0.02
25437	G	T	0.07
25440	G	A	0.02
25442	A	G	0.02
25445	G	T	0.02
25449	A	G	0.04
25452	C	T	0.04
25456	G	T	0.04
25466	C	T	0.02
25469	C	T	0.02
25471	G	T	0.05
25471	G	C	0.04
25473	T	C	0.07
25476	T	C	0.02
25487	C	T	0.02
25489	G	T	0.02
25494	G	T	0.04
25496	T	C	0.02
25498	CCGATA	......	0.04
25500	G	T	0.32
25511	C	T	0.02
25513	C	T	0.02
25516	C	T	0.02
25520	T	A	0.05
25521	C	T	0.07
25523	G	T	0.14
25525	T	A	0.12
25528	C	T	0.04
25534	G	T	0.12
25536	T	C	0.02
25539	C	T	0.02
25540	G	A	0.02
25541	T	C	0.05
25543	G	T	0.02
25546	C	A	0.02
25549	C	T	0.05
25551	T	C	0.02
25552	G	T	0.02
25554	T	G	0.02
25559	T	G	0.04
25563	G	T	49.51
25568	C	T	0.04
25572	C	T	0.14
25575	A	C	0.02
25584	C	T	0.02
25587	C	T	0.04
25593	G	C	0.04
25598	G	T	0.02
25606	G	T	0.02
25609	C	T	0.04
25614	C	T	0.05
25615	A	G	0.02
25624	C	T	0.05
25641	G	C	0.07
25644	G	T	0.09
25647	G	T	0.02
25653	T	C	0.02
25655	T	C	0.19
25660	G	T	0.04
25669	C	T	0.04
25671	C	T	0.02
25676	T	C	0.02
25677	G	T	0.04
25687	G	A	0.02
25687	G	T	0.04
25688	C	A	0.04
25688	C	T	0.09
25691	G	T	0.02
25693	C	T	0.02
25702	C	T	0.04
25708	C	T	0.02
25710	C	T	0.04
25714	C	T	0.04
25726	G	T	0.02
25728	C	T	0.02
25731	C	T	0.02
25740	G	T	0.02
25757	G	A	0.04
25759	A	G	0.02
25767	G	T	0.02
25770	G	T	0.02
25771	C	A	0.02
25775	G	T	0.04
25782	C	T	0.02
25785	G	C	0.02
25785	G	T	0.02
25792	C	T	0.02
25793	G	T	0.04
25795	T	C	0.02
25803	C	T	0.02
25806	A	T	0.02
25810	C	A	0.04
25810	C	T	0.05
25812	T	C	0.02
25821	C	T	0.02
25831	C	T	0.02
25838	G	T	0.02
25844	C	T	0.04
25847	A	G	0.02
25850	G	A	0.02
25853	A	G	0.02
25854	C	T	0.02
25855	G	T	0.05
25864	A	G	0.16
25865	T	C	0.02
25884	TTC	AAT	0.02
25886	C	T	0.05
25904	C	T	0.09
25906	G	T	0.04
25916	C	T	0.16
25927	A	G	0.02
25931	C	T	0.02
25944	C	T	0.02
25946	A	T	0.02
25954	G	T	0.02
25956	T	C	0.02
25959	T	C	0.02
25962	T	G	0.02
25963	G	A	0.02
25971	G	T	0.02
25976	C	A	0.39
25978	G	A	0.02
25979	G	T	0.74
25980	A	C	0.04
25993	G	A	0.02
26013	C	T	0.04
26022	C	T	0.04
26028	C	T	0.02
26032	C	T	0.02
26035	T	C	0.02
26037	C	T	0.05
26038	T	C	0.04
26045	A	G	0.19
26048	T	C	0.02
26055	A	G	0.02
26057	A	G	0.02
26058	C	T	0.02
26060	C	T	0.02
26062	G	T	0.02
26063	G	T	0.04
26078	C	T	0.02
26088	C	T	0.23
26094	T	C	0.04
26101	G	T	0.02
26104	G	A	0.02
26106	T	G	0.02
26108	A	G	0.02
26109	G	T	0.02
26111	C	T	0.04
26114	A	T	0.02
26124	C	T	0.07
26130	T	C	0.04
26143	G	T	0.04
26144	G	T	3.68
26152	G	A	0.14
26157	TGT	...	0.02
26158	G	T	0.02
26159	TTA	...	0.02
26172	G	A	0.04
26173	G	A	0.02
26176	C	T	0.04
26177	C	T	0.04
26181	T	G	0.02
26182	T	C	0.02
26191	C	T	0.02
26199	G	T	0.02
26204	C	T	0.02
26209	G	T	0.02
26211	G	T	0.11
26227	G	T	0.02
26233	G	T	1.13
26256	C	T	0.04
26263	G	C	0.02
26266	G	A	0.02
26270	C	T	0.02
26271	A	T	0.02
26299	C	T	0.02
26313	C	T	0.04
26319	A	G	0.02
26326	C	T	0.04
26354	T	A	0.02
26359	T	A	0.02
26365	G	T	0.02
26372	G	T	0.02
26389	G	T	0.04
26433	A	G	0.21
26434	A	G	0.02
26447	C	T	0.02
26447	C	G	0.02
26447	C	A	0.02
26456	C	T	0.04
26458	G	T	0.02
26461	C	T	0.02
26464	C	T	0.02
26466	G	A	0.04
26509	C	T	0.02
26511	T	G	0.02
26526	G	T	0.04
26527	C	T	0.04
26530	A	G	0.53
26533	C	T	0.02
26567	G	A	0.02
26596	G	T	0.02
26601	C	T	0.02
26606	C	T	0.02
26625	C	T	0.25
26642	C	A	0.02
26677	T	C	0.02
26681	C	T	0.11
26690	G	T	0.18
26709	G	A	0.02
26713	G	T	0.02
26717	T	C	0.02
26720	G	C	0.07
26727	G	T	0.04
26728	C	T	0.02
26729	T	C	3.50
26730	G	A	0.12
26730	G	T	0.11
26735	C	T	0.46
26744	T	C	0.02
26750	C	T	0.02
26756	T	A	0.02
26768	C	T	0.07
26769	G	T	0.02
26775	G	T	0.04
26801	C	G	0.02
26801	C	T	0.05
26819	T	C	0.02
26840	G	T	0.02
26842	G	T	0.02
26849	G	T	0.02
26864	A	T	0.02
26864	A	G	0.09
26873	C	T	0.02
26882	C	T	0.05
26885	C	T	0.07
26895	C	T	0.02
26907	C	T	0.02
26909	G	T	0.02
26912	C	T	0.02
26918	GC	CA	0.02
26918	G	T	0.02
26921	T	G	0.02
26929	G	A	0.02
26934	C	A	0.02
26936	C	T	0.25
26985	C	T	0.04
26995	G	T	0.04
27005	C	T	0.11
27011	C	T	0.02
27014	G	T	0.02
27046	C	T	0.41
27056	T	C	0.02
27059	C	T	0.02
27074	G	A	0.02
27090	G	A	0.02
27092	C	T	0.02
27098	T	G	0.02
27131	C	T	0.02
27147	G	T	0.02
27163	G	T	0.04
27167	C	T	0.02
27171	A	G	0.02
27200	A	G	0.07
27208	C	T	0.02
27211	C	A	0.02
27213	C	T	0.12
27217	G	T	0.02
27222	T	C	0.02
27225	G	T	0.02
27226	G	T	0.02
27246	A	.	0.02
27248	.	C	0.02
27255	T	G	0.02
27263	C	T	0.02
27265	TTTAAAGTTTCCATTTGGAATCTTGAT	...........................	0.04
27272	T	C	0.02
27276	C	T	0.04
27281	G	T	0.04
27285	T	C	0.02
27299	T	C	0.27
27302	A	G	0.02
27327	G	T	0.21
27338	A	G	0.04
27340	A	C	0.02
27341	A	C	0.02
27341	A	G	0.02
27342	T	G	0.02
27344	A	G	0.02
27347	A	G	0.02
27358	G	T	0.02
27364	G	T	0.02
27371	C	T	0.11
27372	A	T	0.02
27381	TGAT	....	0.02
27382	G	T	0.04
27384	T	C	0.69
27387	A	.	0.02
27389	C	T	0.02
27397	A	G	0.02
27398	A	G	0.02
27404	TTCTTTTCTTGGCACTGATAACACTCGCTACTTGTGAGCTTTATCACTACCAAGAGTGTGTTAGAGGTACAACAGTACTTT	.................................................................................	0.02
27408	T	C	0.02
27416	C	T	0.05
27421	A	G	0.02
27425	C	T	0.02
27431	C	T	0.02
27434	C	T	0.02
27447	T	C	0.04
27463	G	T	0.02
27474	A	G	0.02
27498	C	T	0.02
27503	C	T	0.02
27506	G	C	0.04
27513	C	T	0.02
27515	A	G	0.02
27525	A	G	0.21
27527	C	T	0.04
27532	C	T	0.02
27534	T	C	0.02
27535	C	T	0.02
27544	G	A	0.02
27546	T	C	0.02
27549	C	T	0.04
27559	C	T	0.04
27560	T	C	0.02
27561	G	T	0.02
27575	C	T	0.02
27577	C	T	0.05
27593	G	A	0.02
27600	C	T	0.04
27603	C	T	0.07
27604	G	A	0.05
27610	C	T	0.02
27619	C	T	0.02
27625	C	T	0.02
27630	C	T	0.11
27634	T	C	0.04
27635	C	T	1.34
27640	T	G	0.02
27641	C	T	0.02
27654	C	T	0.04
27670	G	T	0.04
27673	C	A	0.02
27673	C	T	0.02
27675	A	C	0.02
27679	C	T	0.02
27684	C	T	0.02
27688	C	T	0.07
27689	C	T	0.02
27698	T	G	0.05
27702	TGTTGCGGCAATAGTGTTTATAACACTTTGCTTCACACTC	........................................	0.02
27703	G	T	0.04
27707	C	T	0.02
27715	G	T	0.02
27722	T	C	0.04
27741	C	T	0.02
27770	A	G	0.02
27794	T	C	0.02
27804	C	T	0.05
27806	G	A	0.02
27807	C	T	0.02
27812	C	T	0.02
27821	A	G	0.02
27832	T	C	0.02
27838	T	A	0.02
27847	C	T	0.23
27849	C	T	0.02
27863	T	C	0.04
27869	T	C	0.14
27874	C	T	0.05
27877	G	T	0.11
27879	C	T	0.02
27895	T	C	0.02
27906	G	T	0.04
27915	G	A	0.09
27922	T	C	0.02
27924	A	G	0.09
27925	C	T	0.02
27928	C	A	0.02
27938	A	G	0.02
27944	C	T	0.02
27956	T	C	0.02
27964	C	T	6.72
27987	G	T	0.07
27989	A	G	0.02
27996	G	T	0.02
27999	C	T	0.05
28001	G	T	0.05
28005	C	T	0.02
28027	G	T	0.04
28043	A	G	0.02
28044	G	T	0.04
28061	T	C	0.02
28077	G	T	0.07
28077	G	C	3.50
28081	A	G	0.02
28086	G	T	0.19
28087	C	T	0.02
28089	G	T	0.02
28090	GTTCTA	......	0.02
28093	C	T	0.07
28099	C	T	0.32
28135	T	C	0.04
28144	T	C	23.81
28151	T	C	0.02
28191	G	T	0.02
28199	T	C	0.02
28202	G	T	0.04
28202	G	A	0.02
28204	T	C	0.02
28210	A	G	0.02
28221	G	C	0.02
28222	A	G	0.07
28229	T	G	0.04
28233	G	T	0.02
28250	T	G	0.02
28253	C	T	0.02
28254	A	T	0.02
28254	A	.	0.05
28259	A	G	0.02
28268	A	G	0.02
28280	G	T	0.02
28283	A	G	0.02
28289	C	A	0.02
28300	G	T	0.02
28308	C	T	0.02
28310	C	A	0.02
28311	C	T	1.06
28321	G	A	0.05
28332	C	T	0.04
28333	C	T	0.02
28337	G	T	0.04
28338	A	G	0.23
28340	T	A	0.02
28344	C	T	0.02
28346	GG	TT	0.02
28369	C	T	0.02
28373	G	T	0.02
28376	G	A	0.02
28378	G	T	0.14
28389	A	G	0.02
28391	C	T	0.02
28392	G	T	0.02
28393	T	C	0.02
28396	G	A	0.02
28399	C	T	0.02
28409	C	T	0.02
28435	C	T	0.02
28451	G	C	0.02
28453	C	T	0.05
28472	C	T	0.04
28480	A	T	0.07
28514	G	T	0.02
28516	T	C	0.02
28519	C	T	0.35
28528	C	T	0.02
28531	C	T	0.02
28539	G	T	0.02
28541	G	A	0.02
28541	G	T	0.02
28550	C	A	0.04
28557	G	T	0.02
28582	T	C	0.04
28603	C	T	0.05
28606	C	T	0.02
28629	C	T	0.05
28638	C	T	0.05
28646	G	A	0.02
28648	T	C	0.11
28651	C	T	0.02
28655	G	T	0.04
28657	C	T	0.80
28677	C	T	0.02
28680	A	G	0.02
28688	T	C	0.74
28690	G	T	0.07
28693	T	C	0.02
28695	C	T	0.02
28697	C	T	0.04
28703	G	C	0.02
28703	G	T	0.04
28708	C	T	0.07
28709	A	T	0.04
28717	C	T	0.02
28720	C	T	0.04
28727	G	T	0.04
28739	G	T	0.05
28760	C	A	0.02
28770	C	T	0.02
28775	C	T	0.04
28792	A	T	0.02
28811	A	G	0.02
28812	G	T	0.23
28821	C	A	0.57
28824	C	T	0.02
28826	C	T	0.21
28827	G	T	0.04
28830	C	T	0.04
28833	C	T	0.04
28835	T	C	0.07
28836	C	T	0.09
28841	A	G	0.02
28842	G	T	0.18
28845	G	T	0.04
28846	C	T	0.04
28848	A	G	0.02
28849	C	T	0.05
28851	G	T	0.04
28851	G	C	0.04
28854	C	T	0.39
28857	G	T	0.04
28858	A	G	0.11
28861	T	C	0.04
28863	C	T	0.76
28866	C	T	0.02
28871	G	A	0.04
28873	C	T	0.04
28878	G	A	0.51
28881	GGG	AAC	7.25
28881	G	T	0.02
28881	G	A	0.07
28882	G	T	0.04
28885	A	G	0.05
28887	C	T	0.28
28890	C	T	0.02
28895	G	T	0.02
28896	C	G	0.92
28899	G	T	0.05
28899	G	C	0.02
28903	G	T	0.02
28904	G	T	0.02
28907	G	T	0.02
28908	G	T	0.02
28915	C	T	0.04
28916	G	A	0.02
28921	T	C	0.02
28922	G	T	0.02
28924	T	C	0.18
28930	T	C	0.05
28931	G	A	0.02
28948	C	T	0.02
28955	A	T	0.02
28957	C	T	0.02
28961	C	T	0.02
28963	T	A	0.02
28968	GC	CT	0.02
28968	G	T	0.05
28969	C	A	0.02
28975	G	T	0.05
28976	T	C	0.02
28980	G	T	0.02
28985	G	T	0.05
29002	C	T	0.02
29008	T	C	0.02
29012	A	G	0.02
29013	C	T	0.04
29025	C	T	0.02
29027	G	T	0.02
29028	C	T	0.04
29029	T	C	0.02
29037	C	T	0.02
29045	C	T	0.02
29051	C	G	0.02
29077	C	T	0.02
29085	C	T	0.07
29095	C	T	0.23
29112	A	T	0.04
29119	C	T	0.05
29128	T	C	0.02
29140	G	T	0.02
29144	C	T	0.02
29148	T	C	0.27
29162	G	T	0.02
29167	C	T	0.02
29176	G	T	0.02
29188	A	T	0.44
29194	T	C	0.02
29200	C	T	0.07
29206	T	C	0.05
29210	G	T	0.02
29211	C	T	0.02
29212	G	T	0.11
29218	C	T	0.02
29230	C	T	0.02
29239	G	A	0.02
29245	C	T	0.02
29250	C	T	0.09
29253	C	T	0.14
29254	G	T	0.05
29259	C	T	0.02
29260	G	A	0.04
29260	G	T	0.04
29262	G	T	0.02
29272	C	T	0.02
29274	C	T	0.02
29282	A	T	0.02
29291	G	A	0.04
29292	A	G	0.02
29296	C	T	0.07
29301	A	T	0.02
29302	T	C	0.02
29303	C	T	0.04
29308	T	C	0.02
29311	C	T	0.04
29315	G	T	0.04
29323	C	T	0.02
29347	C	T	0.04
29353	C	T	0.32
29355	A	T	0.02
29355	A	G	0.02
29359	A	T	0.02
29362	C	T	0.02
29364	C	T	0.05
29364	C	G	0.02
29366	C	T	0.02
29370	C	T	0.02
29374	G	A	0.02
29382	A	T	0.02
29383	G	A	0.02
29402	G	T	0.02
29403	A	G	0.02
29409	C	T	0.02
29410	T	C	0.07
29413	A	T	0.02
29415	C	T	0.04
29416	C	T	0.02
29421	C	T	0.05
29422	G	A	0.02
29422	G	T	0.02
29429	C	A	0.02
29431	G	T	0.02
29440	GCAAACTGT	.........	0.02
29440	G	A	0.02
29445	C	T	0.05
29449	G	T	0.02
29451	C	T	0.21
29452	T	C	0.02
29460	C	A	0.02
29462	G	T	0.04
29463	C	T	0.02
29465	G	T	0.02
29466	C	T	0.02
29470	T	A	0.02
29473	G	A	0.02
29474	G	T	0.02
29477	G	T	0.02
29509	C	T	0.02
29511	G	T	0.02
29515	T	A	0.02
29520	C	T	0.02
29524	T	A	0.02
29527	G	A	0.05
29530	C	T	0.05
29540	G	A	1.24
29540	G	T	0.02
29541	C	T	0.02
29543	G	C	0.02
29543	G	T	0.04
29545	C	T	0.05
29546	C	T	0.02
29546	C	A	0.02
29548	C	A	0.04
29551	A	G	0.02
29553	G	A	3.20
29557	G	T	0.02
29563	C	T	0.02
29567	A	C	0.37
29568	.	T	0.02
29573	G	A	0.02
29614	C	T	0.12
29616	G	A	0.02
29625	C	T	0.05
29627	C	T	0.04
29628	G	T	0.04
29633	T	C	0.02
29635	C	T	0.05
29640	C	T	0.05
29642	C	T	0.02
29645	G	T	0.02
29648	G	T	0.02
29666	C	T	0.05
29667	T	C	0.02
29668	C	T	0.02
29670	C	T	0.02
29675	C	.	0.55
29683	A	T	0.04
29686	C	T	0.02
29688	G	T	0.12
29690	G	T	0.02
29692	G	T	0.02
29695	A	G	0.02
29697	AT	GA	0.02
29697	ATT	...	0.02
29700	A	G	3.45
29701	G	C	0.02
29705	G	T	0.02
29706	G	T	0.04
29708	C	T	0.09
29711	G	T	1.89
29712	A	.	0.02
29715	.	A	0.02
29718	C	T	0.02
29722	C	T	0.04
29724	C	T	0.02
29725	A	G	0.04
29728	TTC	GGG	0.02
29729	TCACCGAGGCCACGCGGAG	...................	0.02
29732	CC	GA	0.02
29733	C	T	0.11
29734	G	C	0.27
29735	AG	CT	0.02
29736	G	T	0.07
29737	G	C	0.02
29739	C	T	0.09
29740	A	T	0.02
29741	C	T	0.02
29742	G	T	0.69
29742	G	A	0.48
29743	C	T	0.02
29743	.	A	0.02
29744	GGAGTACGATCGAGT	...............	0.02
29747	G	A	0.04
29747	GTACGATC	........	0.02
29750	C	T	0.07
29750	CGATCGAGTG	..........	0.02
29751	G	C	0.05
29751	G	T	0.04
29754	C	T	0.02
29758	T	C	0.02
29761	AC	..	0.04
29762	CAGTG	.....	0.02
29764	G	T	0.02
29764	GTG	...	0.02
29766	GAACAATGCTA	...........	0.02
29768	A	C	0.02
29769	C	T	0.07
29771	A	C	0.02
29773	G	T	0.02
29774	C	T	0.11
29775	.	A	0.02
29776	A	T	0.02
29777	G	T	0.02
29779	G	T	0.04
29783	G	T	0.02
29792	A	G	0.02
29793	T	C	0.02
29804	T	C	0.02
29808	G	T	0.02
29810	G	A	0.02
29811	T	C	0.02
29813	A	G	0.02
29817	T	G	0.02
29822	.	T	0.04
29822	T	C	0.02
29824	A	G	0.02
29824	A	C	0.02
29837	C	T	0.02
29838	C	T	0.04
29844	AT	GG	0.02
29845	TT	GA	0.02
29847	TT	GG	0.02
29853	.	V	0.02
29857	C	T	0.02
29861	G	A	0.04
29861	GG	AA	0.05
29862	G	A	0.23
29864	GAA	TCT	0.02
29864	G	.	0.02
29864	G	A	0.48
29865	A	G	0.04
29865	A	C	0.02
29865	A	.	0.02
29866	A	G	0.09
29866	A	T	0.02
29866	A	C	0.02
29867	T	A	0.11
29867	TG	AA	0.88
29867	TG	.A	0.04
29868	G	A	0.09
29868	G	T	0.02
29868	GA	..	0.04
29868	GA	CT	0.11
29868	G	C	0.12
29869	A	G	0.02
29869	AC	..	0.02
29869	A	C	0.02
29869	A	T	0.27
29869	.	C	0.02
29870	C	G	0.05
29870	C	A	1.70
29870	C	.	0.04
29870	CA	TG	0.02
29871	.	A	0.02
29871	A	G	0.04
29872	AA	GT	0.02
29872	AAA	TTT	0.02
29874	A	C	0.02
29874	A	T	0.02
29880	A	C	0.02
29880	.	C	0.02
29884	A	G	0.02
29884	A	C	0.02
29886	.	C	0.02
29888	A	G	0.02
29897	A	C	0.02
